date,temperature,humidity,pressure,wind_speed,rain,pm10,pm2_5,carbon_monoxide,nitrogen_dioxide,sulphur_dioxide,ozone,AQI,year,month,day,day_of_week,day_of_year,weekend,AQI_lag_1,AQI_lag_2,AQI_lag_3,AQI_3day_mean,AQI_7day_mean,rain_flag,temp_humidity
2022-08-11,29.4,86,993.9,16.3,28.8,122.84583333333332,83.28750000000001,1163.0416666666667,49.07083333333333,52.00833333333333,146.29166666666666,200.41666666666663,2022,8,11,3,223,0,157.66666666666666,152.5,176.75,170.19444444444443,142.95426065162906,1,2528.4
2022-08-12,28.1,86,994.5,24.4,82.7,49.29166666666666,31.21666666666667,605.75,34.49166666666667,32.987500000000004,82.20833333333333,138.375,2022,8,12,4,224,0,200.41666666666663,157.66666666666666,152.5,165.4861111111111,150.97023809523807,1,2416.6
2022-08-13,27.2,87,997.3,17.1,21.2,48.94166666666667,32.1375,704.0,35.56666666666667,49.34583333333333,94.0,99.75,2022,8,13,5,225,1,138.375,200.41666666666663,157.66666666666666,146.18055555555554,153.24404761904762,1,2366.4
2022-08-14,27.5,84,997.3,17.6,43.0,39.90833333333333,24.97083333333333,475.9166666666667,20.325,27.83333333333333,99.5,105.08333333333331,2022,8,14,6,226,1,99.75,138.375,200.41666666666663,114.40277777777776,147.22023809523807,1,2310.0
2022-08-15,27.7,87,999.2,12.5,32.0,38.45,25.370833333333334,678.125,47.37916666666666,53.9125,58.875,79.54166666666667,2022,8,15,0,227,0,105.08333333333331,99.75,138.375,94.79166666666669,133.33333333333331,1,2409.9
2022-08-16,27.6,87,1000.6,8.4,11.1,43.645833333333336,28.066666666666663,644.25,39.54166666666666,38.458333333333336,70.70833333333333,77.95833333333333,2022,8,16,1,228,0,79.54166666666667,105.08333333333331,99.75,87.52777777777777,122.6845238095238,1,2401.2000000000003
2022-08-17,27.9,88,999.3,20.0,19.1,28.791666666666668,19.054166666666667,435.0416666666667,21.5125,18.7625,81.375,79.54166666666667,2022,8,17,2,229,0,77.95833333333333,79.54166666666667,105.08333333333331,79.0138888888889,111.52380952380952,1,2455.2
2022-08-18,27.8,87,999.0,29.0,9.6,42.03333333333333,22.23333333333333,271.5,13.645833333333334,11.458333333333334,47.875,66.70833333333333,2022,8,18,3,230,0,79.54166666666667,77.95833333333333,79.54166666666667,74.7361111111111,92.42261904761904,1,2418.6
2022-08-19,27.5,87,1000.3,28.4,0.8,46.5125,22.1,234.125,12.4,11.1375,35.208333333333336,73.45833333333333,2022,8,19,4,231,0,66.70833333333333,79.54166666666667,77.95833333333333,73.2361111111111,83.14880952380952,1,2392.5
2022-08-20,27.6,87,1001.5,22.9,1.8,49.39166666666667,22.729166666666668,275.9583333333333,13.166666666666666,13.683333333333332,44.125,71.70833333333333,2022,8,20,5,232,1,73.45833333333333,66.70833333333333,79.54166666666667,70.62499999999999,79.14285714285714,1,2401.2000000000003
2022-08-21,27.7,87,1001.3,22.4,2.4,53.56666666666666,24.104166666666668,314.0,14.854166666666666,16.220833333333335,48.54166666666666,74.16666666666667,2022,8,21,6,233,1,71.70833333333333,73.45833333333333,66.70833333333333,73.1111111111111,74.72619047619048,1,2409.9
2022-08-22,27.8,85,1000.8,18.7,0.5,55.3375,24.116666666666664,307.125,13.975,14.3375,53.29166666666666,74.91666666666667,2022,8,22,0,234,0,74.16666666666667,71.70833333333333,73.45833333333333,73.59722222222223,74.06547619047618,1,2363.0
2022-08-23,27.2,86,1000.6,18.4,3.2,52.99583333333334,23.854166666666668,358.0833333333333,16.650000000000002,16.541666666666668,47.66666666666666,75.83333333333333,2022,8,23,1,235,0,74.91666666666667,74.16666666666667,71.70833333333333,74.97222222222223,73.76190476190477,1,2339.2
2022-08-24,27.2,84,1001.4,23.6,12.8,56.2,25.383333333333336,296.0,15.275,12.8,42.91666666666666,76.66666666666667,2022,8,24,2,236,0,75.83333333333333,74.91666666666667,74.16666666666667,75.80555555555556,73.35119047619047,1,2284.8
2022-08-25,28.0,81,1002.0,25.7,0.0,58.25416666666666,26.9875,254.5,11.9875,11.029166666666669,51.16666666666666,80.5,2022,8,25,3,237,0,76.66666666666667,75.83333333333333,74.91666666666667,77.66666666666667,75.32142857142857,0,2268.0
2022-08-26,27.4,81,1004.2,20.2,0.1,60.49583333333334,27.383333333333336,278.5833333333333,13.5875,13.225,54.333333333333336,82.875,2022,8,26,4,238,0,80.5,76.66666666666667,75.83333333333333,80.0138888888889,76.66666666666667,1,2219.4
2022-08-27,27.1,81,1005.3,20.7,0.4,50.5,23.95,283.0416666666667,13.116666666666667,12.829166666666666,52.833333333333336,79.16666666666667,2022,8,27,5,239,1,82.875,80.5,76.66666666666667,80.84722222222223,77.73214285714286,1,2195.1
2022-08-28,27.3,79,1004.6,22.7,0.7,41.18333333333333,20.541666666666668,251.75,10.945833333333333,10.629166666666666,56.375,72.29166666666667,2022,8,28,6,240,1,79.16666666666667,82.875,80.5,78.11111111111111,77.46428571428571,1,2156.7000000000003
2022-08-29,27.3,79,1006.6,17.4,0.1,43.75833333333333,21.97083333333333,308.9583333333333,14.6625,13.3125,54.5,68.0,2022,8,29,0,241,0,72.29166666666667,79.16666666666667,82.875,73.15277777777779,76.47619047619048,1,2156.7000000000003
2022-08-30,27.4,82,1008.3,11.3,0.0,47.275,23.479166666666668,391.5,19.3375,17.533333333333335,54.91666666666666,74.375,2022,8,30,1,242,0,68.0,72.29166666666667,79.16666666666667,71.55555555555556,76.26785714285714,0,2246.8
2022-08-31,27.3,85,1007.3,12.9,0.0,40.59583333333333,20.55,359.2916666666667,16.979166666666668,16.670833333333334,58.625,71.70833333333333,2022,8,31,2,243,0,74.375,68.0,72.29166666666667,71.3611111111111,75.55952380952381,0,2320.5
2022-09-01,27.6,84,1006.2,20.3,0.5,30.870833333333334,16.2375,290.625,13.029166666666669,12.679166666666667,52.41666666666666,62.91666666666666,2022,9,1,3,244,0,71.70833333333333,74.375,68.0,69.66666666666667,73.04761904761905,1,2318.4
2022-09-02,27.7,83,1007.3,16.6,0.2,37.5875,19.216666666666665,362.25,16.349999999999998,16.329166666666666,60.375,61.708333333333336,2022,9,2,4,245,0,62.91666666666666,71.70833333333333,74.375,65.44444444444444,70.02380952380953,1,2299.1
2022-09-03,27.7,82,1006.6,22.0,0.5,35.12916666666667,19.079166666666666,298.2083333333333,11.720833333333331,12.35,51.875,63.375,2022,9,3,5,246,1,61.708333333333336,62.91666666666666,71.70833333333333,62.66666666666666,67.76785714285714,1,2271.4
2022-09-04,27.6,80,1004.3,32.4,0.2,51.92916666666667,28.59583333333333,274.0416666666667,10.020833333333334,9.9375,49.91666666666666,74.83333333333333,2022,9,4,6,247,1,63.375,61.708333333333336,62.91666666666666,66.63888888888889,68.13095238095238,1,2208.0
2022-09-05,27.6,78,1004.3,25.7,0.5,41.65833333333333,21.433333333333334,258.2916666666667,10.8875,11.354166666666666,56.04166666666666,80.04166666666667,2022,9,5,0,248,0,74.83333333333333,63.375,61.708333333333336,72.75,69.85119047619047,1,2152.8
2022-09-06,27.4,79,1005.8,15.9,0.0,44.05,23.641666666666666,354.7083333333333,16.416666666666668,17.4875,64.20833333333333,71.95833333333333,2022,9,6,1,249,0,80.04166666666667,74.83333333333333,63.375,75.6111111111111,69.50595238095238,0,2164.6
2022-09-07,27.0,85,1007.6,12.7,0.0,43.0875,23.83333333333333,480.625,23.60833333333333,23.379166666666663,61.208333333333336,74.33333333333333,2022,9,7,2,250,0,71.95833333333333,80.04166666666667,74.83333333333333,75.44444444444444,69.88095238095238,0,2295.0
2022-09-08,27.7,84,1008.0,12.7,0.0,60.65416666666667,36.36666666666667,766.875,34.729166666666664,33.11666666666667,94.79166666666669,109.04166666666669,2022,9,8,3,251,0,74.33333333333333,71.95833333333333,80.04166666666667,85.1111111111111,76.4702380952381,0,2326.8
2022-09-09,29.7,77,1005.8,14.4,0.0,83.34166666666667,52.87916666666666,798.375,31.3,29.929166666666664,122.16666666666669,141.33333333333334,2022,9,9,4,252,0,109.04166666666669,74.33333333333333,71.95833333333333,108.23611111111111,87.8452380952381,0,2286.9
2022-09-10,30.9,72,1004.1,12.9,0.0,126.83333333333331,84.8625,1069.4583333333333,38.97916666666666,36.55416666666667,165.29166666666666,192.91666666666663,2022,9,10,5,253,1,141.33333333333334,109.04166666666669,74.33333333333333,147.76388888888889,106.35119047619048,0,2224.8
2022-09-11,29.6,78,1002.4,16.0,0.0,64.47500000000001,41.458333333333336,754.0,28.204166666666666,30.820833333333336,114.0,174.625,2022,9,11,6,254,1,192.91666666666663,141.33333333333334,109.04166666666669,169.625,120.60714285714286,0,2308.8
2022-09-12,29.0,83,1001.4,13.1,0.1,98.1,64.35833333333333,973.875,38.19166666666667,36.93333333333333,143.625,162.83333333333334,2022,9,12,0,255,0,174.625,192.91666666666663,141.33333333333334,176.79166666666666,132.4345238095238,1,2407.0
2022-09-13,29.9,78,1002.3,15.3,0.0,69.3625,43.875,893.25,40.4875,38.25416666666667,101.125,167.125,2022,9,13,1,256,0,162.83333333333334,174.625,192.91666666666663,168.19444444444446,146.0297619047619,0,2332.2
2022-09-14,29.9,77,1003.4,18.0,0.0,41.07083333333333,23.616666666666664,527.9583333333334,23.03333333333333,22.22083333333333,59.333333333333336,98.70833333333331,2022,9,14,2,257,0,167.125,162.83333333333334,174.625,142.88888888888889,149.51190476190476,0,2302.3
2022-09-15,28.6,82,1004.0,25.0,0.0,36.30833333333333,19.683333333333334,293.3333333333333,11.508333333333333,11.75,57.79166666666666,70.29166666666667,2022,9,15,3,258,0,98.70833333333331,167.125,162.83333333333334,112.04166666666664,143.97619047619045,0,2345.2000000000003
2022-09-16,28.3,78,1002.0,28.4,0.3,47.07083333333333,24.53333333333333,240.91666666666663,8.883333333333333,8.6,65.45833333333333,72.125,2022,9,16,4,259,0,70.29166666666667,98.70833333333331,167.125,80.375,134.08928571428572,1,2207.4
2022-09-17,28.2,76,1002.3,22.0,0.3,57.275,28.0125,269.4166666666667,11.895833333333334,10.658333333333331,69.16666666666667,79.70833333333333,2022,9,17,5,260,1,72.125,70.29166666666667,98.70833333333331,74.04166666666667,117.91666666666666,1,2143.2
2022-09-18,27.9,79,1006.5,13.6,0.0,60.958333333333336,29.791666666666668,346.7916666666667,17.054166666666667,15.0125,66.58333333333333,87.54166666666667,2022,9,18,6,261,1,79.70833333333333,72.125,70.29166666666667,79.79166666666667,105.47619047619048,0,2204.1
2022-09-19,27.5,79,1007.6,16.1,0.0,52.17916666666667,25.425,352.0,16.520833333333332,14.595833333333331,64.5,83.79166666666667,2022,9,19,0,262,0,87.54166666666667,79.70833333333333,72.125,83.68055555555556,94.18452380952382,0,2172.5
2022-09-20,27.8,73,1006.9,19.2,0.0,39.475,19.241666666666667,252.5,11.358333333333334,10.020833333333334,63.66666666666666,71.625,2022,9,20,1,263,0,83.79166666666667,87.54166666666667,79.70833333333333,80.98611111111111,80.54166666666667,0,2029.4
2022-09-21,28.1,72,1007.0,20.5,0.0,37.1875,17.754166666666666,242.625,11.4375,9.495833333333334,63.125,63.25,2022,9,21,2,264,0,71.625,83.79166666666667,87.54166666666667,72.8888888888889,75.47619047619047,0,2023.2
2022-09-22,28.1,73,1006.6,23.5,0.0,36.208333333333336,17.591666666666665,236.29166666666663,10.8375,9.283333333333331,61.458333333333336,62.0,2022,9,22,3,265,0,63.25,71.625,83.79166666666667,65.625,74.29166666666667,0,2051.3
2022-09-23,27.9,74,1006.0,27.6,0.0,37.24166666666667,17.666666666666668,199.125,8.275,7.658333333333334,63.0,61.75,2022,9,23,4,266,0,62.0,63.25,71.625,62.333333333333336,72.80952380952381,0,2064.6
2022-09-24,28.1,73,1004.6,28.2,0.3,38.8625,19.97083333333333,214.16666666666663,9.25,8.245833333333334,64.91666666666667,63.91666666666666,2022,9,24,5,267,1,61.75,62.0,63.25,62.55555555555555,70.55357142857143,1,2051.3
2022-09-25,28.0,76,1004.7,22.2,0.4,41.98333333333333,21.933333333333334,242.625,11.5875,10.15,63.91666666666666,68.45833333333333,2022,9,25,6,268,1,63.91666666666666,61.75,62.0,64.70833333333333,67.82738095238095,1,2128.0
2022-09-26,27.4,79,1008.6,16.2,1.0,42.16666666666666,22.620833333333334,324.8333333333333,15.5875,14.5625,63.66666666666666,73.04166666666667,2022,9,26,0,269,0,68.45833333333333,63.91666666666666,61.75,68.47222222222221,66.29166666666666,1,2164.6
2022-09-27,27.4,78,1008.3,15.8,0.1,37.97916666666666,19.9625,349.25,16.770833333333332,15.395833333333334,62.083333333333336,70.58333333333333,2022,9,27,1,270,0,73.04166666666667,68.45833333333333,63.91666666666666,70.69444444444444,66.14285714285714,1,2137.2
2022-09-28,27.6,73,1007.4,18.5,0.0,31.9125,16.295833333333334,278.875,13.620833333333335,11.883333333333333,61.75,62.208333333333336,2022,9,28,2,271,0,70.58333333333333,73.04166666666667,68.45833333333333,68.61111111111111,65.99404761904762,0,2014.8
2022-09-29,27.6,72,1007.6,19.6,0.0,30.4625,15.895833333333334,245.54166666666663,11.1,10.729166666666666,67.45833333333333,59.333333333333336,2022,9,29,3,272,0,62.208333333333336,70.58333333333333,73.04166666666667,64.04166666666667,65.61309523809523,0,1987.2
2022-09-30,27.3,75,1008.2,18.7,0.0,26.6,15.025,290.5416666666667,13.358333333333334,13.758333333333333,68.125,56.958333333333336,2022,9,30,4,273,0,59.333333333333336,62.208333333333336,70.58333333333333,59.5,64.92857142857143,0,2047.5
2022-10-01,27.7,73,1007.5,22.9,0.0,22.375,12.791666666666666,219.125,9.729166666666666,10.904166666666669,56.875,54.54166666666666,2022,10,1,5,274,1,56.958333333333336,59.333333333333336,62.208333333333336,56.94444444444444,63.58928571428572,0,2022.1
2022-10-02,28.1,72,1007.1,20.5,0.1,21.945833333333336,12.504166666666668,240.9583333333333,12.083333333333334,12.15,53.66666666666666,50.625,2022,10,2,6,275,1,54.54166666666666,56.958333333333336,59.333333333333336,54.04166666666666,61.04166666666666,1,2023.2
2022-10-03,27.7,73,1008.6,16.1,0.3,27.2375,13.870833333333332,263.5,13.991666666666667,12.125,60.333333333333336,52.41666666666666,2022,10,3,0,276,0,50.625,54.54166666666666,56.958333333333336,52.52777777777777,58.095238095238095,1,2022.1
2022-10-04,27.8,76,1009.9,16.3,0.0,28.71666666666667,14.025,256.2083333333333,12.675,11.225,59.958333333333336,54.0,2022,10,4,1,277,0,52.41666666666666,50.625,54.54166666666666,52.34722222222222,55.72619047619048,0,2112.8
2022-10-05,27.6,80,1009.1,15.6,0.0,37.0375,16.270833333333332,292.125,13.408333333333331,12.279166666666669,61.208333333333336,56.04166666666666,2022,10,5,2,278,0,54.0,52.41666666666666,50.625,54.15277777777777,54.84523809523809,0,2208.0
2022-10-06,27.6,79,1007.3,15.5,0.0,45.52916666666667,20.041666666666668,360.4166666666667,16.695833333333333,15.679166666666667,67.125,62.958333333333336,2022,10,6,3,279,0,56.04166666666666,54.0,52.41666666666666,57.66666666666666,55.363095238095234,0,2180.4
2022-10-07,28.1,75,1006.8,16.0,0.0,66.17916666666666,37.3,617.7083333333334,27.2375,28.425,97.75,93.41666666666669,2022,10,7,4,280,0,62.958333333333336,56.04166666666666,54.0,70.80555555555556,60.57142857142857,0,2107.5
2022-10-08,30.9,49,1007.1,13.4,0.0,75.21249999999999,49.020833333333336,543.2083333333334,25.829166666666666,26.4125,130.41666666666666,138.83333333333334,2022,10,8,5,281,1,93.41666666666669,62.958333333333336,56.04166666666666,98.4027777777778,72.61309523809524,0,1514.1
2022-10-09,29.4,56,1008.1,13.2,0.0,135.09166666666667,90.69166666666666,907.5833333333334,30.254166666666663,35.795833333333334,205.25,189.4583333333333,2022,10,9,6,282,1,138.83333333333334,93.41666666666669,62.958333333333336,140.56944444444443,92.44642857142856,0,1646.4
2022-10-10,29.1,65,1009.6,11.9,0.0,96.42916666666667,59.0125,1030.9166666666667,44.44583333333333,45.3,125.45833333333331,183.9583333333333,2022,10,10,0,283,0,189.4583333333333,138.83333333333334,93.41666666666669,170.74999999999997,111.23809523809524,0,1891.5
2022-10-11,27.5,67,1008.9,10.4,0.0,82.59583333333333,49.083333333333336,1067.5416666666667,49.19166666666666,51.145833333333336,107.04166666666669,157.25,2022,10,11,1,284,0,183.9583333333333,189.4583333333333,138.83333333333334,176.88888888888883,125.98809523809524,0,1842.5
2022-10-12,26.2,80,1009.8,10.9,0.0,60.7125,36.57083333333333,895.0833333333334,40.28333333333333,38.1125,102.29166666666669,141.625,2022,10,12,2,285,0,157.25,183.9583333333333,189.4583333333333,160.94444444444443,138.2142857142857,0,2096.0
2022-10-13,26.1,80,1011.6,10.4,0.0,41.85416666666666,24.229166666666668,674.9166666666666,32.43333333333333,27.941666666666663,85.58333333333333,94.58333333333331,2022,10,13,3,286,0,141.625,157.25,183.9583333333333,131.15277777777774,142.73214285714286,0,2088.0
2022-10-14,26.8,71,1011.9,12.2,0.0,50.94166666666666,30.83333333333333,760.8333333333334,37.25416666666667,36.25,91.04166666666669,94.16666666666669,2022,10,14,4,287,0,94.58333333333331,141.625,157.25,110.125,142.8392857142857,0,1902.8
2022-10-15,27.0,77,1011.3,13.1,0.0,54.71666666666667,34.05416666666667,767.5416666666666,36.53333333333333,36.43333333333333,106.33333333333331,118.0,2022,10,15,5,288,1,94.16666666666669,94.58333333333331,141.625,102.25,139.8630952380952,0,2079.0
2022-10-16,27.9,67,1012.1,13.7,0.0,76.37083333333334,49.00833333333333,893.0416666666666,37.29583333333333,37.13333333333333,136.75,144.79166666666666,2022,10,16,6,289,1,118.0,94.16666666666669,94.58333333333331,118.9861111111111,133.48214285714283,0,1869.3
2022-10-17,27.9,58,1012.9,14.3,0.0,69.47916666666667,44.60416666666666,761.3333333333334,35.55833333333333,33.21666666666667,120.33333333333331,157.41666666666666,2022,10,17,0,290,0,144.79166666666666,118.0,94.16666666666669,140.06944444444443,129.69047619047618,0,1618.1999999999998
2022-10-18,27.2,79,1011.3,14.7,0.0,45.88333333333333,25.54583333333333,556.0833333333334,26.97083333333333,26.075,84.0,106.5,2022,10,18,1,291,0,157.41666666666666,144.79166666666666,118.0,136.2361111111111,122.44047619047618,0,2148.8
2022-10-19,26.6,83,1010.7,11.7,0.0,42.7875,22.004166666666663,434.625,22.933333333333334,20.229166666666668,82.45833333333333,74.875,2022,10,19,2,292,0,106.5,157.41666666666666,144.79166666666666,112.93055555555554,112.9047619047619,0,2207.8
2022-10-20,26.5,83,1011.2,11.6,0.0,40.10416666666666,19.883333333333333,393.3333333333333,19.6625,18.5625,92.33333333333331,73.95833333333333,2022,10,20,3,293,0,74.875,106.5,157.41666666666666,85.1111111111111,109.95833333333334,0,2199.5
2022-10-21,27.1,73,1014.5,9.8,0.0,111.64166666666668,71.88333333333334,854.7083333333334,35.12916666666667,44.675,134.58333333333334,123.04166666666669,2022,10,21,4,294,0,73.95833333333333,74.875,106.5,90.625,114.08333333333334,0,1978.3
2022-10-22,28.8,45,1016.1,13.5,0.0,121.5125,80.125,837.5833333333334,36.18333333333333,32.8875,126.54166666666669,170.33333333333334,2022,10,22,5,295,1,123.04166666666669,73.95833333333333,74.875,122.44444444444444,121.55952380952382,0,1296.0
2022-10-23,27.9,53,1015.1,11.1,0.0,157.08333333333334,106.10833333333332,1616.6666666666667,70.90833333333333,57.09166666666667,173.54166666666666,202.54166666666663,2022,10,23,6,296,1,170.33333333333334,123.04166666666669,73.95833333333333,165.30555555555554,129.80952380952382,0,1478.6999999999998
2022-10-24,27.5,71,1012.2,14.8,0.0,45.875,27.445833333333336,540.0,23.9,23.495833333333334,97.33333333333331,153.29166666666666,2022,10,24,0,297,0,202.54166666666663,170.33333333333334,123.04166666666669,175.38888888888889,129.2202380952381,0,1952.5
2022-10-25,27.6,77,1010.6,22.3,0.0,43.958333333333336,22.866666666666664,294.5,12.679166666666667,10.845833333333331,98.5,72.45833333333333,2022,10,25,1,298,0,153.29166666666666,202.54166666666663,170.33333333333334,142.76388888888886,124.35714285714286,0,2125.2000000000003
2022-10-26,27.8,82,1011.9,17.0,0.0,53.11666666666667,28.729166666666668,395.6666666666667,18.2125,15.704166666666666,100.29166666666669,81.20833333333333,2022,10,26,2,299,0,72.45833333333333,153.29166666666666,202.54166666666663,102.3194444444444,125.26190476190476,0,2279.6
2022-10-27,26.4,85,1012.9,10.1,0.0,52.57083333333333,28.5625,472.4583333333333,23.34166666666667,20.641666666666666,92.375,86.125,2022,10,27,3,300,0,81.20833333333333,72.45833333333333,153.29166666666666,79.93055555555553,127.0,0,2244.0
2022-10-28,26.1,80,1013.6,8.5,0.0,55.6125,30.64583333333333,523.7083333333334,26.995833333333334,23.75,84.08333333333333,88.75,2022,10,28,4,301,0,86.125,81.20833333333333,72.45833333333333,85.36111111111109,122.10119047619048,0,2088.0
2022-10-29,26.8,70,1013.9,12.0,0.0,56.4,32.766666666666666,772.0416666666666,38.833333333333336,31.05,83.58333333333333,94.95833333333331,2022,10,29,5,302,1,88.75,86.125,81.20833333333333,89.94444444444441,111.33333333333331,0,1876.0
2022-10-30,27.2,69,1014.4,13.0,0.0,58.30833333333334,33.2125,814.5,42.016666666666666,31.33333333333333,80.95833333333333,95.45833333333331,2022,10,30,6,303,1,94.95833333333331,88.75,86.125,93.05555555555551,96.03571428571426,0,1876.8
2022-10-31,26.7,80,1013.8,13.3,0.0,52.92916666666667,27.504166666666663,593.0,30.275,22.925,71.58333333333333,93.625,2022,10,31,0,304,0,95.45833333333331,94.95833333333331,88.75,94.68055555555551,87.51190476190474,0,2136.0
2022-11-01,26.8,85,1014.1,13.2,0.0,45.2125,23.5125,386.6666666666667,18.616666666666667,13.720833333333331,86.625,77.16666666666667,2022,11,1,1,305,0,93.625,95.45833333333331,94.95833333333331,88.74999999999999,88.18452380952381,0,2278.0
2022-11-02,26.6,85,1013.9,12.4,0.0,48.2625,28.10833333333333,496.625,22.9625,18.47083333333333,97.58333333333331,83.45833333333333,2022,11,2,2,306,0,77.16666666666667,93.625,95.45833333333331,84.74999999999999,88.50595238095238,0,2261.0
2022-11-03,26.6,83,1012.8,15.2,0.0,47.39166666666667,29.1375,573.1666666666666,27.116666666666664,20.954166666666666,96.54166666666669,89.58333333333333,2022,11,3,3,307,0,83.45833333333333,77.16666666666667,93.625,83.40277777777776,89.0,0,2207.8
2022-11-04,26.8,78,1013.2,15.1,0.0,42.67916666666667,26.03333333333333,559.1666666666666,27.229166666666668,21.65416666666667,88.70833333333333,83.79166666666667,2022,11,4,4,308,0,89.58333333333333,83.45833333333333,77.16666666666667,85.61111111111109,88.29166666666666,0,2090.4
2022-11-05,27.6,67,1014.2,14.8,0.0,56.27916666666667,35.020833333333336,576.7083333333334,27.166666666666668,22.183333333333334,101.04166666666669,90.79166666666669,2022,11,5,5,309,1,83.79166666666667,89.58333333333333,83.45833333333333,88.05555555555554,87.69642857142857,0,1849.2
2022-11-06,26.5,76,1014.6,13.6,0.0,61.708333333333336,39.454166666666666,528.625,26.52083333333333,21.058333333333334,96.625,106.375,2022,11,6,6,310,1,90.79166666666669,83.79166666666667,89.58333333333333,93.65277777777776,89.2559523809524,0,2014.0
2022-11-07,25.4,79,1014.6,11.8,0.7,54.0625,33.458333333333336,532.5,26.241666666666664,23.25,96.0,106.125,2022,11,7,0,311,0,106.375,90.79166666666669,83.79166666666667,101.0972222222222,91.04166666666669,1,2006.6
2022-11-08,24.8,74,1014.9,10.3,0.0,90.39583333333331,57.24583333333334,630.7916666666666,22.183333333333334,32.15833333333333,117.33333333333331,111.70833333333331,2022,11,8,1,312,0,106.125,106.375,90.79166666666669,108.0694444444444,95.97619047619048,0,1835.2
2022-11-09,25.3,70,1015.3,11.0,0.0,96.56666666666666,61.25,815.7083333333334,28.175,41.22916666666666,126.625,160.75,2022,11,9,2,313,0,111.70833333333331,106.125,106.375,126.1944444444444,107.01785714285714,0,1771.0
2022-11-10,25.4,77,1016.3,10.7,0.0,65.53333333333333,38.77916666666667,816.8333333333334,36.50416666666667,43.0375,97.66666666666669,127.16666666666669,2022,11,10,3,314,0,160.75,111.70833333333331,106.125,133.20833333333331,112.38690476190474,0,1955.8
2022-11-11,26.2,65,1017.2,11.2,0.0,126.28333333333336,83.5125,1351.4166666666667,64.92916666666666,62.0875,85.91666666666667,141.16666666666666,2022,11,11,4,315,0,127.16666666666669,160.75,111.70833333333331,143.02777777777774,120.58333333333334,0,1703.0
2022-11-12,25.5,71,1016.6,10.7,0.0,120.85,78.39166666666667,1431.6666666666667,68.8625,53.67083333333333,90.04166666666667,174.54166666666666,2022,11,12,5,316,1,141.16666666666666,127.16666666666669,160.75,147.62499999999997,132.5476190476191,0,1810.5
2022-11-13,24.8,87,1014.4,10.9,0.0,53.97083333333333,29.666666666666668,494.4583333333333,23.09583333333333,22.641666666666666,79.08333333333333,124.0,2022,11,13,6,317,1,174.54166666666666,141.16666666666666,127.16666666666669,146.56944444444443,135.06547619047618,0,2157.6
2022-11-14,26.8,78,1013.3,14.6,0.0,50.71666666666667,24.166666666666668,376.2916666666667,15.958333333333334,17.791666666666668,85.33333333333333,77.375,2022,11,14,0,318,0,124.0,174.54166666666666,141.16666666666666,125.30555555555554,130.95833333333331,0,2090.4
2022-11-15,25.8,58,1015.2,16.6,0.0,100.55,61.72083333333333,534.375,18.995833333333334,35.95,95.54166666666669,113.91666666666669,2022,11,15,1,319,0,77.375,124.0,174.54166666666666,105.0972222222222,131.27380952380955,0,1496.4
2022-11-16,24.8,55,1015.3,12.4,0.0,100.32083333333333,64.52083333333333,693.75,26.9625,42.17083333333333,116.29166666666669,153.83333333333334,2022,11,16,2,320,0,113.91666666666669,77.375,124.0,115.04166666666669,130.28571428571428,0,1364.0
2022-11-17,25.1,74,1014.9,10.6,0.0,101.79166666666669,63.48333333333333,918.6666666666666,32.266666666666666,44.24166666666667,128.79166666666666,162.95833333333334,2022,11,17,3,321,0,153.83333333333334,113.91666666666669,77.375,143.56944444444443,135.39880952380952,0,1857.4
2022-11-18,25.0,82,1014.5,10.5,0.0,73.53333333333333,42.35416666666666,716.8333333333334,28.65416666666667,33.791666666666664,100.29166666666669,144.625,2022,11,18,4,322,0,162.95833333333334,153.83333333333334,113.91666666666669,153.80555555555554,135.89285714285714,0,2050.0
2022-11-19,26.0,77,1014.5,10.1,0.0,49.1125,25.09166666666667,443.9583333333333,22.90833333333333,17.791666666666668,84.5,93.5,2022,11,19,5,323,1,144.625,162.95833333333334,153.83333333333334,133.69444444444443,124.3154761904762,0,2002.0
2022-11-20,25.4,73,1014.4,9.9,0.0,77.19583333333334,48.075,655.25,31.83333333333333,30.991666666666664,90.08333333333331,92.25,2022,11,20,6,324,1,93.5,144.625,162.95833333333334,110.125,119.77976190476193,0,1854.2
2022-11-21,25.8,56,1014.3,12.7,0.0,103.35833333333332,67.57083333333334,789.6666666666666,34.925,38.71666666666667,110.33333333333331,151.04166666666666,2022,11,21,0,325,0,92.25,93.5,144.625,112.26388888888889,130.30357142857142,0,1444.8
2022-11-22,25.2,74,1014.2,10.1,0.0,105.25416666666666,67.74583333333334,1076.375,53.63333333333333,57.26666666666667,100.875,162.83333333333334,2022,11,22,1,326,0,151.04166666666666,92.25,93.5,135.37499999999997,137.29166666666666,0,1864.8
2022-11-23,24.3,54,1014.8,11.0,0.0,102.99166666666667,68.64583333333333,869.4583333333334,37.954166666666666,50.25833333333333,108.45833333333331,156.0,2022,11,23,2,327,0,162.83333333333334,151.04166666666666,92.25,156.62499999999997,137.60119047619048,0,1312.2
2022-11-24,23.6,72,1014.1,10.7,0.0,90.72916666666669,60.25416666666666,980.125,46.80833333333334,50.84583333333333,107.20833333333331,159.16666666666666,2022,11,24,3,328,0,156.0,162.83333333333334,151.04166666666666,159.3333333333333,137.0595238095238,0,1699.2
2022-11-25,23.3,74,1014.7,8.5,0.0,61.93333333333334,33.88333333333333,809.2916666666666,39.69583333333333,35.0875,98.58333333333331,124.125,2022,11,25,4,329,0,159.16666666666666,156.0,162.83333333333334,146.43055555555554,134.13095238095238,0,1724.2
2022-11-26,23.7,60,1013.9,11.2,0.0,85.77083333333333,56.63333333333333,1106.375,60.35833333333333,50.270833333333336,87.5,127.79166666666669,2022,11,26,5,330,1,124.125,159.16666666666666,156.0,137.02777777777774,139.0297619047619,0,1422.0
2022-11-27,23.4,80,1010.5,8.8,0.0,59.59166666666667,37.96666666666667,877.1666666666666,44.02916666666667,41.5375,101.16666666666669,135.375,2022,11,27,6,331,1,127.79166666666669,124.125,159.16666666666666,129.0972222222222,145.1904761904762,0,1872.0
2022-11-28,23.7,65,1011.6,10.2,0.0,98.925,67.675,1221.4583333333333,72.69583333333334,52.80833333333334,56.708333333333336,141.5,2022,11,28,0,332,0,135.375,127.79166666666669,124.125,134.88888888888889,143.82738095238096,0,1540.5
2022-11-29,23.9,47,1014.0,12.2,0.0,84.32916666666667,57.80416666666667,728.3333333333334,41.36666666666667,32.84166666666667,77.29166666666667,152.79166666666666,2022,11,29,1,333,0,141.5,135.375,127.79166666666669,143.2222222222222,142.39285714285714,0,1123.3
2022-11-30,23.7,36,1015.3,12.1,0.0,97.55833333333334,66.86666666666666,723.8333333333334,40.141666666666666,35.045833333333334,90.66666666666669,153.125,2022,11,30,2,334,0,152.79166666666666,141.5,135.375,149.13888888888889,141.98214285714286,0,853.1999999999999
2022-12-01,22.8,39,1014.5,12.1,0.0,105.71666666666664,72.13333333333334,788.2916666666666,41.23333333333333,40.91666666666666,93.625,157.125,2022,12,1,3,335,0,153.125,152.79166666666666,141.5,154.3472222222222,141.6904761904762,0,889.2
2022-12-02,22.2,62,1012.7,11.0,0.0,88.50416666666666,58.20416666666667,1009.5,53.9125,46.55833333333334,69.5,159.875,2022,12,2,4,336,0,157.125,153.125,152.79166666666666,156.70833333333334,146.7976190476191,0,1376.4
2022-12-03,23.1,71,1013.2,9.3,0.0,75.09583333333333,46.40416666666667,741.0833333333334,46.333333333333336,46.32916666666667,67.20833333333333,112.08333333333331,2022,12,3,5,337,1,159.875,157.125,153.125,143.02777777777774,144.55357142857142,0,1640.1
2022-12-04,22.7,50,1015.2,11.8,0.0,127.48333333333332,86.58749999999999,774.5833333333334,36.65833333333333,43.16666666666666,90.33333333333331,155.83333333333334,2022,12,4,6,338,1,112.08333333333331,159.875,157.125,142.5972222222222,147.47619047619045,0,1135.0
2022-12-05,22.3,56,1016.6,11.2,0.0,125.79166666666669,82.28750000000001,1061.375,53.72083333333333,64.32083333333334,83.29166666666667,165.20833333333334,2022,12,5,0,339,0,155.83333333333334,112.08333333333331,159.875,144.375,150.8630952380952,0,1248.8
2022-12-06,22.3,57,1016.7,10.8,0.0,150.17083333333332,101.125,1321.4583333333333,56.67083333333333,68.03333333333333,102.79166666666669,169.0,2022,12,6,1,340,0,165.20833333333334,155.83333333333334,112.08333333333331,163.3472222222222,153.17857142857142,0,1271.1
2022-12-07,22.2,52,1016.0,10.6,0.0,129.02083333333334,87.85000000000001,1306.5833333333333,59.325,57.395833333333336,94.25,169.83333333333334,2022,12,7,2,341,0,169.0,165.20833333333334,155.83333333333334,168.01388888888889,155.56547619047618,0,1154.4
2022-12-08,22.1,70,1014.9,10.6,0.0,102.72916666666669,66.32916666666667,1403.8333333333333,69.95416666666667,52.00833333333333,71.5,167.04166666666666,2022,12,8,3,342,0,169.83333333333334,169.0,165.20833333333334,168.62499999999997,156.98214285714286,0,1547.0
2022-12-09,22.2,86,1013.1,8.9,0.0,74.51666666666667,45.41666666666666,1021.75,49.30833333333334,44.40833333333333,88.08333333333333,129.41666666666666,2022,12,9,4,343,0,167.04166666666666,169.83333333333334,169.0,155.43055555555551,152.63095238095238,0,1909.2
2022-12-10,23.1,57,1013.3,11.0,0.0,106.55,71.40833333333333,868.8333333333334,43.5875,42.16666666666666,75.45833333333333,148.41666666666666,2022,12,10,5,344,1,129.41666666666666,167.04166666666666,169.83333333333334,148.29166666666663,157.82142857142858,0,1316.7
2022-12-11,23.6,43,1014.7,19.4,0.0,91.44166666666666,60.52916666666667,578.4166666666666,17.370833333333334,30.941666666666663,111.5,155.95833333333334,2022,12,11,6,345,1,148.41666666666666,129.41666666666666,167.04166666666666,144.5972222222222,157.83928571428572,0,1014.8
2022-12-12,23.1,42,1014.9,17.0,0.0,85.375,54.6375,765.9166666666666,34.94166666666667,30.666666666666668,95.75,145.45833333333334,2022,12,12,0,346,0,155.95833333333334,148.41666666666666,129.41666666666666,149.94444444444443,155.01785714285714,0,970.2
2022-12-13,22.7,42,1016.0,20.0,0.0,54.145833333333336,35.583333333333336,537.2916666666666,23.479166666666668,20.604166666666668,67.5,144.875,2022,12,13,1,347,0,145.45833333333334,155.95833333333334,148.41666666666666,148.76388888888889,151.57142857142858,0,953.4
2022-12-14,23.1,34,1016.4,19.0,0.0,0.9208333333333334,0.65,59.91666666666666,0.0,0.5291666666666667,30.375,46.458333333333336,2022,12,14,2,348,0,144.875,145.45833333333334,155.95833333333334,112.26388888888889,133.94642857142858,0,785.4000000000001
2022-12-15,21.1,49,1014.9,10.2,0.0,1.1666666666666667,0.8125,62.91666666666666,0.0,0.2291666666666666,34.0,15.5,2022,12,15,3,349,0,46.458333333333336,144.875,145.45833333333334,68.94444444444443,112.29761904761904,0,1033.9
2022-12-16,20.6,69,1013.3,9.1,0.0,71.24166666666666,47.65833333333333,969.4583333333334,47.12916666666666,41.708333333333336,79.08333333333333,71.625,2022,12,16,4,350,0,15.5,46.458333333333336,144.875,44.52777777777776,104.04166666666669,0,1421.4
2022-12-17,20.6,74,1014.1,8.8,0.0,79.60000000000001,52.82083333333333,1176.375,60.65416666666667,58.85,67.125,139.20833333333334,2022,12,17,5,351,1,71.625,15.5,46.458333333333336,75.44444444444443,102.72619047619048,0,1524.4
2022-12-18,21.3,59,1014.8,10.4,0.0,113.27083333333331,77.22083333333333,1500.5,78.07916666666667,70.04166666666667,66.66666666666667,154.75,2022,12,18,6,352,1,139.20833333333334,71.625,15.5,121.86111111111109,102.55357142857144,0,1256.7
2022-12-19,20.9,57,1013.7,9.5,0.0,108.06666666666666,71.14166666666667,1267.3333333333333,71.62916666666666,69.96666666666667,67.83333333333333,159.41666666666666,2022,12,19,0,353,0,154.75,139.20833333333334,71.625,151.12499999999997,104.54761904761904,0,1191.3
2022-12-20,21.2,47,1013.2,13.2,0.0,75.21249999999999,47.22916666666666,1149.5833333333333,57.93333333333334,52.23333333333333,68.70833333333333,151.16666666666666,2022,12,20,1,354,0,159.41666666666666,154.75,139.20833333333334,155.1111111111111,105.44642857142856,0,996.4
2022-12-21,20.6,46,1014.4,12.4,0.0,84.46249999999999,53.93333333333334,754.125,47.2125,40.50833333333333,64.20833333333333,135.95833333333334,2022,12,21,2,355,0,151.16666666666666,159.41666666666666,154.75,148.8472222222222,118.23214285714286,0,947.6
2022-12-22,20.1,39,1014.8,13.6,0.0,59.36666666666667,37.66666666666666,587.375,32.025,33.55833333333333,72.45833333333333,124.45833333333331,2022,12,22,3,356,0,135.95833333333334,151.16666666666666,159.41666666666666,137.19444444444443,133.79761904761904,0,783.9000000000001
2022-12-23,19.2,44,1014.0,10.5,0.0,91.00833333333333,57.36666666666667,985.4583333333334,55.958333333333336,55.26666666666667,52.75,138.45833333333334,2022,12,23,4,357,0,124.45833333333331,135.95833333333334,151.16666666666666,132.95833333333334,143.3452380952381,0,844.8
2022-12-24,19.2,37,1015.6,14.0,0.0,68.20833333333333,44.00833333333333,762.2916666666666,48.6625,48.35833333333333,63.208333333333336,122.5,2022,12,24,5,358,1,138.45833333333334,124.45833333333331,135.95833333333334,128.4722222222222,140.95833333333331,0,710.4
2022-12-25,19.1,43,1016.4,11.4,0.0,86.35000000000001,58.10416666666666,716.4166666666666,35.1,40.79583333333333,92.75,135.20833333333334,2022,12,25,6,359,1,122.5,138.45833333333334,124.45833333333331,132.05555555555554,138.16666666666666,0,821.3000000000001
2022-12-26,19.7,43,1017.4,9.8,0.0,113.70416666666668,76.85000000000001,993.2916666666666,51.78333333333333,54.125,75.375,157.375,2022,12,26,0,360,0,135.20833333333334,122.5,138.45833333333334,138.3611111111111,137.875,0,847.1
2022-12-27,20.4,39,1018.8,12.3,0.0,101.10833333333332,67.91666666666667,763.4166666666666,31.15833333333333,45.11666666666667,88.0,158.875,2022,12,27,1,361,0,157.375,135.20833333333334,122.5,150.4861111111111,138.97619047619048,0,795.5999999999999
2022-12-28,20.1,61,1018.2,10.3,0.0,143.21666666666667,92.5,1454.7083333333333,56.675,72.72083333333333,106.70833333333331,166.08333333333334,2022,12,28,2,362,0,158.875,157.375,135.20833333333334,160.77777777777774,143.2797619047619,0,1226.1
2022-12-29,23.3,72,1017.5,20.8,0.0,74.40833333333333,44.18333333333334,810.5,32.483333333333334,35.1625,98.79166666666669,159.375,2022,12,29,3,363,0,166.08333333333334,158.875,157.375,161.44444444444443,148.26785714285714,0,1677.6
2022-12-30,20.5,45,1020.5,12.8,0.0,61.47916666666666,34.4,516.5833333333334,24.15,35.725,74.875,96.70833333333331,2022,12,30,4,364,0,159.375,166.08333333333334,158.875,140.7222222222222,142.30357142857142,0,922.5
2022-12-31,19.1,48,1021.7,12.2,0.0,76.20416666666667,48.19166666666666,659.3333333333334,26.879166666666663,39.72916666666666,99.45833333333331,114.125,2022,12,31,5,365,1,96.70833333333331,159.375,166.08333333333334,123.40277777777776,141.10714285714286,0,916.8
2023-01-01,19.8,65,1019.2,9.7,0.0,69.53750000000001,38.4625,782.7083333333334,36.35416666666666,33.37916666666667,84.91666666666667,129.58333333333334,2023,1,1,6,1,1,114.125,96.70833333333331,159.375,113.4722222222222,140.30357142857142,0,1287.0
2023-01-02,19.7,52,1018.8,11.6,0.0,98.88333333333333,59.99166666666667,905.7083333333334,47.24166666666667,49.3625,71.70833333333333,119.41666666666669,2023,1,2,0,2,0,129.58333333333334,114.125,96.70833333333331,121.04166666666669,134.88095238095238,0,1024.4
2023-01-03,19.7,36,1021.2,16.5,0.0,77.68333333333334,51.5125,542.7083333333334,25.275,27.15416666666667,80.125,153.0,2023,1,3,1,3,0,119.41666666666669,129.58333333333334,114.125,134.0,134.04166666666666,0,709.1999999999999
2023-01-04,18.8,33,1021.8,20.3,0.0,60.7875,40.72083333333333,466.625,18.004166666666666,25.825,94.54166666666669,117.20833333333331,2023,1,4,2,4,0,153.0,119.41666666666669,129.58333333333334,129.87499999999997,127.0595238095238,0,620.4
2023-01-05,17.5,32,1021.9,20.0,0.0,63.775,43.60833333333333,487.625,14.416666666666666,28.4625,103.04166666666669,119.95833333333331,2023,1,5,3,5,0,117.20833333333331,153.0,119.41666666666669,130.05555555555554,121.42857142857144,0,560.0
2023-01-06,18.4,28,1021.4,21.1,0.0,67.63333333333334,46.22083333333333,515.0833333333334,14.479166666666666,31.416666666666668,108.25,121.75,2023,1,6,4,6,0,119.95833333333331,117.20833333333331,153.0,119.63888888888886,125.00595238095238,0,515.1999999999999
2023-01-07,19.9,29,1020.2,18.2,0.0,73.10416666666667,50.18333333333334,682.1666666666666,24.09583333333333,39.6125,101.625,132.08333333333334,2023,1,7,5,7,1,121.75,119.95833333333331,117.20833333333331,124.5972222222222,127.57142857142856,0,577.0999999999999
2023-01-08,19.2,39,1018.8,12.4,0.0,125.82916666666668,87.09583333333335,1645.7916666666667,70.9875,82.81666666666666,104.625,144.625,2023,1,8,6,8,1,132.08333333333334,121.75,119.95833333333331,132.81944444444443,129.7202380952381,0,748.8
2023-01-09,19.3,70,1019.6,9.0,0.0,128.42083333333332,87.19583333333333,1781.0833333333333,81.33333333333333,80.41250000000001,93.375,173.375,2023,1,9,0,9,0,144.625,132.08333333333334,121.75,150.02777777777774,137.42857142857142,0,1351.0
2023-01-10,19.8,73,1019.1,10.3,0.0,162.80416666666667,110.39166666666668,2022.9583333333333,88.10000000000001,84.10833333333333,79.41666666666667,172.33333333333334,2023,1,10,1,10,0,173.375,144.625,132.08333333333334,163.44444444444443,140.1904761904762,0,1445.4
2023-01-11,21.5,77,1015.2,19.1,0.2,54.75,30.45,667.0833333333334,29.054166666666664,25.629166666666663,76.79166666666667,153.83333333333334,2023,1,11,2,11,0,172.33333333333334,173.375,144.625,166.51388888888889,145.42261904761904,1,1655.5
2023-01-12,18.0,29,1014.2,26.2,0.0,77.04166666666667,24.604166666666668,348.0416666666667,17.087500000000002,18.65,68.5,77.875,2023,1,12,3,12,0,153.83333333333334,172.33333333333334,173.375,134.68055555555554,139.41071428571428,0,522.0
2023-01-13,15.2,18,1016.0,20.2,0.0,62.78333333333333,33.55833333333333,615.6666666666666,30.266666666666666,28.516666666666666,81.54166666666667,80.08333333333333,2023,1,13,4,13,0,77.875,153.83333333333334,172.33333333333334,103.93055555555554,133.45833333333334,0,273.6
2023-01-14,15.3,29,1018.9,11.2,0.0,46.44583333333333,27.5875,589.8333333333334,32.737500000000004,23.4625,68.83333333333333,98.66666666666669,2023,1,14,5,14,1,80.08333333333333,77.875,153.83333333333334,85.54166666666664,128.68452380952382,0,443.7000000000001
2023-01-15,14.8,44,1017.5,9.6,0.0,67.01666666666667,42.52916666666667,765.375,32.82083333333333,38.59583333333333,85.95833333333333,92.66666666666669,2023,1,15,6,15,1,98.66666666666669,80.08333333333333,77.875,90.4722222222222,121.26190476190476,0,651.2
2023-01-16,16.4,55,1015.8,12.1,0.0,96.44166666666666,60.375,738.2916666666666,35.270833333333336,60.37083333333334,76.83333333333333,135.625,2023,1,16,0,16,0,92.66666666666669,98.66666666666669,80.08333333333333,108.9861111111111,115.86904761904762,0,902.0
2023-01-17,17.0,37,1017.1,12.0,0.0,117.58333333333331,79.125,1056.25,47.25,59.9125,93.125,156.125,2023,1,17,1,17,0,135.625,92.66666666666669,98.66666666666669,128.13888888888889,113.55357142857144,0,629.0
2023-01-18,17.7,40,1017.0,10.9,0.0,147.65833333333333,101.02083333333331,1448.25,78.37083333333334,57.18333333333334,63.41666666666666,168.33333333333334,2023,1,18,2,18,0,156.125,135.625,92.66666666666669,153.3611111111111,115.625,0,708.0
2023-01-19,18.4,35,1016.5,16.0,0.0,99.225,66.89999999999999,839.875,42.19166666666667,30.99166666666667,77.25,170.33333333333334,2023,1,19,3,19,0,168.33333333333334,156.125,135.625,164.93055555555554,128.83333333333331,0,644.0
2023-01-20,17.6,47,1017.2,15.5,0.0,83.5125,54.833333333333336,676.2083333333334,22.558333333333334,30.8125,109.08333333333331,145.375,2023,1,20,4,20,0,170.33333333333334,168.33333333333334,156.125,161.3472222222222,138.16071428571428,0,827.2
2023-01-21,17.2,50,1018.2,12.3,0.0,72.61666666666666,48.16666666666666,678.625,25.5875,36.13333333333333,96.41666666666669,147.875,2023,1,21,5,21,1,145.375,170.33333333333334,168.33333333333334,154.52777777777774,145.19047619047618,0,860.0
2023-01-22,16.5,48,1017.6,11.4,0.0,75.94583333333334,50.04166666666666,862.1666666666666,37.94166666666667,45.25416666666666,84.45833333333333,132.58333333333334,2023,1,22,6,22,1,147.875,145.375,170.33333333333334,141.94444444444443,150.89285714285714,0,792.0
2023-01-23,16.5,32,1018.0,13.8,0.0,53.49583333333334,34.68333333333333,722.4583333333334,33.233333333333334,32.0875,71.125,118.0,2023,1,23,0,23,0,132.58333333333334,147.875,145.375,132.81944444444443,148.375,0,528.0
2023-01-24,15.0,41,1017.2,11.1,0.0,78.99166666666666,50.55,869.5,41.43333333333333,40.18333333333333,82.83333333333333,118.54166666666669,2023,1,24,1,24,0,118.0,132.58333333333334,147.875,123.04166666666669,143.00595238095238,0,615.0
2023-01-25,14.8,43,1017.8,11.8,0.0,69.38333333333334,41.329166666666666,718.0833333333334,37.67083333333333,39.61666666666667,80.70833333333333,113.33333333333331,2023,1,25,2,25,0,118.54166666666669,118.0,132.58333333333334,116.625,135.14880952380952,0,636.4
2023-01-26,16.4,29,1019.7,17.8,0.0,49.2875,31.70833333333333,483.7083333333333,24.64583333333333,31.058333333333334,82.625,114.29166666666669,2023,1,26,3,26,0,113.33333333333331,118.54166666666669,118.0,115.38888888888889,127.14285714285714,0,475.6
2023-01-27,17.3,26,1019.1,22.4,0.0,51.97916666666666,34.92916666666667,452.7083333333333,17.658333333333335,25.27083333333333,104.54166666666669,91.25,2023,1,27,4,27,0,114.29166666666669,113.33333333333331,118.54166666666669,106.29166666666664,119.41071428571428,0,449.8
2023-01-28,18.0,24,1015.2,15.9,0.0,65.15833333333333,44.30416666666667,626.125,32.583333333333336,27.58333333333333,96.25,104.75,2023,1,28,5,28,1,91.25,114.29166666666669,113.33333333333331,103.43055555555554,113.25,0,432.0
2023-01-29,17.4,43,1012.0,12.9,0.0,57.925,38.5625,743.5833333333334,40.78333333333333,33.729166666666664,75.25,133.20833333333334,2023,1,29,6,29,1,104.75,91.25,114.29166666666669,109.73611111111109,113.33928571428572,0,748.1999999999999
2023-01-30,18.1,49,1016.3,12.5,0.0,91.62083333333334,58.92916666666667,1110.1666666666667,49.82916666666667,49.3375,91.66666666666669,101.16666666666669,2023,1,30,0,30,0,133.20833333333334,104.75,91.25,113.04166666666669,110.93452380952382,0,886.9000000000001
2023-01-31,19.4,36,1019.9,19.2,0.0,81.39999999999999,53.96666666666667,655.3333333333334,28.725,29.42083333333333,89.75,155.625,2023,1,31,1,31,0,101.16666666666669,133.20833333333334,104.75,130.0,116.23214285714286,0,698.4
2023-02-01,19.5,40,1019.1,18.7,0.0,75.91666666666667,51.395833333333336,823.5,33.02916666666667,35.6625,107.33333333333331,145.95833333333334,2023,2,1,2,32,0,155.625,101.16666666666669,133.20833333333334,134.24999999999997,120.89285714285715,0,780.0
2023-02-02,18.9,47,1017.4,13.3,0.0,142.32500000000002,98.3375,1881.1666666666667,74.78333333333333,77.6125,138.79166666666666,156.91666666666666,2023,2,2,3,33,0,145.95833333333334,155.625,101.16666666666669,152.8333333333333,126.98214285714286,0,888.3
2023-02-03,18.7,53,1016.6,10.1,0.0,126.53333333333336,87.45833333333333,1975.0416666666667,97.48333333333332,73.45416666666667,83.83333333333333,174.0,2023,2,3,4,34,0,156.91666666666666,145.95833333333334,155.625,158.9583333333333,138.80357142857142,0,991.1
2023-02-04,19.3,82,1014.7,9.4,0.0,103.47083333333336,68.09166666666667,1397.375,57.4875,48.8,115.125,171.75,2023,2,4,5,35,1,174.0,156.91666666666666,145.95833333333334,167.55555555555554,148.375,0,1582.6
2023-02-05,21.4,83,1012.8,16.2,0.0,63.26666666666667,35.770833333333336,715.75,29.320833333333336,24.54583333333333,79.45833333333333,140.08333333333334,2023,2,5,6,36,1,171.75,174.0,156.91666666666666,161.94444444444443,149.35714285714286,0,1776.1999999999998
2023-02-06,22.8,70,1012.8,12.5,0.0,98.49583333333334,53.4875,819.3333333333334,33.7625,28.425,124.66666666666669,126.04166666666669,2023,2,6,0,37,0,140.08333333333334,171.75,174.0,145.95833333333331,152.91071428571428,0,1596.0
2023-02-07,20.3,74,1013.7,9.8,0.0,179.6208333333333,115.6875,1715.9166666666667,72.40416666666667,54.36666666666667,149.83333333333334,198.375,2023,2,7,1,38,0,126.04166666666669,140.08333333333334,171.75,154.83333333333334,159.01785714285714,0,1502.2
2023-02-08,20.9,83,1013.7,11.8,0.0,76.825,44.57083333333333,826.875,37.425,31.075,87.125,161.54166666666666,2023,2,8,2,39,0,198.375,126.04166666666669,140.08333333333334,161.9861111111111,161.24404761904762,0,1734.6999999999998
2023-02-09,21.7,85,1012.4,17.1,0.0,57.3625,32.6375,510.7083333333333,20.766666666666666,20.7625,83.875,111.875,2023,2,9,3,40,0,161.54166666666666,198.375,126.04166666666669,157.26388888888889,154.80952380952382,0,1844.5
2023-02-10,22.6,81,1012.3,22.2,0.0,46.81666666666666,24.7125,357.9166666666667,13.2,14.633333333333333,91.625,86.41666666666667,2023,2,10,4,41,0,111.875,161.54166666666666,198.375,119.9444444444444,142.2976190476191,0,1830.6
2023-02-11,22.1,67,1015.7,12.8,0.0,108.475,68.0125,915.25,37.66666666666666,33.45,107.45833333333331,107.875,2023,2,11,5,42,1,86.41666666666667,111.875,161.54166666666666,102.05555555555554,133.1726190476191,0,1480.7
2023-02-12,23.2,37,1018.9,15.2,0.0,73.97500000000001,43.00833333333333,730.9583333333334,43.575,28.183333333333334,62.79166666666666,151.91666666666666,2023,2,12,6,43,1,107.875,86.41666666666667,111.875,115.40277777777776,134.86309523809524,0,858.4
2023-02-13,21.9,32,1018.9,15.1,0.0,87.04166666666667,56.23333333333333,900.4583333333334,37.25833333333333,37.8875,127.75,131.58333333333334,2023,2,13,0,44,0,151.91666666666666,107.875,86.41666666666667,130.4583333333333,135.6547619047619,0,700.8
2023-02-14,21.9,79,1016.0,14.6,0.0,76.15833333333333,44.4125,884.2916666666666,34.862500000000004,32.266666666666666,119.45833333333331,159.5,2023,2,14,1,45,0,131.58333333333334,151.91666666666666,107.875,147.66666666666663,130.10119047619048,0,1730.1
2023-02-15,20.9,90,1014.6,9.1,0.0,99.47083333333336,60.95,1277.3333333333333,52.875,47.84583333333333,111.54166666666669,155.875,2023,2,15,2,46,0,159.5,131.58333333333334,151.91666666666666,148.9861111111111,129.29166666666669,0,1881.0
2023-02-16,22.2,83,1014.6,13.9,0.0,68.41250000000001,42.16666666666666,929.5416666666666,43.41666666666666,33.520833333333336,79.375,141.91666666666666,2023,2,16,3,47,0,155.875,159.5,131.58333333333334,152.43055555555551,133.58333333333334,0,1842.6
2023-02-17,22.4,81,1015.0,10.3,0.0,85.44583333333333,56.1,1069.5416666666667,46.020833333333336,36.083333333333336,107.25,143.375,2023,2,17,4,48,0,141.91666666666666,155.875,159.5,147.05555555555554,141.7202380952381,0,1814.4
2023-02-18,21.5,77,1014.6,8.7,0.0,120.65416666666664,82.46249999999999,1370.375,52.67916666666667,42.95,142.16666666666666,185.16666666666663,2023,2,18,5,49,1,143.375,141.91666666666666,155.875,156.81944444444443,152.76190476190476,0,1655.5
2023-02-19,21.6,87,1013.2,10.2,0.0,72.48333333333333,44.6125,993.8333333333334,42.42083333333333,36.74583333333333,94.66666666666669,161.29166666666666,2023,2,19,6,50,1,185.16666666666663,143.375,141.91666666666666,163.27777777777774,154.10119047619045,0,1879.2
2023-02-20,23.4,79,1011.5,15.8,0.0,57.55416666666667,30.7875,628.0416666666666,26.566666666666663,23.445833333333336,92.25,105.95833333333331,2023,2,20,0,51,0,161.29166666666666,185.16666666666663,143.375,150.80555555555551,150.44047619047618,0,1848.6
2023-02-21,23.0,85,1012.3,12.9,0.0,79.89166666666667,48.05416666666667,829.0416666666666,33.833333333333336,28.7875,116.875,120.70833333333331,2023,2,21,1,52,0,105.95833333333331,161.29166666666666,185.16666666666663,129.31944444444443,144.8988095238095,0,1955.0
2023-02-22,22.8,82,1012.5,18.3,0.0,41.56666666666667,22.29583333333333,389.0,16.454166666666666,13.658333333333331,98.54166666666669,109.66666666666669,2023,2,22,2,53,0,120.70833333333331,105.95833333333331,161.29166666666666,112.11111111111109,138.29761904761904,0,1869.6
2023-02-23,22.4,81,1013.0,13.1,0.0,51.5625,28.445833333333336,542.9583333333334,25.8375,21.2,96.66666666666669,74.83333333333333,2023,2,23,3,54,0,109.66666666666669,120.70833333333331,105.95833333333331,101.73611111111109,128.7142857142857,0,1814.4
2023-02-24,21.9,85,1014.6,13.1,0.0,69.85833333333333,32.88333333333333,623.0416666666666,26.6625,23.695833333333336,97.08333333333331,95.91666666666669,2023,2,24,4,55,0,74.83333333333333,109.66666666666669,120.70833333333331,93.4722222222222,121.9345238095238,0,1861.5
2023-02-25,23.2,79,1016.0,15.9,0.0,56.52916666666667,27.8375,575.7083333333334,28.4375,20.945833333333333,61.54166666666666,90.16666666666669,2023,2,25,5,56,1,95.91666666666669,74.83333333333333,109.66666666666669,86.97222222222221,108.36309523809524,0,1832.8
2023-02-26,23.5,82,1017.2,15.1,0.0,49.2375,30.22083333333333,630.125,30.379166666666663,24.28333333333333,68.20833333333333,84.375,2023,2,26,6,57,1,90.16666666666669,95.91666666666669,74.83333333333333,90.15277777777776,97.375,0,1927.0
2023-02-27,23.2,84,1016.8,12.9,0.0,69.37916666666666,42.50416666666667,896.9583333333334,38.49166666666667,32.708333333333336,95.70833333333331,118.16666666666669,2023,2,27,0,58,0,84.375,90.16666666666669,95.91666666666669,97.56944444444444,99.11904761904762,0,1948.8
2023-02-28,23.0,83,1016.0,14.3,0.0,66.07083333333334,39.65,799.875,37.35833333333333,28.933333333333334,81.66666666666667,118.91666666666669,2023,2,28,1,59,0,118.16666666666669,84.375,90.16666666666669,107.15277777777776,98.86309523809526,0,1909.0
2023-03-01,23.5,79,1016.7,9.9,0.0,115.99583333333334,74.14999999999999,937.25,36.54583333333333,27.78333333333333,100.08333333333331,129.5,2023,3,1,2,60,0,118.91666666666669,118.16666666666669,84.375,122.19444444444444,101.69642857142856,0,1856.5
2023-03-02,26.3,48,1017.6,15.1,0.0,96.0,63.07083333333333,681.375,23.683333333333334,27.79583333333333,126.375,162.54166666666666,2023,3,2,3,61,0,129.5,118.91666666666669,118.16666666666669,136.9861111111111,114.2261904761905,0,1262.4
2023-03-03,26.1,51,1018.2,12.4,0.0,110.4375,73.59583333333333,699.625,28.33333333333333,32.69583333333333,130.20833333333334,169.79166666666666,2023,3,3,4,62,0,162.54166666666666,129.5,118.91666666666669,153.94444444444443,124.77976190476193,0,1331.1
2023-03-04,26.0,50,1017.9,15.3,0.0,90.40416666666664,60.5125,750.4583333333334,25.916666666666668,29.6875,141.29166666666666,174.54166666666666,2023,3,4,5,63,1,169.79166666666666,162.54166666666666,129.5,168.9583333333333,136.83333333333334,0,1300.0
2023-03-05,25.8,50,1017.5,14.6,0.0,115.97916666666669,79.8625,1175.5833333333333,38.32083333333333,36.21666666666666,157.375,189.41666666666663,2023,3,5,6,64,1,174.54166666666666,169.79166666666666,162.54166666666666,177.91666666666663,151.83928571428572,0,1290.0
2023-03-06,25.4,56,1015.2,13.2,0.0,118.52083333333331,79.9875,1318.25,41.49583333333333,43.25833333333333,171.04166666666666,201.2083333333333,2023,3,6,0,65,0,189.41666666666663,174.54166666666666,169.79166666666666,188.38888888888883,163.7023809523809,0,1422.4
2023-03-07,24.7,71,1013.9,12.8,0.0,103.4625,66.08749999999999,1305.4583333333333,49.8375,49.62083333333334,137.91666666666666,184.5833333333333,2023,3,7,1,66,0,201.2083333333333,189.41666666666663,174.54166666666666,191.73611111111103,173.0833333333333,0,1753.7
2023-03-08,24.7,73,1015.0,11.2,0.0,153.07916666666668,103.22916666666669,1606.9583333333333,53.3125,60.46666666666667,191.75,190.8333333333333,2023,3,8,2,67,0,184.5833333333333,201.2083333333333,189.41666666666663,192.2083333333333,181.84523809523807,0,1803.1
2023-03-09,25.9,60,1015.4,11.9,0.0,175.01666666666665,119.77083333333331,1663.1666666666667,55.7875,44.05416666666667,200.625,208.41666666666663,2023,3,9,3,68,0,190.8333333333333,184.5833333333333,201.2083333333333,194.61111111111103,188.3988095238095,0,1554.0
2023-03-10,25.8,55,1015.0,12.6,0.0,126.19166666666666,87.0625,1358.25,55.7125,44.6875,179.83333333333334,214.625,2023,3,10,4,69,0,208.41666666666663,190.8333333333333,184.5833333333333,204.625,194.8035714285714,0,1419.0
2023-03-11,25.4,63,1014.3,11.8,0.0,100.3875,68.7625,1373.5,63.04166666666666,51.11666666666667,99.58333333333331,160.83333333333334,2023,3,11,5,70,1,214.625,208.41666666666663,190.8333333333333,194.625,192.84523809523805,0,1600.1999999999998
2023-03-12,25.7,63,1013.4,14.1,0.0,84.3125,57.55833333333334,1294.2083333333333,61.59166666666667,50.875,76.70833333333333,154.875,2023,3,12,6,71,1,160.83333333333334,214.625,208.41666666666663,176.77777777777774,187.91071428571425,0,1619.1
2023-03-13,25.0,72,1013.2,13.1,0.0,73.71666666666667,48.26666666666667,1136.0833333333333,46.52916666666667,47.395833333333336,113.66666666666669,158.16666666666666,2023,3,13,0,72,0,154.875,160.83333333333334,214.625,157.95833333333331,181.7619047619048,0,1800.0
2023-03-14,24.0,81,1011.4,12.9,0.0,49.75833333333333,31.441666666666663,830.75,40.4875,36.49583333333333,63.25,114.625,2023,3,14,1,73,0,158.16666666666666,154.875,160.83333333333334,142.55555555555554,171.76785714285714,0,1944.0
2023-03-15,25.1,80,1008.9,14.3,0.0,45.49583333333334,25.133333333333336,448.75,18.6125,19.120833333333334,73.95833333333333,87.79166666666667,2023,3,15,2,74,0,114.625,158.16666666666666,154.875,120.19444444444444,157.04761904761904,0,2008.0
2023-03-16,25.5,80,1008.8,13.9,0.0,42.55416666666667,23.383333333333336,505.875,21.691666666666663,20.216666666666665,74.41666666666667,76.70833333333333,2023,3,16,3,75,0,87.79166666666667,114.625,158.16666666666666,93.04166666666664,138.23214285714286,0,2040.0
2023-03-17,25.6,80,1010.0,13.1,0.0,44.77916666666667,26.2875,623.5416666666666,27.92083333333333,25.96666666666667,83.54166666666667,80.70833333333333,2023,3,17,4,76,0,76.70833333333333,87.79166666666667,114.625,81.73611111111109,119.10119047619048,0,2048.0
2023-03-18,25.4,66,1010.1,11.3,0.0,84.5625,54.36666666666667,912.9583333333334,38.208333333333336,43.375,128.70833333333334,135.375,2023,3,18,5,77,1,80.70833333333333,76.70833333333333,87.79166666666667,97.5972222222222,115.46428571428572,0,1676.4
2023-03-19,24.9,69,1009.0,12.4,0.0,73.6375,44.85833333333333,752.2083333333334,30.6625,40.99166666666667,123.33333333333331,161.45833333333334,2023,3,19,6,78,1,135.375,80.70833333333333,76.70833333333333,125.8472222222222,116.4047619047619,0,1718.1
2023-03-20,24.5,77,1007.9,8.2,0.0,51.3125,25.8625,523.5416666666666,22.59583333333333,26.20833333333333,84.54166666666667,103.58333333333331,2023,3,20,0,79,0,161.45833333333334,135.375,80.70833333333333,133.4722222222222,108.60714285714286,0,1886.5
2023-03-21,25.1,71,1008.1,14.0,0.0,39.99166666666667,18.6625,363.0,15.295833333333334,14.8625,67.125,70.20833333333333,2023,3,21,1,80,0,103.58333333333331,161.45833333333334,135.375,111.75,102.26190476190474,0,1782.1
2023-03-22,23.9,78,1009.2,14.5,0.4,34.4375,18.65833333333333,358.3333333333333,14.833333333333334,14.354166666666666,67.16666666666667,64.0,2023,3,22,2,81,0,70.20833333333333,103.58333333333331,161.45833333333334,79.26388888888886,98.86309523809524,1,1864.2
2023-03-23,23.4,81,1008.7,15.6,3.8,40.0875,18.525,319.0416666666667,13.841666666666669,11.975,59.125,64.79166666666667,2023,3,23,3,82,0,64.0,70.20833333333333,103.58333333333331,66.33333333333331,97.16071428571428,1,1895.4
2023-03-24,24.4,60,1008.5,23.9,0.0,49.10416666666666,18.383333333333333,265.3333333333333,10.508333333333333,7.975,114.29166666666669,70.375,2023,3,24,4,83,0,64.79166666666667,64.0,70.20833333333333,66.38888888888887,95.6845238095238,0,1464.0
2023-03-25,24.5,67,1011.0,17.4,0.0,47.025,20.916666666666668,320.3333333333333,12.404166666666669,9.983333333333333,112.875,72.16666666666667,2023,3,25,5,84,1,70.375,64.79166666666667,64.0,69.1111111111111,86.65476190476191,0,1641.5
2023-03-26,24.1,75,1012.7,14.8,0.0,57.45416666666667,30.20833333333333,597.8333333333334,24.79583333333333,21.7125,111.58333333333331,93.875,2023,3,26,6,85,1,72.16666666666667,70.375,64.79166666666667,78.80555555555554,77.0,0,1807.5
2023-03-27,24.6,69,1011.9,15.0,0.0,56.34166666666667,31.6625,650.4583333333334,29.429166666666664,25.620833333333334,100.45833333333331,101.125,2023,3,27,0,86,0,93.875,72.16666666666667,70.375,89.05555555555554,76.64880952380952,0,1697.4
2023-03-28,24.5,78,1010.3,18.5,0.0,48.98333333333333,25.52083333333333,381.7916666666667,14.058333333333332,15.9625,94.79166666666669,88.79166666666667,2023,3,28,1,87,0,101.125,93.875,72.16666666666667,94.5972222222222,79.30357142857143,0,1911.0
2023-03-29,25.3,78,1009.6,20.4,0.0,50.91666666666666,21.429166666666664,308.9166666666667,10.504166666666666,12.520833333333334,80.625,72.70833333333333,2023,3,29,2,88,0,88.79166666666667,101.125,93.875,87.54166666666664,80.54761904761905,0,1973.4
2023-03-30,25.2,71,1008.5,18.8,0.8,56.525000000000006,23.054166666666664,316.0416666666667,10.9125,13.470833333333331,112.0,78.125,2023,3,30,3,89,0,72.70833333333333,88.79166666666667,101.125,79.87499999999999,82.45238095238096,1,1789.2
2023-03-31,25.8,76,1007.9,20.0,0.0,48.625,23.34166666666667,288.2916666666667,8.958333333333334,9.9375,112.45833333333331,78.54166666666667,2023,3,31,4,90,0,78.125,72.70833333333333,88.79166666666667,76.45833333333331,83.61904761904762,0,1960.8
2023-04-01,25.6,74,1009.3,20.3,0.0,37.97083333333333,19.39583333333333,168.04166666666666,3.4625,5.145833333333333,96.33333333333331,71.70833333333333,2023,4,1,5,91,1,78.54166666666667,78.125,72.70833333333333,76.12499999999999,83.55357142857143,0,1894.4
2023-04-02,25.4,77,1008.9,21.5,0.0,41.00833333333333,20.47083333333333,299.625,8.674999999999999,11.5,96.375,65.54166666666667,2023,4,2,6,92,1,71.70833333333333,78.54166666666667,78.125,71.93055555555554,79.5059523809524,0,1955.8
2023-04-03,26.1,78,1007.6,22.6,0.3,47.59583333333333,21.075,321.5833333333333,11.566666666666668,13.183333333333332,83.58333333333333,68.04166666666667,2023,4,3,0,93,0,65.54166666666667,71.70833333333333,78.54166666666667,68.43055555555554,74.77976190476191,1,2035.8
2023-04-04,24.9,74,1009.7,16.3,0.0,33.575,16.787499999999998,373.9583333333333,14.029166666666669,13.058333333333332,111.83333333333331,82.41666666666667,2023,4,4,1,94,0,68.04166666666667,65.54166666666667,71.70833333333333,71.99999999999999,73.86904761904762,0,1842.6
2023-04-05,25.1,69,1010.0,18.1,0.0,29.883333333333336,16.5625,435.625,17.425,15.020833333333334,116.41666666666669,77.79166666666667,2023,4,5,2,95,0,82.41666666666667,68.04166666666667,65.54166666666667,76.08333333333331,74.5952380952381,0,1731.9
2023-04-06,25.0,76,1011.1,16.5,0.0,38.725,20.229166666666668,499.8333333333333,22.7125,18.025,103.875,73.625,2023,4,6,3,96,0,77.79166666666667,82.41666666666667,68.04166666666667,77.94444444444441,73.95238095238096,0,1900.0
2023-04-07,25.2,78,1012.8,15.6,0.0,48.125,27.566666666666663,710.5833333333334,29.766666666666666,25.541666666666668,111.79166666666669,96.66666666666669,2023,4,7,4,97,0,73.625,77.79166666666667,82.41666666666667,82.69444444444444,76.54166666666667,0,1965.6
2023-04-08,25.8,76,1013.6,15.6,0.0,64.03333333333333,38.3375,740.5,27.0125,25.266666666666666,126.375,128.95833333333334,2023,4,8,5,98,1,96.66666666666669,73.625,77.79166666666667,99.75,84.7202380952381,0,1960.8
2023-04-09,25.6,78,1013.6,16.5,0.0,44.1375,22.875,532.625,22.4625,21.7625,83.79166666666667,93.16666666666669,2023,4,9,6,99,1,128.95833333333334,96.66666666666669,73.625,106.26388888888889,88.66666666666667,0,1996.8
2023-04-10,25.2,82,1011.9,12.0,0.0,51.80416666666667,27.8625,730.9166666666666,33.32083333333333,36.891666666666666,74.04166666666667,80.375,2023,4,10,0,100,0,93.16666666666669,128.95833333333334,96.66666666666669,100.83333333333331,90.42857142857144,0,2066.4
2023-04-11,25.2,82,1012.1,13.5,0.0,46.425,24.616666666666664,684.4166666666666,31.191666666666663,28.704166666666666,75.29166666666667,83.16666666666667,2023,4,11,1,101,0,80.375,93.16666666666669,128.95833333333334,85.56944444444444,90.5357142857143,0,2066.4
2023-04-12,27.0,76,1012.1,15.7,0.0,69.96249999999999,39.895833333333336,696.9583333333334,25.79583333333333,25.354166666666668,115.54166666666669,123.66666666666669,2023,4,12,2,102,0,83.16666666666667,80.375,93.16666666666669,95.7361111111111,97.08928571428572,0,2052.0
2023-04-13,27.9,70,1011.5,20.3,0.0,50.895833333333336,26.879166666666663,590.4166666666666,24.27083333333333,22.83333333333333,79.04166666666667,101.0,2023,4,13,3,103,0,123.66666666666669,83.16666666666667,80.375,102.6111111111111,101.0,0,1953.0
2023-04-14,27.0,82,1010.1,18.1,0.0,40.6125,20.7375,508.9166666666667,21.554166666666664,20.98333333333333,66.125,74.45833333333333,2023,4,14,4,104,0,101.0,123.66666666666669,83.16666666666667,99.70833333333331,97.82738095238096,0,2214.0
2023-04-15,27.2,82,1008.5,14.7,0.0,63.8375,29.504166666666663,666.375,29.4125,30.7375,73.70833333333333,78.375,2023,4,15,5,105,1,74.45833333333333,101.0,123.66666666666669,84.61111111111109,90.60119047619048,0,2230.4
2023-04-16,27.4,81,1007.4,17.8,0.0,50.7875,23.554166666666664,531.9583333333334,22.254166666666663,22.70833333333333,86.70833333333333,83.625,2023,4,16,6,106,1,78.375,74.45833333333333,101.0,78.81944444444441,89.23809523809526,0,2219.4
2023-04-17,27.3,77,1008.4,17.5,0.0,47.7875,21.245833333333334,471.25,19.654166666666665,19.133333333333333,99.45833333333331,80.83333333333333,2023,4,17,0,107,0,83.625,78.375,74.45833333333333,80.94444444444441,89.30357142857144,0,2102.1
2023-04-18,28.6,67,1010.9,18.4,0.0,54.2875,28.629166666666663,534.75,23.1125,19.75,79.45833333333333,77.33333333333333,2023,4,18,1,108,0,80.83333333333333,83.625,78.375,80.5972222222222,88.47023809523809,0,1916.2
2023-04-19,27.8,63,1008.9,19.5,0.0,62.70416666666667,32.666666666666664,576.125,23.90416666666667,21.316666666666663,91.5,92.54166666666669,2023,4,19,2,109,0,77.33333333333333,80.83333333333333,83.625,83.56944444444443,84.02380952380952,0,1751.4
2023-04-20,27.9,71,1005.7,22.7,0.0,53.52916666666667,26.870833333333334,459.8333333333333,18.0125,16.320833333333333,106.625,99.58333333333331,2023,4,20,3,110,0,92.54166666666669,77.33333333333333,80.83333333333333,89.81944444444441,83.82142857142857,0,1980.9
2023-04-21,27.6,77,1005.2,21.8,0.0,40.6,20.1,388.6666666666667,15.316666666666665,14.2,72.625,75.0,2023,4,21,4,111,0,99.58333333333331,92.54166666666669,77.33333333333333,89.04166666666664,83.89880952380953,0,2125.2000000000003
2023-04-22,27.6,76,1006.2,20.2,0.0,48.87083333333334,23.8375,445.9583333333333,17.645833333333332,18.091666666666665,90.58333333333331,79.29166666666667,2023,4,22,5,112,1,75.0,99.58333333333331,92.54166666666669,84.62499999999999,84.02976190476191,0,2097.6
2023-04-23,28.2,74,1006.6,17.7,0.0,44.3125,23.245833333333334,563.4583333333334,23.90416666666667,22.6875,78.20833333333333,78.95833333333333,2023,4,23,6,113,1,79.29166666666667,75.0,99.58333333333331,77.74999999999999,83.36309523809523,0,2086.8
2023-04-24,27.7,78,1008.4,16.9,0.0,52.6375,28.40416666666667,640.5,29.17083333333333,25.1875,60.04166666666666,80.45833333333333,2023,4,24,0,114,0,78.95833333333333,79.29166666666667,75.0,79.56944444444441,83.30952380952381,0,2160.6
2023-04-25,28.1,70,1008.9,20.4,0.0,51.92083333333333,28.679166666666664,545.875,22.304166666666664,20.304166666666667,67.33333333333333,85.875,2023,4,25,1,115,0,80.45833333333333,78.95833333333333,79.29166666666667,81.76388888888886,84.5297619047619,0,1967.0
2023-04-26,28.2,55,1007.4,20.2,0.0,47.4,24.241666666666664,419.0,16.283333333333335,15.55,81.79166666666667,81.5,2023,4,26,2,116,0,85.875,80.45833333333333,78.95833333333333,82.61111111111109,82.95238095238095,0,1551.0
2023-04-27,27.2,72,1007.4,18.2,0.3,30.64583333333333,15.5625,305.375,10.679166666666667,10.554166666666667,66.375,66.54166666666667,2023,4,27,3,117,0,81.5,85.875,80.45833333333333,77.97222222222221,78.23214285714286,1,1958.4
2023-04-28,25.9,76,1008.3,13.8,3.4,31.191666666666663,15.583333333333334,323.875,12.05,12.158333333333331,70.58333333333333,58.375,2023,4,28,4,118,0,66.54166666666667,81.5,85.875,68.80555555555554,75.85714285714286,1,1968.4
2023-04-29,25.2,76,1007.7,10.4,0.8,29.65,15.779166666666669,384.0416666666667,13.683333333333332,18.1,88.33333333333333,68.16666666666667,2023,4,29,5,119,1,58.375,66.54166666666667,81.5,64.3611111111111,74.26785714285714,1,1915.2
2023-04-30,26.0,69,1006.3,11.1,0.2,33.99583333333333,17.3875,391.125,15.354166666666666,19.454166666666666,88.0,69.04166666666667,2023,4,30,6,120,1,68.16666666666667,58.375,66.54166666666667,65.19444444444443,72.85119047619047,1,1794.0
2023-05-01,27.3,71,1005.4,15.0,0.9,35.09583333333333,20.216666666666665,398.6666666666667,15.3625,16.599999999999998,91.33333333333331,72.625,2023,5,1,0,121,0,69.04166666666667,68.16666666666667,58.375,69.94444444444443,71.73214285714286,1,1938.3
2023-05-02,27.9,74,1006.6,18.0,0.1,35.0,19.2,430.0,16.704166666666666,17.820833333333333,79.08333333333333,68.83333333333333,2023,5,2,1,122,0,72.625,69.04166666666667,68.16666666666667,70.16666666666664,69.29761904761905,1,2064.6
2023-05-03,27.8,78,1008.7,15.6,0.0,29.191666666666663,15.191666666666668,421.0,17.108333333333334,17.779166666666665,71.08333333333333,60.375,2023,5,3,2,123,0,68.83333333333333,72.625,69.04166666666667,67.27777777777776,66.2797619047619,0,2168.4
2023-05-04,27.6,80,1008.1,14.5,0.0,41.7625,20.15833333333333,481.2083333333333,20.825,23.375,68.79166666666667,62.125,2023,5,4,3,124,0,60.375,68.83333333333333,72.625,63.77777777777775,65.64880952380952,0,2208.0
2023-05-05,27.7,80,1007.6,15.3,0.0,45.50416666666666,20.058333333333334,442.25,18.55,19.55,71.91666666666667,67.79166666666667,2023,5,5,4,125,0,62.125,60.375,68.83333333333333,63.43055555555554,66.99404761904762,0,2216.0
2023-05-06,28.5,76,1007.5,19.6,0.0,40.87083333333333,20.5375,422.0833333333333,17.925,17.908333333333335,73.95833333333333,68.16666666666667,2023,5,6,5,126,1,67.79166666666667,62.125,60.375,66.02777777777776,66.99404761904762,0,2166.0
2023-05-07,28.4,80,1006.9,20.9,0.0,48.3875,21.029166666666665,352.25,14.166666666666666,15.058333333333332,65.66666666666667,69.58333333333333,2023,5,7,6,127,1,68.16666666666667,67.79166666666667,62.125,68.51388888888887,67.07142857142857,0,2272.0
2023-05-08,28.8,79,1005.9,19.0,0.0,43.325,21.59583333333333,439.2083333333333,19.0,19.35,70.45833333333333,68.75,2023,5,8,0,128,0,69.58333333333333,68.16666666666667,67.79166666666667,68.83333333333331,66.51785714285714,0,2275.2000000000003
2023-05-09,28.4,79,1007.1,15.5,0.0,56.97083333333333,29.704166666666666,609.8333333333334,27.0,29.166666666666668,67.5,81.125,2023,5,9,1,129,0,68.75,69.58333333333333,68.16666666666667,73.15277777777776,68.27380952380953,0,2243.6
2023-05-10,29.4,71,1007.7,16.6,0.0,48.5375,27.4,647.4166666666666,28.5625,26.825,84.20833333333333,93.20833333333331,2023,5,10,2,130,0,81.125,68.75,69.58333333333333,81.02777777777776,72.96428571428571,0,2087.4
2023-05-11,30.2,68,1007.4,21.2,0.0,47.925,25.60833333333333,488.0,19.654166666666665,20.341666666666665,87.25,88.83333333333333,2023,5,11,3,131,0,93.20833333333331,81.125,68.75,87.72222222222221,76.77976190476191,0,2053.6
2023-05-12,30.3,66,1006.6,23.2,0.0,30.09583333333333,18.22083333333333,445.875,17.599999999999998,20.8375,68.58333333333333,71.375,2023,5,12,4,132,0,88.83333333333333,93.20833333333331,81.125,84.4722222222222,77.29166666666666,0,1999.8
2023-05-13,30.1,71,1005.9,25.4,0.0,30.741666666666664,17.95,514.625,21.416666666666668,24.0375,60.833333333333336,63.04166666666666,2023,5,13,5,133,1,71.375,88.83333333333333,93.20833333333331,74.41666666666664,76.55952380952381,0,2137.1
2023-05-14,29.6,80,1004.6,24.1,0.0,29.28333333333333,15.041666666666666,300.5,10.1,14.3875,59.875,60.833333333333336,2023,5,14,6,134,1,63.04166666666666,71.375,88.83333333333333,65.08333333333331,75.30952380952381,0,2368.0
2023-05-15,29.6,80,1003.8,23.6,0.1,34.645833333333336,16.358333333333334,263.2916666666667,10.016666666666667,13.170833333333333,57.333333333333336,56.833333333333336,2023,5,15,0,135,0,60.833333333333336,63.04166666666666,71.375,60.236111111111086,73.60714285714286,1,2368.0
2023-05-16,29.6,81,1006.1,26.8,0.0,33.53333333333333,17.654166666666665,243.5833333333333,9.295833333333333,10.8375,50.5,60.208333333333336,2023,5,16,1,136,0,56.833333333333336,60.833333333333336,63.04166666666666,59.29166666666665,70.61904761904762,0,2397.6
2023-05-17,29.4,77,1007.0,27.4,0.6,34.50416666666667,16.791666666666668,205.875,7.458333333333333,8.745833333333334,53.333333333333336,63.208333333333336,2023,5,17,2,137,0,60.208333333333336,56.833333333333336,60.833333333333336,60.083333333333314,66.33333333333333,1,2263.8
2023-05-18,29.6,80,1009.4,24.5,0.0,35.63333333333333,15.329166666666666,270.0833333333333,11.058333333333332,11.479166666666666,55.66666666666666,57.66666666666666,2023,5,18,3,138,0,63.208333333333336,60.208333333333336,56.833333333333336,60.361111111111086,61.88095238095239,0,2368.0
2023-05-19,29.3,81,1009.0,20.2,0.0,42.3375,16.875,308.6666666666667,12.75,13.625,53.29166666666666,58.125,2023,5,19,4,139,0,57.66666666666666,63.208333333333336,60.208333333333336,59.66666666666665,59.98809523809524,0,2373.3
2023-05-20,29.1,78,1007.6,24.3,0.0,35.625,15.129166666666668,237.7083333333333,8.895833333333334,9.833333333333334,51.375,58.75,2023,5,20,5,140,1,58.125,57.66666666666666,63.208333333333336,58.180555555555536,59.375,0,2269.8
2023-05-21,29.7,76,1007.5,25.3,0.0,38.05,16.570833333333333,223.125,7.783333333333334,8.904166666666667,52.16666666666666,58.125,2023,5,21,6,141,1,58.75,58.125,57.66666666666666,58.333333333333314,58.98809523809524,0,2257.2
2023-05-22,29.8,80,1007.4,25.1,0.0,37.29166666666666,15.925,234.79166666666663,8.512500000000001,9.508333333333333,54.208333333333336,59.833333333333336,2023,5,22,0,142,0,58.125,58.75,58.125,58.90277777777776,59.41666666666667,0,2384.0
2023-05-23,29.7,83,1007.2,24.2,0.4,32.27916666666667,15.8,294.3333333333333,12.466666666666669,12.9625,47.79166666666666,56.79166666666666,2023,5,23,1,143,0,59.833333333333336,58.125,58.75,58.24999999999998,58.92857142857143,1,2465.1
2023-05-24,29.9,82,1005.9,26.9,0.0,34.266666666666666,17.849999999999998,308.5,12.05,13.408333333333331,53.458333333333336,61.083333333333336,2023,5,24,2,144,0,56.79166666666666,59.833333333333336,58.125,59.236111111111086,58.625,0,2451.8
2023-05-25,30.3,80,1004.4,31.4,0.0,34.9625,18.308333333333334,271.0,9.258333333333333,11.016666666666666,50.375,62.083333333333336,2023,5,25,3,145,0,61.083333333333336,56.79166666666666,59.833333333333336,59.986111111111086,59.25595238095237,0,2424.0
2023-05-26,30.2,81,1004.3,30.6,0.0,33.670833333333334,17.5,256.9583333333333,9.2625,10.445833333333333,45.833333333333336,63.875,2023,5,26,4,146,0,62.083333333333336,61.083333333333336,56.79166666666666,62.3472222222222,60.07738095238095,0,2446.2
2023-05-27,30.2,79,1004.2,28.4,0.0,33.86666666666667,17.75,283.4166666666667,11.0625,12.516666666666666,45.66666666666666,60.79166666666666,2023,5,27,5,147,1,63.875,62.083333333333336,61.083333333333336,62.24999999999998,60.36904761904761,0,2385.8
2023-05-28,30.1,80,1004.6,24.0,0.0,28.4625,14.495833333333332,290.6666666666667,11.35,13.370833333333332,44.583333333333336,59.875,2023,5,28,6,148,1,60.79166666666666,63.875,62.083333333333336,61.513888888888864,60.61904761904761,0,2408.0
2023-05-29,29.9,83,1006.4,21.1,0.0,25.95,13.258333333333333,294.8333333333333,11.7625,14.520833333333334,42.41666666666666,54.66666666666666,2023,5,29,0,149,0,59.875,60.79166666666666,63.875,58.44444444444442,59.88095238095237,0,2481.7
2023-05-30,29.9,76,1007.9,21.8,0.2,27.416666666666668,13.3625,252.29166666666663,10.0375,11.266666666666666,43.75,51.583333333333336,2023,5,30,1,150,0,54.66666666666666,59.875,60.79166666666666,55.37499999999998,59.13690476190476,1,2272.4
2023-05-31,29.6,74,1007.5,24.2,1.1,23.070833333333336,13.0375,216.41666666666663,8.358333333333333,9.654166666666669,41.54166666666666,52.958333333333336,2023,5,31,2,151,0,51.583333333333336,54.66666666666666,59.875,53.06944444444442,57.97619047619048,1,2190.4
2023-06-01,29.9,77,1005.2,30.0,1.4,27.09583333333333,14.408333333333331,205.75,7.233333333333333,8.041666666666666,45.25,52.125,2023,6,1,3,152,0,52.958333333333336,51.583333333333336,54.66666666666666,52.2222222222222,56.55357142857143,1,2302.3
2023-06-02,30.0,81,1005.4,23.2,0.1,31.616666666666664,15.904166666666669,278.0416666666667,10.695833333333333,12.0375,54.79166666666666,59.083333333333336,2023,6,2,4,153,0,52.125,52.958333333333336,51.583333333333336,54.72222222222221,55.86904761904763,1,2430.0
2023-06-03,29.9,82,1004.7,24.2,0.0,33.28333333333333,15.45,303.9583333333333,12.429166666666667,13.654166666666669,58.04166666666666,56.375,2023,6,3,5,154,1,59.083333333333336,52.125,52.958333333333336,55.861111111111086,55.238095238095234,0,2451.8
2023-06-04,30.0,81,1005.0,21.9,0.0,47.32083333333333,19.79583333333333,334.6666666666667,13.375,15.120833333333332,67.75,61.54166666666666,2023,6,4,6,155,1,56.375,59.083333333333336,52.125,58.99999999999998,55.47619047619048,0,2430.0
2023-06-05,30.0,81,1004.7,20.5,0.0,39.50416666666667,16.891666666666666,295.25,12.370833333333332,13.529166666666669,58.04166666666666,64.41666666666667,2023,6,5,0,156,0,61.54166666666666,56.375,59.083333333333336,60.77777777777775,56.86904761904763,0,2430.0
2023-06-06,30.4,81,1002.8,23.0,0.0,37.24583333333333,17.966666666666665,347.5416666666667,15.358333333333333,16.0,61.41666666666666,60.41666666666666,2023,6,6,1,157,0,64.41666666666667,61.54166666666666,56.375,62.12499999999998,58.13095238095237,0,2462.4
2023-06-07,30.6,81,1002.0,22.0,0.0,42.48333333333333,20.179166666666667,361.0833333333333,15.8,18.116666666666667,60.04166666666666,65.45833333333333,2023,6,7,2,158,0,60.41666666666666,64.41666666666667,61.54166666666666,63.430555555555536,59.91666666666666,0,2478.6
2023-06-08,30.3,78,1003.8,20.5,0.0,34.90833333333333,16.045833333333334,245.0833333333333,9.145833333333334,11.5375,58.125,63.66666666666666,2023,6,8,3,159,0,65.45833333333333,60.41666666666666,64.41666666666667,63.18055555555552,61.56547619047619,0,2363.4
2023-06-09,30.2,76,1002.3,23.9,0.8,42.10416666666666,18.616666666666667,219.25,7.9875,9.2875,52.41666666666666,59.708333333333336,2023,6,9,4,160,0,63.66666666666666,65.45833333333333,60.41666666666666,62.94444444444442,61.65476190476191,1,2295.2
2023-06-10,29.9,76,1000.5,19.7,0.2,37.325,16.695833333333333,243.0,9.579166666666667,11.329166666666666,54.75,65.54166666666667,2023,6,10,5,161,1,59.708333333333336,63.66666666666666,65.45833333333333,62.97222222222221,62.96428571428571,1,2272.4
2023-06-11,30.0,76,999.8,10.8,0.0,35.11666666666667,21.8625,515.625,25.17083333333333,26.066666666666663,61.708333333333336,60.79166666666666,2023,6,11,6,162,1,65.54166666666667,59.708333333333336,63.66666666666666,62.01388888888888,62.85714285714285,0,2280.0
2023-06-12,32.1,65,997.7,15.1,0.0,93.07083333333333,61.19583333333333,790.375,27.42083333333333,34.458333333333336,147.41666666666666,149.33333333333334,2023,6,12,0,163,0,60.79166666666666,65.54166666666667,59.708333333333336,91.88888888888889,74.98809523809523,0,2086.5
2023-06-13,31.4,64,997.0,30.6,5.4,33.204166666666666,14.308333333333332,216.875,12.070833333333333,18.5375,61.29166666666666,117.83333333333331,2023,6,13,1,164,0,149.33333333333334,60.79166666666666,65.54166666666667,109.3194444444444,83.19047619047618,1,2009.6
2023-06-14,31.0,64,996.8,33.7,0.5,46.71666666666667,19.70833333333333,177.66666666666666,8.833333333333334,14.1875,63.75,60.79166666666666,2023,6,14,2,165,0,117.83333333333331,149.33333333333334,60.79166666666666,109.3194444444444,82.52380952380952,1,1984.0
2023-06-15,30.4,68,994.6,36.9,0.3,38.275,17.620833333333334,171.5,8.416666666666666,11.9875,55.458333333333336,67.29166666666667,2023,6,15,3,166,0,60.79166666666666,117.83333333333331,149.33333333333334,81.97222222222219,83.04166666666666,1,2067.2
2023-06-16,31.1,71,996.4,25.0,1.3,40.48333333333333,21.166666666666668,296.875,14.558333333333332,13.483333333333334,66.29166666666667,59.04166666666666,2023,6,16,4,167,0,67.29166666666667,60.79166666666666,117.83333333333331,62.37499999999998,82.94642857142856,1,2208.1
2023-06-17,30.5,81,1000.2,24.0,0.0,63.02916666666667,24.991666666666664,254.5833333333333,10.3,11.65,61.04166666666666,76.70833333333333,2023,6,17,5,168,1,59.04166666666666,67.29166666666667,60.79166666666666,67.68055555555553,84.54166666666666,0,2470.5
2023-06-18,30.3,74,1002.1,27.7,0.0,71.50833333333334,27.979166666666668,220.0833333333333,8.025,8.604166666666666,59.875,81.45833333333333,2023,6,18,6,169,1,76.70833333333333,59.04166666666666,67.29166666666667,72.40277777777776,87.49404761904762,0,2242.2000000000003
2023-06-19,30.0,75,1001.7,26.8,0.0,71.18333333333334,26.42083333333333,206.91666666666663,7.125,8.137500000000001,62.41666666666666,83.83333333333333,2023,6,19,0,170,0,81.45833333333333,76.70833333333333,59.04166666666666,80.66666666666664,78.13690476190474,0,2250.0
2023-06-20,30.6,69,1000.8,26.7,0.0,67.47916666666667,24.229166666666668,205.375,7.1000000000000005,8.208333333333334,66.25,77.5,2023,6,20,1,171,0,83.83333333333333,81.45833333333333,76.70833333333333,80.93055555555553,72.375,0,2111.4
2023-06-21,30.6,74,1001.0,26.1,1.0,65.55416666666666,23.316666666666663,224.8333333333333,8.420833333333333,9.5,61.208333333333336,75.66666666666667,2023,6,21,2,172,0,77.5,83.83333333333333,81.45833333333333,78.99999999999999,74.5,1,2264.4
2023-06-22,30.2,77,1001.6,24.8,2.2,54.5,20.675,224.125,8.5375,9.975,57.625,71.08333333333333,2023,6,22,3,173,0,75.66666666666667,77.5,83.83333333333333,74.74999999999999,75.04166666666666,1,2325.4
2023-06-23,30.1,76,1001.3,23.9,0.4,56.81666666666666,21.2125,210.7083333333333,7.983333333333333,9.466666666666669,55.79166666666666,69.20833333333333,2023,6,23,4,174,0,71.08333333333333,75.66666666666667,77.5,71.98611111111109,76.4940476190476,1,2287.6
2023-06-24,30.1,78,1000.0,22.8,1.0,51.25416666666666,20.891666666666666,221.25,8.558333333333334,10.108333333333333,53.375,69.08333333333333,2023,6,24,5,175,1,69.20833333333333,71.08333333333333,75.66666666666667,69.79166666666664,75.4047619047619,1,2347.8
2023-06-25,30.3,79,999.3,22.2,0.5,47.65833333333333,19.9375,252.29166666666663,9.5,11.633333333333333,58.54166666666666,66.875,2023,6,25,6,176,1,69.08333333333333,69.20833333333333,71.08333333333333,68.38888888888887,73.32142857142857,1,2393.7000000000003
2023-06-26,30.5,77,1000.0,22.9,0.8,50.48333333333333,21.7125,267.7916666666667,9.433333333333334,13.425,63.04166666666666,69.125,2023,6,26,0,177,0,66.875,69.08333333333333,69.20833333333333,68.36111111111109,71.22023809523809,1,2348.5
2023-06-27,30.6,76,1000.6,19.7,0.8,63.80833333333334,24.120833333333334,246.25,8.891666666666667,11.779166666666669,64.125,72.58333333333333,2023,6,27,1,178,0,69.125,66.875,69.08333333333333,69.52777777777776,70.51785714285714,1,2325.6
2023-06-28,30.8,76,1001.5,20.6,0.0,58.1125,21.1375,159.91666666666666,6.666666666666667,4.366666666666666,54.875,74.75,2023,6,28,2,179,0,72.58333333333333,69.125,66.875,72.15277777777776,70.38690476190476,0,2340.8
2023-06-29,31.1,73,1001.3,25.4,0.3,38.891666666666666,15.095833333333331,148.625,6.191666666666666,3.7875,51.66666666666666,63.333333333333336,2023,6,29,3,180,0,74.75,72.58333333333333,69.125,70.2222222222222,69.27976190476191,1,2270.3
2023-06-30,30.8,73,1000.0,30.1,1.0,45.69166666666666,17.712500000000002,147.83333333333334,5.841666666666666,3.5,49.958333333333336,56.958333333333336,2023,6,30,4,181,0,63.333333333333336,74.75,72.58333333333333,65.01388888888887,67.5297619047619,1,2248.4
2023-07-01,30.8,74,1000.2,23.8,1.1,72.8125,24.804166666666664,150.875,6.491666666666667,4.016666666666667,50.5,69.91666666666667,2023,7,1,5,182,1,56.958333333333336,63.333333333333336,74.75,63.40277777777776,67.64880952380953,1,2279.2000000000003
2023-07-02,30.7,76,1001.3,18.0,0.4,94.50416666666666,25.6,165.25,7.875,5.291666666666667,58.458333333333336,79.20833333333333,2023,7,2,6,183,1,69.91666666666667,56.958333333333336,63.333333333333336,68.69444444444441,69.41071428571429,1,2333.2
2023-07-03,30.7,78,1000.9,17.4,0.4,114.375,25.02083333333333,156.0,8.145833333333334,5.541666666666667,55.875,77.83333333333333,2023,7,3,0,184,0,79.20833333333333,69.91666666666667,56.958333333333336,75.65277777777776,70.6547619047619,1,2394.6
2023-07-04,30.6,74,998.9,21.5,0.1,107.65416666666664,25.89583333333333,156.25,6.6375,4.908333333333333,57.208333333333336,80.83333333333333,2023,7,4,1,185,0,77.83333333333333,79.20833333333333,69.91666666666667,79.29166666666664,71.83333333333334,1,2264.4
2023-07-05,30.9,72,996.5,22.9,0.6,101.9125,27.39583333333333,147.70833333333334,5.9750000000000005,4.316666666666666,64.54166666666667,81.20833333333333,2023,7,5,2,186,0,80.83333333333333,77.83333333333333,79.20833333333333,79.95833333333331,72.75595238095238,1,2224.8
2023-07-06,30.8,74,998.6,15.9,0.1,142.74166666666667,34.541666666666664,181.0,8.854166666666666,6.308333333333334,68.91666666666667,87.33333333333333,2023,7,6,3,187,0,81.20833333333333,80.83333333333333,77.83333333333333,83.12499999999999,76.18452380952381,1,2279.2000000000003
2023-07-07,31.7,73,999.8,17.3,0.0,137.5375,31.6375,190.8333333333333,10.195833333333333,6.241666666666667,62.41666666666666,96.16666666666669,2023,7,7,4,188,0,87.33333333333333,81.20833333333333,80.83333333333333,88.2361111111111,81.78571428571429,0,2314.1
2023-07-08,31.3,73,1000.1,17.9,4.0,201.79166666666663,38.95,193.75,11.008333333333333,5.716666666666666,61.91666666666666,103.0,2023,7,8,5,189,1,96.16666666666669,87.33333333333333,81.20833333333333,95.5,86.51190476190474,1,2284.9
2023-07-09,31.0,74,1001.0,19.2,0.1,209.97916666666663,36.579166666666666,175.875,9.320833333333333,5.5,63.333333333333336,127.25,2023,7,9,6,190,1,103.0,96.16666666666669,87.33333333333333,108.80555555555554,93.375,1,2294.0
2023-07-10,31.0,67,1002.0,21.9,0.0,142.59583333333333,29.266666666666666,144.125,6.704166666666667,4.4750000000000005,58.208333333333336,117.83333333333331,2023,7,10,0,191,0,127.25,103.0,96.16666666666669,116.02777777777776,99.08928571428572,0,2077.0
2023-07-11,31.3,64,1002.9,23.5,0.0,113.32916666666668,29.65416666666667,148.625,6.391666666666667,4.1875,58.875,87.16666666666667,2023,7,11,1,192,0,117.83333333333331,127.25,103.0,110.75,99.9940476190476,0,2003.2
2023-07-12,31.1,65,1001.7,24.8,0.0,116.82916666666668,28.075,140.04166666666666,5.8875,3.866666666666666,56.625,86.58333333333333,2023,7,12,2,193,0,87.16666666666667,117.83333333333331,127.25,97.1944444444444,100.76190476190476,0,2021.5
2023-07-13,31.0,67,1000.9,24.6,0.1,121.05833333333334,25.870833333333334,134.25,5.7875000000000005,3.85,57.25,82.95833333333333,2023,7,13,3,194,0,86.58333333333333,87.16666666666667,117.83333333333331,85.56944444444441,100.13690476190476,1,2077.0
2023-07-14,30.8,67,1002.0,25.0,0.2,109.4125,28.77083333333333,131.08333333333334,5.591666666666666,3.9125,54.75,83.29166666666667,2023,7,14,4,195,0,82.95833333333333,86.58333333333333,87.16666666666667,84.27777777777776,98.29761904761904,1,2063.6
2023-07-15,30.5,69,1002.1,28.3,0.0,89.37916666666666,27.7625,127.29166666666669,5.6125,3.6375,51.458333333333336,83.66666666666667,2023,7,15,5,196,1,83.29166666666667,82.95833333333333,86.58333333333333,83.30555555555554,95.53571428571426,0,2104.5
2023-07-16,30.4,68,1001.3,26.4,0.0,108.42916666666667,34.525,141.0,6.075,3.720833333333333,54.208333333333336,91.58333333333331,2023,7,16,6,197,1,83.66666666666667,83.29166666666667,82.95833333333333,86.18055555555554,90.4404761904762,0,2067.2
2023-07-17,30.8,71,1000.7,22.2,0.2,97.9875,29.433333333333334,152.0,6.833333333333333,4.3875,56.0,93.625,2023,7,17,0,198,0,91.58333333333331,83.66666666666667,83.29166666666667,89.62499999999996,86.98214285714286,1,2186.8
2023-07-18,30.2,74,999.9,23.8,0.6,79.39166666666667,24.34166666666667,149.33333333333334,6.775,4.4125000000000005,53.958333333333336,82.75,2023,7,18,1,199,0,93.625,91.58333333333331,83.66666666666667,89.31944444444441,86.35119047619048,1,2234.8
2023-07-19,30.1,74,998.2,23.1,0.1,75.69166666666666,22.329166666666666,142.83333333333334,7.270833333333333,4.570833333333334,54.083333333333336,71.83333333333333,2023,7,19,2,200,0,82.75,93.625,91.58333333333331,82.73611111111109,84.2440476190476,1,2227.4
2023-07-20,30.5,72,998.9,18.8,0.0,110.34583333333336,28.179166666666664,182.5,10.595833333333331,6.9,55.41666666666666,78.45833333333333,2023,7,20,3,201,0,71.83333333333333,82.75,93.625,77.68055555555553,83.60119047619048,0,2196.0
2023-07-21,30.4,76,1000.6,18.4,4.7,77.78750000000001,21.0,178.20833333333334,9.55,6.145833333333333,52.16666666666666,77.875,2023,7,21,4,202,0,78.45833333333333,71.83333333333333,82.75,76.05555555555553,82.82738095238095,1,2310.4
2023-07-22,30.5,77,1001.8,16.9,0.2,85.2,22.870833333333334,187.0,10.070833333333333,6.0875,59.375,69.375,2023,7,22,5,203,1,77.875,78.45833333333333,71.83333333333333,75.23611111111109,80.78571428571429,1,2348.5
2023-07-23,30.1,82,1000.5,11.1,27.5,41.1125,18.95,279.4166666666667,14.604166666666666,9.054166666666667,75.91666666666667,70.29166666666667,2023,7,23,6,204,1,69.375,77.875,78.45833333333333,72.51388888888887,77.7440476190476,1,2468.2000000000003
2023-07-24,28.1,89,998.7,14.3,16.4,24.0,15.116666666666667,309.5,15.891666666666666,10.125,81.54166666666667,61.66666666666666,2023,7,24,0,205,0,70.29166666666667,69.375,77.875,67.11111111111109,73.17857142857143,1,2500.9
2023-07-25,28.5,85,1000.8,10.8,7.0,57.37083333333334,24.066666666666663,287.3333333333333,21.4125,9.0875,51.875,62.41666666666666,2023,7,25,1,206,0,61.66666666666666,70.29166666666667,69.375,64.79166666666664,70.27380952380952,1,2422.5
2023-07-26,28.8,83,1002.8,12.5,0.6,49.2125,22.508333333333336,261.4166666666667,17.425,9.5875,61.958333333333336,76.125,2023,7,26,2,207,0,62.41666666666666,61.66666666666666,70.29166666666667,66.73611111111109,70.88690476190476,1,2390.4
2023-07-27,28.8,83,1003.4,20.6,0.9,53.0875,20.125,184.5,10.5875,4.5625,51.75,71.91666666666667,2023,7,27,3,208,0,76.125,62.41666666666666,61.66666666666666,70.15277777777776,69.95238095238095,1,2390.4
2023-07-28,28.7,82,1002.2,27.2,0.2,55.93333333333334,19.704166666666666,163.83333333333334,8.15,3.7916666666666665,46.5,65.79166666666667,2023,7,28,4,209,0,71.91666666666667,76.125,62.41666666666666,71.27777777777776,68.22619047619048,1,2353.4
2023-07-29,28.7,81,1001.1,28.4,0.9,75.26666666666667,20.40833333333333,148.95833333333334,8.633333333333335,3.7125,42.333333333333336,65.04166666666667,2023,7,29,5,210,1,65.79166666666667,71.91666666666667,76.125,67.58333333333331,67.60714285714286,1,2324.7
2023-07-30,28.7,83,1000.8,24.7,0.8,85.98333333333333,23.104166666666668,163.79166666666666,9.8,4.0625,41.5,72.29166666666667,2023,7,30,6,211,1,65.04166666666667,65.79166666666667,71.91666666666667,67.70833333333331,67.89285714285714,1,2382.1
2023-07-31,28.7,85,1000.5,24.7,1.3,77.63333333333334,21.4,163.875,9.4875,4.154166666666667,39.708333333333336,71.04166666666667,2023,7,31,0,212,0,72.29166666666667,65.04166666666667,65.79166666666667,69.45833333333331,69.23214285714286,1,2439.5
2023-08-01,28.6,85,1000.2,26.7,1.1,72.02499999999999,20.725,160.83333333333334,8.770833333333334,3.9875,42.708333333333336,70.45833333333333,2023,8,1,1,213,0,71.04166666666667,72.29166666666667,65.04166666666667,71.26388888888887,70.38095238095238,1,2431.0
2023-08-02,28.6,83,1000.2,29.4,1.4,68.73333333333333,21.20833333333333,157.08333333333334,7.5375,3.716666666666667,48.79166666666666,68.625,2023,8,2,2,214,0,70.45833333333333,71.04166666666667,72.29166666666667,70.04166666666664,69.30952380952381,1,2373.8
2023-08-03,28.5,82,999.6,24.8,0.8,91.36666666666667,23.95,156.79166666666666,7.529166666666666,4.0625,51.208333333333336,71.08333333333333,2023,8,3,3,215,0,68.625,70.45833333333333,71.04166666666667,70.05555555555553,69.19047619047619,1,2337.0
2023-08-04,28.4,83,1001.0,20.5,0.9,109.07083333333333,26.754166666666663,159.625,8.529166666666667,4.495833333333334,50.958333333333336,80.625,2023,8,4,4,216,0,71.08333333333333,68.625,70.45833333333333,73.44444444444441,71.30952380952381,1,2357.2
2023-08-05,28.3,82,1003.5,21.9,0.9,108.2625,23.229166666666668,151.20833333333334,7.195833333333333,4.241666666666666,55.083333333333336,77.20833333333333,2023,8,5,5,217,1,80.625,71.08333333333333,68.625,76.30555555555553,73.04761904761905,1,2320.6
2023-08-06,28.2,80,1002.5,30.7,0.7,100.2875,23.48333333333333,142.0,5.845833333333334,3.3708333333333336,50.04166666666666,78.08333333333333,2023,8,6,6,218,1,77.20833333333333,80.625,71.08333333333333,78.63888888888886,73.875,1,2256.0
2023-08-07,28.0,80,999.9,33.2,1.7,101.7625,26.541666666666668,145.5,5.804166666666667,3.0708333333333333,48.79166666666666,76.08333333333333,2023,8,7,0,219,0,78.08333333333333,77.20833333333333,80.625,77.12499999999997,74.59523809523809,1,2240.0
2023-08-08,28.0,82,1000.3,29.4,2.2,66.89166666666667,21.92083333333333,139.16666666666666,6.270833333333333,3.3666666666666667,48.125,76.04166666666667,2023,8,8,1,220,0,76.08333333333333,78.08333333333333,77.20833333333333,76.73611111111109,75.39285714285714,1,2296.0
2023-08-09,27.9,82,1003.5,28.4,0.8,58.833333333333336,20.058333333333334,145.45833333333334,6.504166666666666,3.5666666666666664,46.583333333333336,70.20833333333333,2023,8,9,2,221,0,76.04166666666667,76.08333333333333,78.08333333333333,74.1111111111111,75.6190476190476,1,2287.8
2023-08-10,27.8,82,1004.5,27.6,1.6,54.11666666666667,18.725,146.33333333333334,7.166666666666667,3.670833333333333,46.083333333333336,64.83333333333333,2023,8,10,3,222,0,70.20833333333333,76.04166666666667,76.08333333333333,70.36111111111109,74.72619047619048,1,2279.6
2023-08-11,27.7,82,1004.9,26.4,1.3,55.42083333333333,19.4625,138.875,7.208333333333333,3.6916666666666655,45.708333333333336,66.04166666666667,2023,8,11,4,223,0,64.83333333333333,70.20833333333333,76.04166666666667,67.02777777777776,72.64285714285714,1,2271.4
2023-08-12,27.6,81,1004.4,30.8,0.8,50.42083333333333,18.53333333333333,136.20833333333334,6.2250000000000005,3.3166666666666664,44.833333333333336,64.875,2023,8,12,5,224,1,66.04166666666667,64.83333333333333,70.20833333333333,65.24999999999999,70.88095238095238,1,2235.6
2023-08-13,27.6,81,1001.2,31.0,0.6,56.2375,18.9375,135.375,6.191666666666666,3.275,46.583333333333336,64.33333333333333,2023,8,13,6,225,1,64.875,66.04166666666667,64.83333333333333,65.08333333333331,68.91666666666666,1,2235.6
2023-08-14,27.7,84,1001.2,26.0,0.0,54.30416666666667,17.6375,136.70833333333334,7.2875,3.8875,49.04166666666666,63.0,2023,8,14,0,226,0,64.33333333333333,64.875,66.04166666666667,64.06944444444441,67.04761904761905,0,2326.8
2023-08-15,27.6,84,1003.3,20.2,0.5,58.35833333333333,16.229166666666668,136.375,8.125,4.758333333333334,46.29166666666666,61.708333333333336,2023,8,15,1,227,0,63.0,64.33333333333333,64.875,63.013888888888864,65.0,1,2318.4
2023-08-16,27.5,81,1005.6,21.0,0.0,49.74583333333334,13.9,151.875,7.295833333333333,4.358333333333333,44.833333333333336,55.875,2023,8,16,2,228,0,61.708333333333336,63.0,64.33333333333333,60.19444444444443,62.95238095238096,0,2227.5
2023-08-17,27.3,77,1006.0,29.7,0.2,34.02916666666667,13.7625,140.58333333333334,5.879166666666666,3.2125,39.79166666666666,53.708333333333336,2023,8,17,3,229,0,55.875,61.708333333333336,63.0,57.09722222222221,61.36309523809524,1,2102.1
2023-08-18,27.3,76,1004.9,29.2,0.0,43.9125,16.258333333333333,138.54166666666666,5.75,3.108333333333333,42.75,56.16666666666666,2023,8,18,4,230,0,53.708333333333336,55.875,61.708333333333336,55.24999999999998,59.95238095238095,0,2074.8
2023-08-19,27.2,79,1004.6,25.3,0.1,59.07916666666667,15.691666666666668,132.25,6.354166666666667,3.5125,49.208333333333336,57.958333333333336,2023,8,19,5,231,1,56.16666666666666,53.708333333333336,55.875,55.94444444444442,58.96428571428572,1,2148.8
2023-08-20,27.3,79,1004.9,22.6,0.0,63.86666666666667,15.329166666666666,125.91666666666669,7.316666666666666,4.0,47.0,58.25,2023,8,20,6,232,1,57.958333333333336,56.16666666666666,53.708333333333336,57.458333333333314,58.095238095238095,0,2156.7000000000003
2023-08-21,27.4,80,1004.6,25.7,0.0,53.2375,14.479166666666666,127.79166666666669,6.466666666666666,3.6833333333333336,44.708333333333336,56.04166666666666,2023,8,21,0,233,0,58.25,57.958333333333336,56.16666666666666,57.41666666666665,57.10119047619048,0,2192.0
2023-08-22,27.2,80,1003.8,26.1,0.6,40.80833333333333,14.620833333333332,128.08333333333334,6.366666666666667,3.5083333333333333,41.708333333333336,55.0,2023,8,22,1,234,0,56.04166666666666,58.25,57.958333333333336,56.430555555555536,56.14285714285713,1,2176.0
2023-08-23,26.8,81,1001.8,27.6,1.9,40.0,15.866666666666667,142.08333333333334,7.016666666666667,3.3000000000000003,38.5,57.04166666666666,2023,8,23,2,235,0,55.0,56.04166666666666,58.25,56.02777777777775,56.3095238095238,1,2170.8
2023-08-24,26.8,85,999.8,26.9,2.0,42.4625,16.654166666666665,145.5,7.633333333333333,3.525,39.958333333333336,58.208333333333336,2023,8,24,3,236,0,57.04166666666666,55.0,56.04166666666666,56.74999999999998,56.95238095238095,1,2278.0
2023-08-25,26.8,84,1000.2,23.0,2.1,48.26666666666667,17.983333333333334,133.29166666666666,8.358333333333333,3.954166666666667,43.29166666666666,62.91666666666666,2023,8,25,4,237,0,58.208333333333336,57.04166666666666,55.0,59.38888888888886,57.91666666666667,1,2251.2000000000003
2023-08-26,26.7,85,1002.5,21.9,2.4,46.2625,16.383333333333333,127.54166666666669,7.816666666666666,4.041666666666667,40.875,60.208333333333336,2023,8,26,5,238,1,62.91666666666666,58.208333333333336,57.04166666666666,60.44444444444442,58.238095238095234,1,2269.5
2023-08-27,26.9,83,1004.3,23.3,1.0,39.97916666666666,15.591666666666669,133.83333333333334,7.929166666666667,4.0375000000000005,39.833333333333336,58.75,2023,8,27,6,239,1,60.208333333333336,62.91666666666666,58.208333333333336,60.62499999999998,58.3095238095238,1,2232.7
2023-08-28,26.9,83,1003.3,26.8,1.1,51.01666666666667,18.820833333333333,138.66666666666666,6.925,3.545833333333333,44.79166666666666,60.0,2023,8,28,0,240,0,58.75,60.208333333333336,62.91666666666666,59.65277777777776,58.875,1,2232.7
2023-08-29,26.9,84,1004.1,21.8,0.7,42.47083333333333,16.445833333333333,148.375,7.954166666666667,4.083333333333333,43.208333333333336,64.125,2023,8,29,1,241,0,60.0,58.75,60.208333333333336,60.958333333333314,60.17857142857143,1,2259.6
2023-08-30,27.0,82,1006.8,16.8,0.5,54.520833333333336,15.725,148.70833333333334,8.695833333333333,4.8875,46.91666666666666,58.5,2023,8,30,2,242,0,64.125,60.0,58.75,60.87499999999998,60.38690476190476,1,2214.0
2023-08-31,27.0,81,1007.4,16.2,0.2,72.08333333333333,16.925,140.45833333333334,8.9,5.170833333333333,45.625,57.79166666666666,2023,8,31,3,243,0,58.5,64.125,60.0,60.138888888888864,60.32738095238095,1,2187.0
2023-09-01,26.7,81,1007.7,13.9,0.0,78.8875,17.979166666666668,163.33333333333334,11.120833333333332,5.879166666666666,45.91666666666666,62.333333333333336,2023,9,1,4,244,0,57.79166666666666,58.5,64.125,59.54166666666665,60.24404761904761,0,2162.7
2023-09-02,27.2,76,1007.3,18.3,0.0,77.6125,18.425,149.95833333333334,8.770833333333334,4.95,49.458333333333336,62.75,2023,9,2,5,245,1,62.333333333333336,57.79166666666666,58.5,60.958333333333314,60.60714285714285,0,2067.2
2023-09-03,27.4,76,1005.8,21.5,0.9,61.895833333333336,19.4125,147.70833333333334,7.491666666666667,4.220833333333333,46.79166666666666,64.83333333333333,2023,9,3,6,246,1,62.75,62.333333333333336,57.79166666666666,63.305555555555536,61.47619047619048,1,2082.4
2023-09-04,27.6,76,1004.6,22.3,0.1,62.98333333333333,21.73333333333333,153.08333333333334,7.845833333333334,3.9125,45.54166666666666,67.83333333333333,2023,9,4,0,247,0,64.83333333333333,62.75,62.333333333333336,65.13888888888886,62.59523809523809,1,2097.6
2023-09-05,27.6,78,1004.7,17.7,0.5,60.74583333333334,20.54583333333333,165.0,9.441666666666666,4.779166666666667,46.5,69.75,2023,9,5,1,248,0,67.83333333333333,64.83333333333333,62.75,67.47222222222219,63.39880952380952,1,2152.8
2023-09-06,27.8,80,1005.7,13.8,0.0,76.97916666666667,23.48333333333333,183.875,11.866666666666667,5.966666666666666,51.75,72.41666666666667,2023,9,6,2,249,0,69.75,67.83333333333333,64.83333333333333,69.99999999999999,65.38690476190476,0,2224.0
2023-09-07,28.2,80,1005.5,19.4,0.0,66.2625,20.191666666666663,153.95833333333334,9.383333333333336,4.5875,50.5,69.79166666666667,2023,9,7,3,250,0,72.41666666666667,69.75,67.83333333333333,70.65277777777777,67.10119047619047,0,2256.0
2023-09-08,28.1,81,1005.0,23.2,0.0,64.8625,21.320833333333333,157.41666666666666,8.200000000000001,4.083333333333333,50.125,69.5,2023,9,8,4,251,0,69.79166666666667,72.41666666666667,69.75,70.56944444444444,68.125,0,2276.1
2023-09-09,28.0,79,1004.1,25.2,0.0,49.3625,16.108333333333334,154.91666666666666,7.725,3.9125,46.958333333333336,64.625,2023,9,9,5,252,1,69.5,69.79166666666667,72.41666666666667,67.97222222222221,68.39285714285714,0,2212.0
2023-09-10,27.9,80,1002.9,26.1,0.0,32.77916666666667,14.170833333333334,152.16666666666666,7.337499999999999,3.766666666666667,48.41666666666666,55.375,2023,9,10,6,253,1,64.625,69.5,69.79166666666667,63.16666666666665,67.04166666666667,0,2232.0
2023-09-11,28.0,78,1003.4,26.6,0.0,37.204166666666666,16.070833333333333,130.08333333333334,6.791666666666667,3.6125,49.833333333333336,57.04166666666666,2023,9,11,0,254,0,55.375,64.625,69.5,59.013888888888864,65.5,0,2184.0
2023-09-12,28.0,76,1003.9,25.2,0.0,35.725,16.150000000000002,119.16666666666669,6.504166666666666,3.5583333333333336,50.75,59.708333333333336,2023,9,12,1,255,0,57.04166666666666,55.375,64.625,57.37499999999998,64.06547619047619,0,2128.0
2023-09-13,27.8,78,1003.4,20.6,0.4,35.729166666666664,16.120833333333334,134.79166666666666,7.333333333333333,3.883333333333333,48.75,57.125,2023,9,13,2,256,0,59.708333333333336,57.04166666666666,55.375,57.958333333333314,61.88095238095239,1,2168.4
2023-09-14,27.8,81,1004.3,16.1,0.1,40.9875,17.6375,156.625,9.05,4.883333333333334,43.125,60.875,2023,9,14,3,257,0,57.125,59.708333333333336,57.04166666666666,59.23611111111109,60.60714285714285,1,2251.8
2023-09-15,27.8,81,1005.1,13.7,0.0,43.2625,17.349999999999998,167.33333333333334,10.666666666666666,5.879166666666666,43.66666666666666,63.583333333333336,2023,9,15,4,258,0,60.875,57.125,59.708333333333336,60.52777777777775,59.76190476190476,0,2251.8
2023-09-16,28.5,79,1004.2,17.3,0.3,37.7875,16.104166666666668,145.20833333333334,8.408333333333333,4.829166666666667,44.25,57.04166666666666,2023,9,16,5,259,1,63.583333333333336,60.875,57.125,60.49999999999998,58.67857142857143,1,2251.5
2023-09-17,28.9,79,1002.0,19.9,0.0,58.71666666666667,20.604166666666668,157.95833333333334,9.4,5.141666666666667,48.875,64.58333333333333,2023,9,17,6,260,1,57.04166666666666,63.583333333333336,60.875,61.736111111111086,59.99404761904761,0,2283.1
2023-09-18,29.3,80,1001.3,19.8,0.0,74.40416666666667,19.64583333333333,184.75,11.254166666666668,5.375,51.29166666666666,66.79166666666667,2023,9,18,0,261,0,64.58333333333333,57.04166666666666,63.583333333333336,62.805555555555536,61.386904761904766,0,2344.0
2023-09-19,29.8,77,1003.3,20.0,0.0,72.52499999999999,22.370833333333334,249.0833333333333,15.754166666666668,6.158333333333334,55.625,66.58333333333333,2023,9,19,1,262,0,66.79166666666667,64.58333333333333,57.04166666666666,65.98611111111109,62.36904761904761,0,2294.6
2023-09-20,28.9,81,1003.8,17.6,12.0,65.76666666666667,24.0875,309.0416666666667,21.71666666666667,6.508333333333333,42.91666666666666,76.625,2023,9,20,2,263,0,66.58333333333333,66.79166666666667,64.58333333333333,69.99999999999999,65.1547619047619,1,2340.9
2023-09-21,29.5,80,1003.7,11.9,3.5,44.425,19.904166666666665,330.3333333333333,20.6,10.154166666666669,73.04166666666667,75.33333333333333,2023,9,21,3,264,0,76.625,66.58333333333333,66.79166666666667,72.8472222222222,67.22023809523809,1,2360.0
2023-09-22,28.2,85,1004.7,10.2,0.0,73.58749999999999,24.575,298.5833333333333,21.629166666666663,10.054166666666667,57.16666666666666,74.125,2023,9,22,4,265,0,75.33333333333333,76.625,66.58333333333333,75.36111111111109,68.72619047619047,0,2397.0
2023-09-23,29.0,83,1005.7,13.6,0.0,92.40416666666664,24.866666666666664,199.66666666666663,13.5375,6.283333333333334,52.333333333333336,73.875,2023,9,23,5,266,1,74.125,75.33333333333333,76.625,74.44444444444441,71.13095238095238,0,2407.0
2023-09-24,28.5,77,1006.1,19.0,0.0,196.775,42.2,185.375,10.154166666666669,4.804166666666666,58.91666666666666,91.66666666666669,2023,9,24,6,267,1,73.875,74.125,75.33333333333333,79.88888888888887,75.0,0,2194.5
2023-09-25,27.9,75,1005.3,15.3,0.0,294.4833333333333,70.67916666666666,232.16666666666663,13.583333333333334,5.6875,65.29166666666667,146.95833333333334,2023,9,25,0,268,0,91.66666666666669,73.875,74.125,104.16666666666669,86.45238095238096,0,2092.5
2023-09-26,26.9,76,1007.1,10.2,0.0,229.875,61.62916666666666,496.5416666666667,29.620833333333334,11.8375,68.25,171.29166666666666,2023,9,26,1,269,0,146.95833333333334,91.66666666666669,73.875,136.63888888888889,101.41071428571428,0,2044.4
2023-09-27,28.6,74,1007.7,13.0,0.0,139.07500000000002,37.125,298.5416666666667,20.6375,10.266666666666667,72.70833333333333,120.25,2023,9,27,2,270,0,171.29166666666666,146.95833333333334,91.66666666666669,146.16666666666666,107.64285714285714,0,2116.4
2023-09-28,29.6,70,1006.9,15.0,0.0,86.16666666666667,29.9375,278.0416666666667,19.066666666666663,6.95,63.333333333333336,97.95833333333331,2023,9,28,3,271,0,120.25,171.29166666666666,146.95833333333334,129.83333333333331,110.875,0,2072.0
2023-09-29,28.8,78,1006.4,13.0,0.0,104.30416666666667,29.25,252.8333333333333,15.3125,6.133333333333333,68.29166666666667,86.5,2023,9,29,4,272,0,97.95833333333331,120.25,171.29166666666666,101.5694444444444,112.64285714285714,0,2246.4
2023-09-30,30.4,58,1006.6,12.6,0.0,155.32083333333333,40.12083333333333,373.625,24.166666666666668,8.762500000000001,74.70833333333333,98.33333333333331,2023,9,30,5,273,1,86.5,97.95833333333331,120.25,94.26388888888886,116.13690476190476,0,1763.1999999999998
2023-10-01,29.9,44,1006.2,13.7,0.0,130.99583333333334,41.45,441.2916666666667,24.704166666666666,13.983333333333334,96.83333333333331,125.5,2023,10,1,6,274,1,98.33333333333331,86.5,97.95833333333331,103.4444444444444,120.97023809523807,0,1315.6
2023-10-02,28.6,67,1007.1,13.3,0.0,79.1125,25.016666666666666,336.7083333333333,22.275,7.720833333333334,74.5,92.04166666666669,2023,10,2,0,275,0,125.5,98.33333333333331,86.5,105.29166666666664,113.125,0,1916.2
2023-10-03,28.3,84,1008.6,14.4,0.0,56.55,19.54583333333333,238.0,16.3875,6.404166666666666,57.66666666666666,70.45833333333333,2023,10,3,1,276,0,92.04166666666669,125.5,98.33333333333331,96.0,98.72023809523807,0,2377.2000000000003
2023-10-04,28.6,81,1009.3,14.4,0.0,60.17083333333333,21.96666666666667,220.04166666666663,14.25,6.0,62.0,68.16666666666667,2023,10,4,2,277,0,70.45833333333333,92.04166666666669,125.5,76.88888888888887,91.2797619047619,0,2316.6
2023-10-05,28.8,77,1008.8,16.5,0.0,66.71249999999999,23.816666666666663,205.41666666666663,10.195833333333333,5.4625,73.29166666666667,72.04166666666667,2023,10,5,3,278,0,68.16666666666667,70.45833333333333,92.04166666666669,70.22222222222221,87.57738095238096,0,2217.6
2023-10-06,28.9,73,1007.7,19.5,0.0,73.5625,26.85833333333333,194.9583333333333,8.450000000000001,4.429166666666666,70.04166666666667,79.0,2023,10,6,4,279,0,72.04166666666667,68.16666666666667,70.45833333333333,73.06944444444444,86.5059523809524,0,2109.7
2023-10-07,28.8,74,1008.3,19.4,0.3,67.6,25.02916666666667,194.8333333333333,9.141666666666667,4.1625,65.375,81.25,2023,10,7,5,280,1,79.0,72.04166666666667,68.16666666666667,77.43055555555554,84.06547619047619,1,2131.2000000000003
2023-10-08,29.0,77,1009.9,19.8,0.9,110.63333333333334,28.95833333333333,187.0833333333333,9.445833333333333,4.258333333333334,61.75,79.70833333333333,2023,10,8,6,281,1,81.25,79.0,72.04166666666667,79.98611111111109,77.52380952380953,1,2233.0
2023-10-09,29.0,78,1010.8,22.2,0.0,99.89583333333331,26.40416666666667,172.58333333333334,8.054166666666667,3.820833333333333,62.75,85.0,2023,10,9,0,282,0,79.70833333333333,81.25,79.0,81.98611111111109,76.51785714285714,0,2262.0
2023-10-10,28.8,77,1010.5,20.4,0.0,83.30416666666666,21.95,185.875,9.383333333333333,4.129166666666666,59.708333333333336,75.70833333333333,2023,10,10,1,283,0,85.0,79.70833333333333,81.25,80.13888888888886,77.26785714285714,0,2217.6
2023-10-11,28.7,79,1011.5,14.5,0.0,55.4375,17.591666666666665,225.25,13.145833333333334,5.883333333333333,56.208333333333336,67.125,2023,10,11,2,284,0,75.70833333333333,85.0,79.70833333333333,75.94444444444441,77.11904761904762,0,2267.3
2023-10-12,28.4,78,1012.1,14.0,0.0,58.85833333333333,18.8375,221.29166666666663,12.7875,6.041666666666667,55.583333333333336,62.29166666666666,2023,10,12,3,285,0,67.125,75.70833333333333,85.0,68.37499999999999,75.72619047619047,0,2215.2
2023-10-13,28.3,75,1012.9,14.2,0.0,61.62916666666666,19.8125,219.875,13.0,5.9125000000000005,56.208333333333336,66.625,2023,10,13,4,286,0,62.29166666666666,67.125,75.70833333333333,65.34722222222221,73.95833333333333,0,2122.5
2023-10-14,28.2,73,1012.3,16.5,0.0,58.85833333333334,20.954166666666666,196.54166666666663,11.529166666666669,4.870833333333334,55.16666666666666,67.29166666666667,2023,10,14,5,287,1,66.625,62.29166666666666,67.125,65.40277777777776,71.96428571428571,0,2058.6
2023-10-15,28.9,71,1010.5,20.4,0.3,102.725,29.35,181.625,10.0375,4.083333333333333,54.0,75.125,2023,10,15,6,288,1,67.29166666666667,66.625,62.29166666666666,69.68055555555554,71.30952380952381,1,2051.9
2023-10-16,27.9,75,1010.5,21.4,1.2,71.15833333333333,25.625,181.2083333333333,9.633333333333333,3.85,58.25,87.5,2023,10,16,0,289,0,75.125,67.29166666666667,66.625,76.63888888888887,71.66666666666666,1,2092.5
2023-10-17,28.0,76,1012.1,15.3,0.9,60.79166666666666,21.379166666666663,213.66666666666663,12.179166666666667,4.691666666666666,60.125,72.08333333333333,2023,10,17,1,290,0,87.5,75.125,67.29166666666667,78.23611111111109,71.14880952380953,1,2128.0
2023-10-18,28.6,67,1015.1,12.2,0.0,68.08333333333333,33.59166666666667,511.8333333333333,32.61666666666667,12.520833333333334,65.54166666666667,80.16666666666667,2023,10,18,2,291,0,72.08333333333333,87.5,75.125,79.91666666666664,73.01190476190477,0,1916.2
2023-10-19,27.8,69,1014.6,12.3,0.0,89.58749999999999,43.59166666666667,661.375,40.05416666666667,12.133333333333333,76.70833333333333,115.25,2023,10,19,3,292,0,80.16666666666667,72.08333333333333,87.5,89.16666666666664,80.57738095238095,0,1918.2
2023-10-20,28.2,78,1014.0,12.2,0.0,60.49583333333334,27.92083333333333,331.625,18.925,7.358333333333333,66.58333333333333,100.20833333333331,2023,10,20,4,293,0,115.25,80.16666666666667,72.08333333333333,98.54166666666664,85.375,0,2199.6
2023-10-21,28.5,75,1014.2,11.2,0.0,65.25416666666666,28.95,429.3333333333333,28.0875,10.4125,61.583333333333336,82.54166666666667,2023,10,21,5,294,1,100.20833333333331,115.25,80.16666666666667,99.33333333333331,87.55357142857143,0,2137.5
2023-10-22,27.8,80,1014.7,12.8,0.0,73.13333333333334,27.883333333333336,397.75,27.0125,7.524999999999999,50.0,85.875,2023,10,22,6,295,1,82.54166666666667,100.20833333333331,115.25,89.54166666666664,89.08928571428571,0,2224.0
2023-10-23,28.0,79,1014.0,10.6,0.0,65.45416666666667,30.42083333333333,445.4166666666667,28.84583333333333,10.158333333333331,62.75,86.29166666666667,2023,10,23,0,296,0,85.875,82.54166666666667,100.20833333333331,84.90277777777776,88.91666666666667,0,2212.0
2023-10-24,28.0,77,1013.0,11.3,0.0,64.94166666666666,31.766666666666666,412.4166666666667,26.40833333333333,9.75,61.875,92.29166666666669,2023,10,24,1,297,0,86.29166666666667,85.875,82.54166666666667,88.15277777777777,91.80357142857144,0,2156.0
2023-10-25,28.5,76,1014.5,13.2,0.0,61.225,29.0375,437.7083333333333,25.704166666666666,7.654166666666666,57.66666666666666,89.75,2023,10,25,2,298,0,92.29166666666669,86.29166666666667,85.875,89.44444444444444,93.17261904761904,0,2166.0
2023-10-26,28.2,75,1014.5,13.5,0.0,58.5625,28.3,407.2083333333333,25.27916666666667,7.45,57.625,85.125,2023,10,26,3,299,0,89.75,92.29166666666669,86.29166666666667,89.05555555555554,88.86904761904762,0,2115.0
2023-10-27,28.2,77,1012.4,14.8,0.0,59.333333333333336,30.84583333333333,324.0416666666667,19.54583333333333,5.966666666666666,63.79166666666666,86.41666666666667,2023,10,27,4,300,0,85.125,89.75,92.29166666666669,87.09722222222221,86.89880952380952,0,2171.4
2023-10-28,28.5,74,1012.3,11.5,0.6,63.74583333333334,29.775,339.0416666666667,21.96666666666667,8.975,69.125,89.95833333333333,2023,10,28,5,301,1,86.41666666666667,85.125,89.75,87.16666666666664,87.95833333333334,1,2109.0
2023-10-29,27.6,75,1013.1,9.3,0.0,58.82083333333333,28.27083333333333,439.5416666666667,30.60833333333333,11.458333333333334,70.5,90.625,2023,10,29,6,302,1,89.95833333333333,86.41666666666667,85.125,88.99999999999999,88.63690476190477,0,2070.0
2023-10-30,28.4,64,1013.2,11.7,0.0,44.61666666666667,23.329166666666666,393.75,24.683333333333334,9.166666666666666,81.45833333333333,85.41666666666667,2023,10,30,0,303,0,90.625,89.95833333333333,86.41666666666667,88.66666666666664,88.51190476190477,0,1817.6
2023-10-31,29.6,38,1013.3,12.8,0.0,47.15416666666667,26.10833333333333,460.75,30.7125,12.479166666666666,82.70833333333333,77.75,2023,10,31,1,304,0,85.41666666666667,90.625,89.95833333333333,84.59722222222221,86.43452380952381,0,1124.8
2023-11-01,29.9,30,1014.0,10.3,0.0,57.13333333333333,32.72083333333333,565.2083333333334,35.333333333333336,13.4,84.0,87.04166666666667,2023,11,1,2,305,0,77.75,85.41666666666667,90.625,83.40277777777776,86.04761904761905,0,897.0
2023-11-02,29.3,36,1013.7,12.2,0.0,71.03333333333333,40.74166666666667,609.125,30.40833333333333,15.354166666666666,101.54166666666669,117.45833333333331,2023,11,2,3,306,0,87.04166666666667,77.75,85.41666666666667,94.08333333333331,90.66666666666666,0,1054.8
2023-11-03,28.9,58,1011.7,15.5,0.0,67.06666666666666,36.44583333333333,427.1666666666667,23.354166666666668,7.104166666666667,86.33333333333333,106.75,2023,11,3,4,307,0,117.45833333333331,87.04166666666667,77.75,103.75,93.57142857142856,0,1676.1999999999998
2023-11-04,28.0,76,1011.2,12.3,0.0,68.39999999999999,38.425,415.625,23.354166666666668,6.791666666666667,76.83333333333333,101.75,2023,11,4,5,308,1,106.75,117.45833333333331,87.04166666666667,108.65277777777776,95.25595238095238,0,2128.0
2023-11-05,28.0,72,1012.9,10.8,0.0,60.19583333333333,33.0625,500.25,28.52916666666667,8.120833333333334,74.66666666666667,104.16666666666669,2023,11,5,6,309,1,101.75,106.75,117.45833333333331,104.2222222222222,97.1904761904762,0,2016.0
2023-11-06,28.3,58,1013.5,11.2,0.0,71.37916666666666,37.9125,505.375,23.89583333333333,12.433333333333332,91.29166666666669,94.95833333333331,2023,11,6,0,310,0,104.16666666666669,101.75,106.75,100.29166666666664,98.55357142857144,0,1641.4
2023-11-07,28.3,44,1013.6,11.5,0.0,86.45,49.975,780.0833333333334,41.91666666666666,16.608333333333334,76.16666666666667,118.16666666666669,2023,11,7,1,311,0,94.95833333333331,104.16666666666669,101.75,105.76388888888889,104.32738095238096,0,1245.2
2023-11-08,27.5,49,1013.4,9.2,0.0,104.60833333333332,61.1625,885.2916666666666,44.69583333333333,18.9,65.04166666666667,151.66666666666666,2023,11,8,2,312,0,118.16666666666669,94.95833333333331,104.16666666666669,121.5972222222222,113.5595238095238,0,1347.5
2023-11-09,27.5,62,1013.5,10.5,0.0,98.0875,56.395833333333336,616.0416666666666,26.745833333333334,13.0,101.375,151.58333333333334,2023,11,9,3,313,0,151.66666666666666,118.16666666666669,94.95833333333331,140.4722222222222,118.43452380952382,0,1705.0
2023-11-10,27.7,51,1014.6,13.0,0.0,62.958333333333336,29.0375,495.3333333333333,29.779166666666665,10.029166666666669,68.91666666666667,120.95833333333331,2023,11,10,4,314,0,151.58333333333334,151.66666666666666,118.16666666666669,141.40277777777774,120.46428571428572,0,1412.7
2023-11-11,25.9,35,1017.6,11.2,0.0,34.94583333333333,22.15,451.2916666666667,24.266666666666666,13.208333333333334,72.0,75.54166666666667,2023,11,11,5,315,1,120.95833333333331,151.58333333333334,151.66666666666666,116.02777777777776,116.7202380952381,0,906.5
2023-11-12,25.2,44,1017.7,11.0,0.0,41.10833333333333,26.85833333333333,579.5416666666666,30.554166666666664,22.504166666666663,81.125,79.375,2023,11,12,6,316,1,75.54166666666667,120.95833333333331,151.58333333333334,91.95833333333331,113.17857142857144,0,1108.8
2023-11-13,24.5,57,1016.5,10.0,0.0,54.04583333333333,34.1,772.9166666666666,43.80416666666667,20.54583333333333,73.66666666666667,96.58333333333331,2023,11,13,0,317,0,79.375,75.54166666666667,120.95833333333331,83.83333333333331,113.41071428571428,0,1396.5
2023-11-14,25.8,42,1016.3,14.6,0.0,41.9875,27.179166666666664,570.5833333333334,32.09166666666667,16.858333333333334,66.16666666666667,92.08333333333331,2023,11,14,1,318,0,96.58333333333331,79.375,75.54166666666667,89.34722222222219,109.6845238095238,0,1083.6
2023-11-15,25.7,35,1016.6,17.7,0.0,53.74166666666667,36.40416666666667,451.2916666666667,15.208333333333334,13.858333333333334,102.75,82.16666666666667,2023,11,15,2,319,0,92.08333333333331,96.58333333333331,79.375,90.27777777777776,99.75595238095238,0,899.5
2023-11-16,25.3,33,1016.7,14.2,0.0,72.93333333333334,49.020833333333336,529.9583333333334,18.004166666666666,17.154166666666665,103.20833333333331,122.33333333333331,2023,11,16,3,320,0,82.16666666666667,92.08333333333331,96.58333333333331,98.86111111111109,95.57738095238092,0,834.9
2023-11-17,24.8,33,1016.7,17.4,0.0,60.6,40.77916666666667,499.0416666666667,18.291666666666668,14.2375,96.625,127.625,2023,11,17,4,321,0,122.33333333333331,82.16666666666667,92.08333333333331,110.7083333333333,96.5297619047619,0,818.4
2023-11-18,24.5,31,1015.4,11.8,0.0,114.80416666666667,75.42916666666666,733.5833333333334,29.175,17.75,94.25,132.29166666666666,2023,11,18,5,322,1,127.625,122.33333333333331,82.16666666666667,127.41666666666664,104.63690476190474,0,759.5
2023-11-19,24.4,36,1015.6,11.0,0.0,150.23749999999998,97.7375,738.3333333333334,25.016666666666666,17.933333333333334,96.5,168.75,2023,11,19,6,323,1,132.29166666666666,127.625,122.33333333333331,142.88888888888889,117.4047619047619,0,878.4
2023-11-20,25.3,35,1016.2,18.4,0.0,131.475,87.15416666666665,663.75,14.970833333333331,15.220833333333331,120.875,172.125,2023,11,20,0,324,0,168.75,132.29166666666666,127.625,157.7222222222222,128.19642857142858,0,885.5
2023-11-21,25.9,33,1016.0,18.5,0.0,110.37083333333334,74.0125,645.7083333333334,14.708333333333334,18.0875,119.95833333333331,162.20833333333334,2023,11,21,1,325,0,172.125,168.75,132.29166666666666,167.69444444444443,138.21428571428572,0,854.6999999999999
2023-11-22,24.1,45,1014.7,11.6,0.0,96.88333333333333,63.8,685.7916666666666,24.21666666666667,18.52083333333333,105.66666666666669,156.5,2023,11,22,2,326,0,162.20833333333334,172.125,168.75,163.6111111111111,148.83333333333331,0,1084.5
2023-11-23,25.9,66,1011.5,10.5,0.0,89.44583333333333,46.9375,698.5,31.05,20.679166666666667,107.45833333333331,149.83333333333334,2023,11,23,3,327,0,156.5,162.20833333333334,172.125,156.18055555555554,152.7619047619048,0,1709.4
2023-11-24,25.6,61,1012.9,12.4,0.0,83.16666666666667,46.19583333333333,699.2083333333334,26.21666666666667,19.6,85.58333333333333,124.0,2023,11,24,4,328,0,149.83333333333334,156.5,162.20833333333334,143.44444444444443,152.24404761904765,0,1561.6
2023-11-25,26.6,38,1013.6,24.4,0.0,84.075,55.9125,588.2083333333334,11.870833333333332,16.791666666666668,112.16666666666669,142.70833333333334,2023,11,25,5,329,1,124.0,149.83333333333334,156.5,138.8472222222222,153.73214285714286,0,1010.8
2023-11-26,22.0,59,1014.6,18.9,3.8,85.80833333333334,55.8625,449.75,15.066666666666668,11.554166666666667,99.70833333333331,151.375,2023,11,26,6,330,1,142.70833333333334,124.0,149.83333333333334,139.3611111111111,151.25,1,1298.0
2023-11-27,20.7,65,1014.7,13.3,0.0,80.10833333333333,52.92916666666667,596.25,19.841666666666665,16.004166666666666,86.54166666666667,133.33333333333334,2023,11,27,0,331,0,151.375,142.70833333333334,124.0,142.4722222222222,145.70833333333334,0,1345.5
2023-11-28,21.1,58,1015.2,13.7,0.0,88.36666666666667,59.40416666666667,677.4166666666666,19.541666666666668,19.23333333333333,101.54166666666669,149.58333333333334,2023,11,28,1,332,0,133.33333333333334,151.375,142.70833333333334,144.76388888888889,143.9047619047619,0,1223.8000000000002
2023-11-29,21.0,56,1015.5,12.9,0.0,81.61666666666666,55.0375,676.7083333333334,22.383333333333336,19.5,94.70833333333331,152.75,2023,11,29,2,333,0,149.58333333333334,133.33333333333334,151.375,145.2222222222222,143.36904761904762,0,1176.0
2023-11-30,21.6,61,1015.7,9.0,0.0,81.79583333333333,53.12083333333334,933.0416666666666,41.708333333333336,20.954166666666666,73.20833333333333,140.91666666666666,2023,11,30,3,334,0,152.75,149.58333333333334,133.33333333333334,147.74999999999997,142.0952380952381,0,1317.6
2023-12-01,22.7,52,1016.5,11.4,0.0,54.45,37.016666666666666,708.4166666666666,34.55833333333333,16.766666666666666,72.08333333333333,131.875,2023,12,1,4,335,0,140.91666666666666,152.75,149.58333333333334,141.8472222222222,143.2202380952381,0,1180.4
2023-12-02,22.6,49,1016.5,17.2,0.0,60.6875,40.53333333333333,492.3333333333333,13.4375,13.695833333333333,87.375,102.54166666666669,2023,12,2,5,336,1,131.875,140.91666666666666,152.75,125.11111111111109,137.48214285714286,0,1107.4
2023-12-03,22.5,50,1017.0,17.5,0.0,58.12083333333333,39.05833333333333,537.2916666666666,14.725,16.308333333333334,90.33333333333331,117.625,2023,12,3,6,337,1,102.54166666666669,131.875,140.91666666666666,117.3472222222222,132.66071428571428,0,1125.0
2023-12-04,22.0,51,1016.5,11.4,0.0,59.025,38.875,534.6666666666666,17.9375,18.316666666666663,86.5,104.75,2023,12,4,0,338,0,117.625,102.54166666666669,131.875,108.30555555555554,128.5773809523809,0,1122.0
2023-12-05,21.7,47,1015.8,13.3,0.0,45.8375,29.666666666666668,515.625,19.48333333333333,15.8875,82.08333333333333,97.91666666666669,2023,12,5,1,339,0,104.75,117.625,102.54166666666669,106.76388888888889,121.19642857142856,0,1019.9
2023-12-06,21.5,43,1016.1,16.2,0.0,38.391666666666666,25.491666666666664,469.9583333333333,16.691666666666666,13.370833333333332,85.0,83.91666666666667,2023,12,6,2,340,0,97.91666666666669,104.75,117.625,95.52777777777776,111.36309523809524,0,924.5
2023-12-07,21.6,40,1016.3,15.6,0.0,41.1,27.991666666666664,492.875,17.791666666666668,14.5625,90.16666666666669,78.75,2023,12,7,3,341,0,83.91666666666667,97.91666666666669,104.75,86.8611111111111,102.48214285714286,0,864.0
2023-12-08,20.8,54,1015.6,10.0,0.0,42.175,28.27083333333333,600.2083333333334,27.4875,20.29583333333333,86.58333333333333,91.125,2023,12,8,4,342,0,78.75,83.91666666666667,97.91666666666669,84.59722222222221,96.66071428571428,0,1123.2
2023-12-09,22.2,72,1015.8,8.3,0.0,54.2,22.229166666666668,520.2083333333334,34.704166666666666,12.833333333333334,63.833333333333336,77.70833333333333,2023,12,9,5,343,1,91.125,78.75,83.91666666666667,82.52777777777776,93.11309523809526,0,1598.4
2023-12-10,20.9,62,1015.4,9.0,0.0,70.74583333333334,39.93333333333333,777.5833333333334,40.21666666666667,32.020833333333336,79.79166666666667,95.375,2023,12,10,6,344,1,77.70833333333333,91.125,78.75,88.06944444444441,89.93452380952382,0,1295.8
2023-12-11,21.1,78,1014.2,10.2,0.0,46.42083333333333,22.85,516.75,33.112500000000004,11.508333333333333,57.708333333333336,93.125,2023,12,11,0,345,0,95.375,77.70833333333333,91.125,88.73611111111109,88.27380952380953,0,1645.8000000000002
2023-12-12,21.5,70,1012.7,7.6,0.0,62.625,31.73333333333333,638.125,43.0875,23.72083333333333,68.04166666666667,81.125,2023,12,12,1,346,0,93.125,95.375,77.70833333333333,89.87499999999999,85.875,0,1505.0
2023-12-13,22.2,46,1014.8,12.7,0.0,59.39166666666667,34.6625,528.125,21.3125,22.9125,82.45833333333333,99.25,2023,12,13,2,347,0,81.125,93.125,95.375,91.16666666666664,88.06547619047619,0,1021.2
2023-12-14,21.3,47,1015.9,11.4,0.0,63.13333333333333,35.03333333333333,643.3333333333334,28.7875,22.45,80.54166666666667,97.58333333333331,2023,12,14,3,348,0,99.25,81.125,93.125,92.65277777777776,90.75595238095238,0,1001.1
2023-12-15,21.0,47,1016.5,9.4,0.0,55.88333333333333,32.96666666666667,601.875,33.38333333333333,25.329166666666666,84.70833333333333,95.70833333333331,2023,12,15,4,349,0,97.58333333333331,99.25,81.125,97.51388888888886,91.41071428571428,0,987.0
2023-12-16,21.2,62,1017.0,9.4,0.0,64.60416666666667,39.55,727.5416666666666,40.7,18.379166666666663,73.04166666666667,108.375,2023,12,16,5,350,1,95.70833333333331,97.58333333333331,99.25,100.55555555555551,95.79166666666666,0,1314.4
2023-12-17,21.4,57,1017.6,11.0,0.0,74.42083333333333,40.391666666666666,625.25,29.475,21.258333333333333,81.95833333333333,107.54166666666669,2023,12,17,6,351,1,108.375,95.70833333333331,97.58333333333331,103.875,97.5297619047619,0,1219.8
2023-12-18,21.2,36,1019.9,21.9,0.0,49.41666666666666,29.73333333333333,467.5,12.416666666666666,16.541666666666668,92.54166666666669,97.20833333333331,2023,12,18,0,352,0,107.54166666666669,108.375,95.70833333333331,104.375,98.11309523809524,0,763.1999999999999
2023-12-19,21.0,34,1020.0,20.2,0.0,54.40416666666667,34.5375,541.0,15.0125,20.258333333333333,101.16666666666669,100.5,2023,12,19,1,353,0,97.20833333333331,107.54166666666669,108.375,101.75,100.88095238095238,0,714.0
2023-12-20,20.7,33,1019.2,15.3,0.0,43.03333333333333,27.891666666666666,499.0,18.05,19.404166666666665,95.83333333333331,89.33333333333333,2023,12,20,2,354,0,100.5,97.20833333333331,107.54166666666669,95.68055555555551,99.4642857142857,0,683.1
2023-12-21,20.5,36,1017.1,10.3,0.0,34.15833333333333,23.15,530.5416666666666,24.579166666666666,21.40416666666667,88.33333333333333,80.58333333333333,2023,12,21,3,355,0,89.33333333333333,100.5,97.20833333333331,90.13888888888889,97.03571428571428,0,738.0
2023-12-22,22.0,34,1015.8,10.5,0.0,34.75,23.875,607.7916666666666,29.575,19.1,83.33333333333333,76.95833333333333,2023,12,22,4,356,0,80.58333333333333,89.33333333333333,100.5,82.29166666666664,94.35714285714286,0,748.0
2023-12-23,21.6,32,1017.1,15.2,0.0,32.63333333333333,22.28333333333333,444.0416666666667,17.95,16.091666666666665,84.625,68.33333333333333,2023,12,23,5,357,1,76.95833333333333,80.58333333333333,89.33333333333333,75.29166666666664,88.63690476190474,0,691.2
2023-12-24,22.7,34,1019.3,22.2,0.0,66.54166666666667,45.85833333333333,658.0416666666666,11.1625,22.0625,122.45833333333331,98.29166666666669,2023,12,24,6,358,1,68.33333333333333,76.95833333333333,80.58333333333333,81.19444444444443,87.31547619047619,0,771.8
2023-12-25,22.1,39,1019.0,13.5,0.0,67.19166666666666,45.40416666666667,730.9583333333334,29.370833333333334,24.17083333333333,105.04166666666669,121.20833333333331,2023,12,25,0,359,0,98.29166666666669,68.33333333333333,76.95833333333333,95.9444444444444,90.7440476190476,0,861.9000000000001
2023-12-26,19.9,59,1018.0,9.6,0.0,78.59583333333333,52.55416666666667,929.1666666666666,32.37916666666667,22.53333333333333,101.95833333333331,149.375,2023,12,26,1,360,0,121.20833333333331,98.29166666666669,68.33333333333333,122.95833333333331,97.72619047619048,0,1174.1
2023-12-27,21.6,51,1018.9,13.1,0.0,56.575,37.31666666666667,739.9583333333334,26.891666666666666,21.320833333333333,94.875,115.41666666666669,2023,12,27,2,361,0,149.375,121.20833333333331,98.29166666666669,128.66666666666666,101.45238095238096,0,1101.6
2023-12-28,21.6,42,1017.6,16.1,0.0,71.42083333333333,46.79166666666666,592.4583333333334,17.333333333333332,22.77083333333333,115.5,124.75,2023,12,28,3,362,0,115.41666666666669,149.375,121.20833333333331,129.8472222222222,107.76190476190476,0,907.2
2023-12-29,21.4,42,1016.5,11.1,0.0,43.65833333333333,28.8875,510.9583333333333,20.4,17.079166666666666,98.70833333333331,107.95833333333331,2023,12,29,4,363,0,124.75,115.41666666666669,149.375,116.04166666666664,112.19047619047618,0,898.8
2023-12-30,21.8,39,1016.8,15.0,0.0,45.74166666666667,30.075,488.125,15.391666666666666,13.558333333333332,103.16666666666669,82.20833333333333,2023,12,30,5,364,1,107.95833333333331,124.75,115.41666666666669,104.9722222222222,114.17261904761904,0,850.2
2023-12-31,20.7,44,1017.0,14.0,0.0,62.95416666666667,40.69166666666667,570.3333333333334,15.883333333333333,19.1375,108.875,103.58333333333331,2023,12,31,6,365,1,82.20833333333333,107.95833333333331,124.75,97.91666666666664,114.92857142857142,0,910.8
2024-01-01,20.2,49,1017.5,10.8,0.0,57.59166666666667,38.55833333333333,679.0416666666666,17.279166666666665,22.1625,111.70833333333331,114.58333333333331,2024,1,1,0,1,0,103.58333333333331,82.20833333333333,107.95833333333331,100.12499999999996,113.98214285714286,0,989.8
2024-01-02,19.6,64,1016.6,9.3,0.0,60.1,40.3875,898.75,34.666666666666664,26.14583333333333,107.25,107.41666666666669,2024,1,2,1,2,0,114.58333333333331,103.58333333333331,82.20833333333333,108.52777777777776,107.98809523809524,0,1254.4
2024-01-03,20.8,55,1015.7,10.5,0.0,64.1125,40.725,677.5416666666666,28.08333333333333,21.95,96.58333333333331,122.5,2024,1,3,2,3,0,107.41666666666669,114.58333333333331,103.58333333333331,114.83333333333331,109.0,0,1144.0
2024-01-04,19.9,45,1016.7,17.1,0.0,61.87083333333334,38.766666666666666,495.8333333333333,16.5,15.966666666666669,106.29166666666669,104.54166666666669,2024,1,4,3,4,0,122.5,107.41666666666669,114.58333333333331,111.4861111111111,106.11309523809524,0,895.4999999999999
2024-01-05,19.3,52,1016.9,12.2,0.0,90.03750000000001,53.9375,642.0,21.820833333333336,19.754166666666663,100.95833333333331,131.0,2024,1,5,4,5,0,104.54166666666669,122.5,107.41666666666669,119.3472222222222,109.40476190476193,0,1003.6
2024-01-06,19.7,53,1018.1,19.2,0.0,76.74166666666666,47.5375,633.2083333333334,14.195833333333333,18.45833333333333,106.875,140.95833333333334,2024,1,6,5,6,1,131.0,104.54166666666669,122.5,125.5,117.79761904761904,0,1044.1
2024-01-07,19.1,52,1018.4,18.3,0.0,66.77083333333333,43.47916666666666,692.125,12.95,20.591666666666665,111.20833333333331,126.875,2024,1,7,6,7,1,140.95833333333334,131.0,104.54166666666669,132.94444444444443,121.125,0,993.2
2024-01-08,19.2,55,1018.4,12.0,0.0,67.23333333333333,44.3625,914.125,28.916666666666668,22.2625,104.375,116.875,2024,1,8,0,8,0,126.875,140.95833333333334,131.0,128.2361111111111,121.45238095238096,0,1056.0
2024-01-09,19.0,48,1019.8,18.8,0.0,58.90833333333333,37.12083333333333,622.9583333333334,13.804166666666667,16.679166666666667,103.375,115.16666666666669,2024,1,9,1,9,0,116.875,126.875,140.95833333333334,119.63888888888889,122.55952380952382,0,912.0
2024-01-10,18.3,46,1019.4,14.0,0.0,56.46666666666667,37.125,656.5,18.8625,19.7,101.83333333333331,106.91666666666669,2024,1,10,2,10,0,115.16666666666669,116.875,126.875,112.9861111111111,120.33333333333336,0,841.8000000000001
2024-01-11,17.8,50,1018.3,9.2,0.0,50.4875,33.208333333333336,842.875,36.54166666666666,22.67083333333333,74.875,92.54166666666669,2024,1,11,3,11,0,106.91666666666669,115.16666666666669,116.875,104.875,118.61904761904762,0,890.0
2024-01-12,18.4,50,1016.8,9.1,0.0,55.1375,37.0125,866.375,54.25,27.95,59.41666666666666,104.0,2024,1,12,4,12,0,92.54166666666669,106.91666666666669,115.16666666666669,101.15277777777776,114.76190476190476,0,920.0
2024-01-13,18.4,76,1016.3,9.4,0.0,53.76666666666667,34.0125,840.0416666666666,49.00833333333333,13.920833333333334,52.625,113.33333333333331,2024,1,13,5,13,1,104.0,92.54166666666669,106.91666666666669,103.29166666666664,110.8154761904762,0,1398.4
2024-01-14,20.5,80,1017.0,8.0,0.0,60.12083333333334,29.633333333333336,662.875,41.17083333333333,14.5375,71.70833333333333,77.45833333333333,2024,1,14,6,14,1,113.33333333333331,104.0,92.54166666666669,98.26388888888886,103.75595238095238,0,1640.0
2024-01-15,19.5,72,1016.6,9.7,0.0,99.8,54.84583333333333,819.875,35.49166666666667,18.8875,80.83333333333333,132.83333333333334,2024,1,15,0,15,0,77.45833333333333,113.33333333333331,104.0,107.875,106.03571428571428,0,1404.0
2024-01-16,22.2,78,1012.3,12.3,0.0,67.37083333333334,25.308333333333334,438.4166666666667,28.729166666666668,7.266666666666667,66.41666666666667,102.79166666666669,2024,1,16,1,16,0,132.83333333333334,77.45833333333333,113.33333333333331,104.3611111111111,104.26785714285714,0,1731.6
2024-01-17,22.1,58,1012.5,14.0,0.0,88.85000000000001,46.775,687.2916666666666,31.675,20.2375,80.16666666666667,95.25,2024,1,17,2,17,0,102.79166666666669,132.83333333333334,77.45833333333333,110.29166666666669,102.60119047619048,0,1281.8000000000002
2024-01-18,20.6,52,1015.9,11.9,0.0,96.69583333333333,61.11666666666667,871.4166666666666,26.120833333333334,25.975,111.95833333333331,148.29166666666666,2024,1,18,3,18,0,95.25,102.79166666666669,132.83333333333334,115.4444444444444,110.5654761904762,0,1071.2
2024-01-19,20.0,49,1016.5,10.4,0.0,86.81666666666666,54.06666666666666,1053.5416666666667,46.93333333333334,30.666666666666668,100.70833333333331,147.625,2024,1,19,4,19,0,148.29166666666666,95.25,102.79166666666669,130.38888888888889,116.79761904761904,0,980.0
2024-01-20,20.4,78,1017.2,8.5,0.5,93.4875,55.85833333333333,1182.25,49.95416666666667,22.875,89.0,155.375,2024,1,20,5,20,1,147.625,148.29166666666666,95.25,150.43055555555554,122.80357142857144,1,1591.1999999999998
2024-01-21,21.1,62,1017.4,10.5,0.0,86.91666666666667,50.72083333333333,1013.375,53.50833333333333,24.516666666666666,80.41666666666667,135.33333333333334,2024,1,21,6,21,1,155.375,147.625,148.29166666666666,146.11111111111111,131.07142857142858,0,1308.2
2024-01-22,20.2,66,1017.2,9.5,0.0,90.925,52.3125,1023.2083333333334,48.75,20.53333333333333,79.70833333333333,151.41666666666666,2024,1,22,0,22,0,135.33333333333334,155.375,147.625,147.37499999999997,133.72619047619048,0,1333.2
2024-01-23,20.6,69,1017.4,10.1,0.0,80.89166666666667,42.875,659.1666666666666,34.479166666666664,16.95,79.79166666666667,110.25,2024,1,23,1,23,0,151.41666666666666,135.33333333333334,155.375,132.3333333333333,134.79166666666669,0,1421.4
2024-01-24,18.8,60,1017.7,9.5,0.0,98.5875,54.44583333333333,828.9583333333334,35.00416666666667,27.28333333333333,88.70833333333333,138.54166666666666,2024,1,24,2,24,0,110.25,151.41666666666666,135.33333333333334,133.40277777777774,140.97619047619048,0,1128.0
2024-01-25,19.1,70,1017.9,9.9,0.0,105.91666666666669,59.60416666666666,1041.5,47.51666666666667,23.0875,71.5,152.83333333333334,2024,1,25,3,25,0,138.54166666666666,110.25,151.41666666666666,133.87499999999997,141.625,0,1337.0
2024-01-26,20.2,60,1019.3,13.2,0.0,92.4375,54.81666666666666,804.5416666666666,34.8375,21.0375,88.04166666666667,141.16666666666666,2024,1,26,4,26,0,152.83333333333334,138.54166666666666,110.25,144.18055555555554,140.7023809523809,0,1212.0
2024-01-27,20.5,50,1019.6,15.0,0.0,96.1625,60.22916666666666,869.2083333333334,26.6375,21.70833333333333,109.45833333333331,151.95833333333334,2024,1,27,5,27,1,141.16666666666666,152.83333333333334,138.54166666666666,148.65277777777777,140.21428571428572,0,1025.0
2024-01-28,19.4,66,1017.4,11.2,0.0,90.8125,54.333333333333336,823.0,21.525,19.775,100.29166666666669,151.375,2024,1,28,6,28,1,151.95833333333334,141.16666666666666,152.83333333333334,148.16666666666666,142.50595238095238,0,1280.4
2024-01-29,22.8,75,1016.7,12.7,0.4,50.05833333333334,23.875,357.0416666666667,18.9,5.9625,75.83333333333333,113.29166666666669,2024,1,29,0,29,0,151.375,151.95833333333334,141.16666666666666,138.87499999999997,137.0595238095238,1,1710.0
2024-01-30,22.1,81,1016.1,8.9,0.8,74.53750000000001,24.225,375.125,24.116666666666664,7.258333333333333,63.375,72.79166666666667,2024,1,30,1,30,0,113.29166666666669,151.375,151.95833333333334,112.4861111111111,131.70833333333334,1,1790.1
2024-01-31,22.7,80,1014.3,12.1,0.3,61.4125,22.504166666666663,344.625,20.55,6.3,71.125,74.04166666666667,2024,1,31,2,31,0,72.79166666666667,113.29166666666669,151.375,86.70833333333333,122.49404761904762,1,1816.0
2024-02-01,22.9,63,1014.6,10.9,0.0,87.56666666666666,27.925,384.0833333333333,22.69583333333333,9.95,78.29166666666667,73.33333333333333,2024,2,1,3,32,0,74.04166666666667,72.79166666666667,113.29166666666669,73.38888888888887,111.13690476190476,0,1442.6999999999998
2024-02-02,23.2,73,1016.2,6.4,0.0,134.66666666666666,40.766666666666666,409.9166666666667,27.666666666666668,11.325,59.79166666666666,100.08333333333331,2024,2,2,4,33,0,73.33333333333333,74.04166666666667,72.79166666666667,82.48611111111109,105.26785714285714,0,1693.6
2024-02-03,21.9,76,1015.6,17.5,3.2,91.7875,35.237500000000004,519.0,32.362500000000004,10.666666666666666,46.29166666666666,116.25,2024,2,3,5,34,1,100.08333333333331,73.33333333333333,74.04166666666667,96.55555555555551,100.16666666666666,1,1664.4
2024-02-04,22.8,80,1015.7,13.0,1.2,79.15833333333333,24.1125,321.1666666666667,20.28333333333333,5.2125,71.0,82.91666666666667,2024,2,4,6,35,1,116.25,100.08333333333331,73.33333333333333,99.75,90.38690476190474,1,1824.0
2024-02-05,21.4,77,1016.4,11.1,0.0,48.82916666666667,26.34166666666667,481.375,27.379166666666663,11.320833333333333,79.0,80.25,2024,2,5,0,36,0,82.91666666666667,116.25,100.08333333333331,93.13888888888889,85.66666666666667,0,1647.8
2024-02-06,21.5,73,1016.9,10.5,0.1,53.72083333333333,24.35833333333333,451.0833333333333,26.5,10.25,84.08333333333333,80.16666666666667,2024,2,6,1,37,0,80.25,82.91666666666667,116.25,81.1111111111111,86.72023809523809,1,1569.5
2024-02-07,22.5,60,1019.5,12.7,0.0,68.6375,31.97083333333333,445.5416666666667,21.1125,11.825,79.375,81.875,2024,2,7,2,38,0,80.16666666666667,80.25,82.91666666666667,80.76388888888887,87.83928571428571,0,1350.0
2024-02-08,20.8,44,1021.1,15.0,0.0,52.645833333333336,28.35,482.0416666666667,24.008333333333336,13.416666666666666,89.91666666666667,93.20833333333331,2024,2,8,3,39,0,81.875,80.16666666666667,80.25,85.08333333333331,90.67857142857142,0,915.2
2024-02-09,19.4,55,1018.5,10.5,0.0,53.35,26.85833333333333,575.8333333333334,32.55416666666667,11.866666666666667,74.95833333333333,85.70833333333333,2024,2,9,4,40,0,93.20833333333331,81.875,80.16666666666667,86.93055555555553,88.625,0,1067.0
2024-02-10,21.3,66,1019.4,10.9,0.0,53.35833333333333,25.3,496.7916666666667,30.27083333333333,11.033333333333331,85.04166666666667,81.16666666666667,2024,2,10,5,41,1,85.70833333333333,93.20833333333331,81.875,86.69444444444441,83.61309523809523,0,1405.8
2024-02-11,21.4,41,1020.1,10.8,0.0,44.95416666666667,25.73333333333333,483.9583333333333,27.979166666666668,13.35,88.20833333333333,79.79166666666667,2024,2,11,6,42,1,81.16666666666667,85.70833333333333,93.20833333333331,82.2222222222222,83.16666666666666,0,877.4
2024-02-12,21.5,39,1018.9,12.3,0.0,50.90416666666667,32.770833333333336,624.3333333333334,36.22916666666666,16.037499999999998,84.75,86.29166666666667,2024,2,12,0,43,0,79.79166666666667,81.16666666666667,85.70833333333333,82.41666666666664,84.02976190476191,0,838.5
2024-02-13,21.2,46,1019.0,8.3,0.0,64.31666666666666,38.81666666666667,752.5,45.87916666666666,21.2375,69.0,101.79166666666669,2024,2,13,1,44,0,86.29166666666667,79.79166666666667,81.16666666666667,89.29166666666664,87.11904761904762,0,975.2
2024-02-14,21.3,50,1019.5,10.6,0.0,73.55416666666666,43.7875,938.875,50.07083333333333,20.425,68.41666666666667,117.41666666666669,2024,2,14,2,45,0,101.79166666666669,86.29166666666667,79.79166666666667,101.83333333333331,92.19642857142856,0,1065.0
2024-02-15,21.4,54,1018.9,10.3,0.0,79.575,48.19583333333333,955.0416666666666,51.81666666666666,17.633333333333333,71.625,128.83333333333334,2024,2,15,3,46,0,117.41666666666669,101.79166666666669,86.29166666666667,116.01388888888889,97.2857142857143,0,1155.6
2024-02-16,22.2,40,1018.3,12.5,0.0,60.19166666666666,36.8625,863.2083333333334,52.72083333333333,17.279166666666665,65.125,118.125,2024,2,16,4,47,0,128.83333333333334,117.41666666666669,101.79166666666669,121.45833333333331,101.91666666666669,0,888.0
2024-02-17,22.0,46,1015.1,11.9,0.0,50.0125,30.85833333333333,730.0,44.55833333333334,15.104166666666666,70.91666666666667,104.375,2024,2,17,5,48,1,118.125,128.83333333333334,117.41666666666669,117.11111111111109,105.23214285714288,0,1012.0
2024-02-18,23.1,74,1010.9,21.4,0.0,27.9,15.045833333333334,289.4166666666667,13.0125,5.395833333333333,86.5,64.45833333333333,2024,2,18,6,49,1,104.375,118.125,128.83333333333334,95.65277777777776,103.04166666666669,0,1709.4
2024-02-19,24.7,76,1009.8,26.5,0.0,44.53333333333333,17.837500000000002,254.3333333333333,8.979166666666666,3.7541666666666655,95.41666666666669,59.29166666666666,2024,2,19,0,50,0,64.45833333333333,104.375,118.125,76.04166666666664,99.18452380952382,0,1877.2
2024-02-20,23.5,75,1011.5,17.2,0.0,49.02916666666667,20.8,258.1666666666667,11.391666666666666,4.775,99.33333333333331,68.41666666666667,2024,2,20,1,51,0,59.29166666666666,64.45833333333333,104.375,64.05555555555553,94.41666666666666,0,1762.5
2024-02-21,23.4,70,1011.6,18.5,0.0,55.62916666666666,19.729166666666668,289.875,13.170833333333334,5.025,105.625,71.54166666666667,2024,2,21,2,52,0,68.41666666666667,59.29166666666666,64.45833333333333,66.41666666666664,87.86309523809526,0,1638.0
2024-02-22,23.2,40,1014.0,13.5,0.0,68.14583333333333,18.83333333333333,372.375,22.1375,8.058333333333334,84.75,64.625,2024,2,22,3,53,0,71.54166666666667,68.41666666666667,59.29166666666666,68.19444444444443,78.69047619047619,0,928.0
2024-02-23,20.9,37,1015.9,10.6,0.0,87.1875,29.9125,636.75,36.74583333333333,14.75,86.20833333333333,90.20833333333331,2024,2,23,4,54,0,64.625,71.54166666666667,68.41666666666667,75.45833333333331,74.70238095238095,0,773.3
2024-02-24,22.3,54,1015.0,10.9,0.0,64.53750000000001,19.2,338.875,17.829166666666666,10.091666666666669,98.125,77.83333333333333,2024,2,24,5,55,1,90.20833333333331,64.625,71.54166666666667,77.55555555555553,70.91071428571429,0,1204.2
2024-02-25,22.8,40,1014.7,14.1,0.0,53.19166666666666,23.245833333333334,478.25,26.48333333333333,13.5375,77.5,73.91666666666667,2024,2,25,6,56,1,77.83333333333333,90.20833333333331,64.625,80.65277777777776,72.26190476190476,0,912.0
2024-02-26,23.3,29,1013.8,28.4,0.0,48.69166666666666,21.691666666666663,287.0833333333333,8.316666666666666,10.129166666666666,111.41666666666669,74.79166666666667,2024,2,26,0,57,0,73.91666666666667,77.83333333333333,90.20833333333331,75.51388888888887,74.47619047619047,0,675.7
2024-02-27,21.5,47,1016.2,30.8,0.0,69.875,34.833333333333336,334.625,8.8375,12.4375,106.66666666666669,88.83333333333333,2024,2,27,1,58,0,74.79166666666667,73.91666666666667,77.83333333333333,79.18055555555554,77.39285714285714,0,1010.5
2024-02-28,23.0,41,1015.9,19.0,0.0,62.65833333333333,27.3875,386.0416666666667,13.5875,13.658333333333331,110.58333333333331,92.58333333333331,2024,2,28,2,59,0,88.83333333333333,74.79166666666667,73.91666666666667,85.40277777777776,80.39880952380952,0,943.0
2024-02-29,24.0,42,1012.5,12.2,0.0,61.8375,23.575,401.9166666666667,16.979166666666668,13.058333333333332,106.66666666666669,87.45833333333333,2024,2,29,3,60,0,92.58333333333331,88.83333333333333,74.79166666666667,89.62499999999996,83.66071428571429,0,1008.0
2024-03-01,21.3,72,1011.4,10.1,7.4,63.49166666666667,25.383333333333336,445.125,21.8,9.029166666666669,88.04166666666667,79.16666666666667,2024,3,1,4,61,0,87.45833333333333,92.58333333333331,88.83333333333333,86.40277777777776,82.08333333333334,1,1533.6
2024-03-02,17.6,50,1012.6,23.1,0.0,83.39583333333333,21.016666666666666,240.25,8.9125,6.895833333333333,81.08333333333333,71.75,2024,3,2,5,62,1,79.16666666666667,87.45833333333333,92.58333333333331,79.45833333333331,81.21428571428571,0,880.0000000000001
2024-03-03,16.0,39,1014.7,18.4,0.0,119.99166666666667,33.80416666666667,262.25,12.195833333333333,10.458333333333334,87.04166666666667,81.25,2024,3,3,6,63,1,71.75,79.16666666666667,87.45833333333333,77.38888888888887,82.26190476190477,0,624.0
2024-03-04,17.5,46,1016.4,10.4,0.0,79.825,29.391666666666666,421.375,21.758333333333336,15.629166666666668,83.75,95.91666666666669,2024,3,4,0,64,0,81.25,71.75,79.16666666666667,82.97222222222221,85.27976190476191,0,805.0
2024-03-05,19.9,29,1017.4,14.6,0.0,46.4,22.325,403.8333333333333,21.35833333333333,14.366666666666667,84.41666666666667,82.5,2024,3,5,1,65,0,95.91666666666669,81.25,71.75,86.55555555555554,84.375,0,577.0999999999999
2024-03-06,20.4,37,1016.2,12.1,0.0,49.43333333333334,21.04583333333333,362.2083333333333,15.8,15.25,105.45833333333331,84.29166666666667,2024,3,6,2,66,0,82.5,95.91666666666669,81.25,87.56944444444444,83.19047619047619,0,754.8
2024-03-07,22.5,57,1014.7,12.4,0.0,60.05833333333334,22.34583333333333,332.5833333333333,16.491666666666667,11.325,98.79166666666669,79.04166666666667,2024,3,7,3,67,0,84.29166666666667,82.5,95.91666666666669,81.94444444444443,81.98809523809523,0,1282.5
2024-03-08,22.8,49,1016.1,11.7,0.0,56.22916666666666,28.258333333333336,487.5416666666667,24.429166666666664,16.325,97.79166666666669,94.83333333333331,2024,3,8,4,68,0,79.04166666666667,84.29166666666667,82.5,86.05555555555554,84.22619047619048,0,1117.2
2024-03-09,23.3,40,1016.1,12.4,0.0,60.3625,32.15833333333333,537.125,28.2875,16.566666666666666,95.41666666666669,99.5,2024,3,9,5,69,1,94.83333333333331,79.04166666666667,84.29166666666667,91.12499999999996,88.19047619047619,0,932.0
2024-03-10,21.8,50,1015.9,11.0,2.2,90.8125,43.98333333333333,631.2916666666666,34.81666666666667,22.891666666666666,84.79166666666667,107.20833333333331,2024,3,10,6,70,1,99.5,94.83333333333331,79.04166666666667,100.51388888888886,91.89880952380952,1,1090.0
2024-03-11,22.7,71,1016.5,13.7,0.0,56.30416666666667,22.933333333333334,326.0833333333333,14.854166666666666,8.112499999999999,86.75,94.95833333333331,2024,3,11,0,71,0,107.20833333333331,99.5,94.83333333333331,100.55555555555551,91.76190476190474,0,1611.7
2024-03-12,23.1,82,1016.0,13.3,0.0,38.69583333333333,18.375,302.5,15.820833333333333,8.345833333333333,75.5,69.875,2024,3,12,1,72,0,94.95833333333331,107.20833333333331,99.5,90.68055555555551,89.95833333333333,0,1894.2
2024-03-13,24.9,57,1014.1,20.6,0.0,91.02083333333331,26.129166666666663,248.04166666666663,11.658333333333331,6.095833333333334,84.75,62.54166666666666,2024,3,13,2,73,0,69.875,94.95833333333331,107.20833333333331,75.79166666666664,86.85119047619047,0,1419.3
2024-03-14,23.6,30,1014.7,17.0,0.0,130.55833333333334,42.975,358.6666666666667,19.516666666666666,13.508333333333333,91.08333333333331,110.16666666666669,2024,3,14,3,74,0,62.54166666666666,69.875,94.95833333333331,80.8611111111111,91.29761904761904,0,708.0
2024-03-15,24.4,36,1014.6,13.3,0.0,48.15,24.945833333333336,418.5416666666667,24.633333333333336,10.245833333333334,89.33333333333333,97.70833333333331,2024,3,15,4,75,0,110.16666666666669,62.54166666666666,69.875,90.13888888888889,91.70833333333331,0,878.4
2024-03-16,24.9,36,1014.2,14.3,0.0,59.8875,25.854166666666668,378.5833333333333,22.39583333333333,10.004166666666666,92.375,85.41666666666667,2024,3,16,5,76,1,97.70833333333331,110.16666666666669,62.54166666666666,97.76388888888889,89.69642857142857,0,896.4
2024-03-17,26.5,29,1014.1,13.6,0.0,48.14166666666667,19.941666666666663,338.2083333333333,17.95,10.775,101.66666666666669,85.20833333333333,2024,3,17,6,77,1,85.41666666666667,97.70833333333331,110.16666666666669,89.44444444444441,86.55357142857143,0,768.5
2024-03-18,26.5,37,1013.8,12.8,0.0,49.19166666666666,22.179166666666664,390.0,20.85833333333333,12.808333333333332,106.0,90.83333333333331,2024,3,18,0,78,0,85.20833333333333,85.41666666666667,97.70833333333331,87.15277777777776,85.96428571428571,0,980.5
2024-03-19,26.6,56,1013.2,15.2,0.0,54.85833333333333,16.650000000000002,328.3333333333333,18.975,6.983333333333333,76.91666666666667,67.58333333333333,2024,3,19,1,79,0,90.83333333333331,85.20833333333333,85.41666666666667,81.2083333333333,85.63690476190474,0,1489.6
2024-03-20,25.8,66,1013.1,12.4,0.0,72.42916666666666,22.90833333333333,440.7083333333333,25.683333333333334,9.316666666666666,84.79166666666667,76.0,2024,3,20,2,80,0,67.58333333333333,90.83333333333331,85.20833333333333,78.13888888888886,87.55952380952381,0,1702.8
2024-03-21,26.6,53,1011.1,17.5,0.0,61.34166666666667,25.616666666666664,311.0416666666667,17.037499999999998,5.941666666666666,78.5,75.25,2024,3,21,3,81,0,76.0,67.58333333333333,90.83333333333331,72.94444444444441,82.57142857142857,0,1409.8000000000002
2024-03-22,26.3,70,1008.7,21.0,0.0,56.0875,23.916666666666668,266.8333333333333,11.354166666666666,5.108333333333333,90.41666666666669,80.79166666666667,2024,3,22,4,82,0,75.25,76.0,67.58333333333333,77.34722222222221,80.15476190476191,0,1841.0
2024-03-23,25.9,81,1009.3,17.5,0.0,71.0125,22.179166666666664,253.41666666666663,13.125,5.416666666666667,76.375,71.20833333333333,2024,3,23,5,83,1,80.79166666666667,75.25,76.0,75.74999999999999,78.125,0,2097.9
2024-03-24,26.7,73,1009.9,18.1,0.0,58.0625,20.6,250.54166666666663,13.816666666666668,4.979166666666667,71.125,71.29166666666667,2024,3,24,6,84,1,71.20833333333333,80.79166666666667,75.25,74.43055555555554,76.13690476190477,0,1949.1
2024-03-25,27.1,67,1011.9,15.1,0.0,56.15,20.2875,334.5,18.929166666666667,7.574999999999999,84.58333333333333,76.0,2024,3,25,0,85,0,71.29166666666667,71.20833333333333,80.79166666666667,72.83333333333331,74.01785714285714,0,1815.7
2024-03-26,27.6,66,1011.4,16.5,0.0,40.69166666666667,17.425,287.25,15.370833333333332,5.604166666666667,70.29166666666667,62.5,2024,3,26,1,86,0,76.0,71.29166666666667,71.20833333333333,69.93055555555554,73.29166666666666,0,1821.6
2024-03-27,27.0,73,1012.6,17.3,0.0,61.43333333333334,19.3125,259.875,13.466666666666669,5.3500000000000005,75.75,62.16666666666666,2024,3,27,2,87,0,62.5,76.0,71.29166666666667,66.88888888888887,71.31547619047619,0,1971.0
2024-03-28,27.7,56,1011.7,19.1,0.0,41.60833333333333,12.391666666666666,282.4166666666667,14.729166666666666,5.5,105.95833333333331,68.66666666666667,2024,3,28,3,88,0,62.16666666666666,62.5,76.0,64.44444444444441,70.375,0,1551.2
2024-03-29,25.3,68,1011.1,17.6,0.0,78.925,23.916666666666668,275.0416666666667,12.916666666666666,5.979166666666667,107.04166666666669,66.625,2024,3,29,4,89,0,68.66666666666667,62.16666666666666,62.5,65.81944444444441,68.35119047619048,0,1720.4
2024-03-30,25.3,71,1012.5,21.9,0.0,107.81666666666666,30.191666666666663,225.25,9.008333333333333,4.5,96.20833333333331,80.04166666666667,2024,3,30,5,90,1,66.625,68.66666666666667,62.16666666666666,71.77777777777776,69.61309523809523,0,1796.3
2024-03-31,27.1,54,1013.4,13.5,0.0,159.02083333333334,46.725,325.6666666666667,16.704166666666666,9.883333333333333,105.625,107.33333333333331,2024,3,31,6,91,1,80.04166666666667,66.625,68.66666666666667,84.66666666666664,74.76190476190477,0,1463.4
2024-04-01,25.9,62,1011.0,14.4,0.0,96.08333333333331,31.683333333333334,334.9583333333333,18.245833333333334,8.916666666666666,93.33333333333331,116.70833333333331,2024,4,1,0,92,0,107.33333333333331,80.04166666666667,66.625,101.36111111111109,80.57738095238095,0,1605.8
2024-04-02,26.2,72,1008.4,19.2,0.0,59.82083333333333,22.70833333333333,225.4583333333333,9.941666666666666,5.208333333333333,102.58333333333331,80.91666666666667,2024,4,2,1,93,0,116.70833333333331,107.33333333333331,80.04166666666667,101.65277777777776,83.20833333333333,0,1886.4
2024-04-03,26.1,78,1008.6,17.6,0.0,108.53333333333336,33.295833333333334,297.4166666666667,11.7875,6.616666666666667,126.66666666666669,98.58333333333331,2024,4,3,2,94,0,80.91666666666667,116.70833333333331,107.33333333333331,98.73611111111109,88.41071428571429,0,2035.8
2024-04-04,26.7,67,1010.0,17.7,0.0,56.4375,17.504166666666666,282.5,14.1375,5.875,111.125,83.58333333333333,2024,4,4,3,95,0,98.58333333333331,80.91666666666667,116.70833333333331,87.69444444444441,90.54166666666666,0,1788.9
2024-04-05,27.2,58,1010.0,21.2,0.0,57.00833333333333,17.483333333333334,261.25,11.870833333333332,5.529166666666666,111.625,66.66666666666667,2024,4,5,4,96,0,83.58333333333333,98.58333333333331,80.91666666666667,82.94444444444441,90.54761904761904,0,1577.6
2024-04-06,26.7,60,1009.4,19.8,0.0,49.0,15.304166666666667,263.4583333333333,12.020833333333334,5.7625,119.20833333333331,74.04166666666667,2024,4,6,5,97,1,66.66666666666667,83.58333333333333,98.58333333333331,74.76388888888887,89.69047619047618,0,1602.0
2024-04-07,26.4,76,1008.9,17.1,0.0,51.15833333333333,19.1375,306.9583333333333,16.925,6.5625,100.125,67.41666666666667,2024,4,7,6,98,1,74.04166666666667,66.66666666666667,83.58333333333333,69.37499999999999,83.98809523809523,0,2006.4
2024-04-08,27.2,68,1009.3,13.7,0.0,52.28333333333333,19.370833333333334,345.2083333333333,18.883333333333333,6.470833333333334,100.08333333333331,72.66666666666667,2024,4,8,0,99,0,67.41666666666667,74.04166666666667,66.66666666666667,71.37499999999999,77.69642857142857,0,1849.6
2024-04-09,27.9,57,1009.3,17.5,0.0,33.4625,13.904166666666669,312.8333333333333,17.166666666666668,5.729166666666667,84.04166666666667,61.66666666666666,2024,4,9,1,100,0,72.66666666666667,67.41666666666667,74.04166666666667,67.24999999999999,74.94642857142857,0,1590.3
2024-04-10,26.6,76,1008.8,16.1,0.0,40.62916666666667,17.083333333333332,265.75,14.920833333333334,6.129166666666666,61.208333333333336,57.583333333333336,2024,4,10,2,101,0,61.66666666666666,72.66666666666667,67.41666666666667,63.9722222222222,69.08928571428571,0,2021.6
2024-04-11,26.3,80,1009.1,12.1,0.0,45.775,17.779166666666665,289.2083333333333,17.462500000000002,6.604166666666667,79.33333333333333,65.5,2024,4,11,3,102,0,57.583333333333336,61.66666666666666,72.66666666666667,61.583333333333314,66.50595238095238,0,2104.0
2024-04-12,27.0,77,1008.2,17.0,0.0,35.5375,13.379166666666668,260.7916666666667,15.095833333333331,6.375,69.875,58.833333333333336,2024,4,12,4,103,0,65.5,57.583333333333336,61.66666666666666,60.63888888888888,65.38690476190476,0,2079.0
2024-04-13,27.9,78,1008.2,14.6,0.0,45.93333333333334,14.408333333333331,225.41666666666663,13.416666666666666,5.425,61.04166666666666,50.75,2024,4,13,5,104,1,58.833333333333336,65.5,57.583333333333336,58.36111111111109,62.0595238095238,0,2176.2
2024-04-14,26.6,80,1011.2,7.5,3.4,111.98333333333332,25.629166666666663,291.7083333333333,21.4125,14.4875,51.833333333333336,62.0,2024,4,14,6,105,1,50.75,58.833333333333336,65.5,57.19444444444443,61.285714285714285,1,2128.0
2024-04-15,26.4,76,1012.7,11.0,0.0,73.21249999999999,22.35,314.2083333333333,19.058333333333334,8.466666666666667,57.708333333333336,86.58333333333333,2024,4,15,0,106,0,62.0,50.75,58.833333333333336,66.44444444444441,63.27380952380952,0,2006.4
2024-04-16,28.1,73,1011.7,12.6,0.0,72.05833333333334,21.683333333333334,288.125,17.058333333333334,14.820833333333333,71.125,61.125,2024,4,16,1,107,0,86.58333333333333,62.0,50.75,69.90277777777776,63.19642857142857,0,2051.3
2024-04-17,28.8,57,1009.4,10.5,0.0,62.84166666666667,24.59583333333333,349.0416666666667,20.366666666666667,14.204166666666667,83.125,81.125,2024,4,17,2,108,0,61.125,86.58333333333333,62.0,76.27777777777776,66.55952380952381,0,1641.6
2024-04-18,27.2,78,1008.2,18.3,0.5,86.11666666666667,22.791666666666668,189.9583333333333,9.6625,5.3125,63.91666666666666,69.66666666666667,2024,4,18,3,109,0,81.125,61.125,86.58333333333333,70.63888888888887,67.1547619047619,1,2121.6
2024-04-19,26.7,71,1006.8,26.2,0.0,57.3875,25.616666666666664,206.7083333333333,6.3125,3.920833333333333,113.20833333333331,80.75,2024,4,19,4,110,0,69.66666666666667,81.125,61.125,77.18055555555554,70.28571428571429,0,1895.7
2024-04-20,27.7,66,1007.1,21.3,0.0,48.67916666666667,21.691666666666663,231.41666666666663,8.245833333333334,4.575,111.20833333333331,77.20833333333333,2024,4,20,5,111,1,80.75,69.66666666666667,81.125,75.87499999999999,74.06547619047619,0,1828.2
2024-04-21,27.5,72,1007.7,21.8,0.0,54.31666666666666,23.3125,233.7083333333333,9.191666666666666,4.7875000000000005,98.91666666666669,73.04166666666667,2024,4,21,6,112,1,77.20833333333333,80.75,69.66666666666667,76.99999999999999,75.64285714285714,0,1980.0
2024-04-22,27.5,76,1008.3,23.9,0.0,57.55,20.45833333333333,196.04166666666663,8.466666666666667,4.0875,70.5,70.29166666666667,2024,4,22,0,113,0,73.04166666666667,77.20833333333333,80.75,73.51388888888887,73.31547619047618,0,2090.0
2024-04-23,27.3,79,1007.4,19.8,0.0,56.55416666666667,19.79583333333333,201.41666666666663,9.141666666666667,4.525,78.79166666666667,66.875,2024,4,23,1,114,0,70.29166666666667,73.04166666666667,77.20833333333333,70.06944444444443,74.13690476190474,0,2156.7000000000003
2024-04-24,27.3,78,1006.9,18.3,0.0,51.10833333333333,19.320833333333333,216.9583333333333,10.2,5.120833333333333,72.79166666666667,65.04166666666667,2024,4,24,2,115,0,66.875,70.29166666666667,73.04166666666667,67.40277777777777,71.83928571428571,0,2129.4
2024-04-25,27.4,79,1006.9,21.1,0.0,46.14166666666667,16.591666666666665,216.2083333333333,11.0875,4.695833333333334,67.75,64.5,2024,4,25,3,116,0,65.04166666666667,66.875,70.29166666666667,65.47222222222221,71.10119047619048,0,2164.6
2024-04-26,28.1,75,1007.1,23.0,0.0,65.68333333333334,16.816666666666666,200.0833333333333,8.033333333333333,4.216666666666667,77.125,57.91666666666666,2024,4,26,4,117,0,64.5,65.04166666666667,66.875,62.486111111111086,67.83928571428571,0,2107.5
2024-04-27,27.7,77,1008.3,19.1,0.0,60.03333333333333,15.9125,219.8333333333333,10.241666666666667,4.8125,75.91666666666667,60.16666666666666,2024,4,27,5,118,1,57.91666666666666,64.5,65.04166666666667,60.861111111111086,65.4047619047619,0,2132.9
2024-04-28,28.4,75,1008.6,20.1,0.0,66.26666666666667,18.016666666666666,225.25,11.408333333333331,6.2125,77.79166666666667,58.5,2024,4,28,6,119,1,60.16666666666666,57.91666666666666,64.5,58.861111111111086,63.32738095238096,0,2130.0
2024-04-29,30.6,42,1009.2,20.3,0.0,118.32916666666668,26.879166666666663,259.7916666666667,13.525,6.3,90.0,73.33333333333333,2024,4,29,0,120,0,58.5,60.16666666666666,57.91666666666666,63.99999999999998,63.76190476190476,0,1285.2
2024-04-30,30.7,37,1008.3,21.8,0.0,127.33333333333331,30.20833333333333,255.66666666666663,12.129166666666668,6.566666666666666,102.29166666666669,89.83333333333333,2024,4,30,1,121,0,73.33333333333333,58.5,60.16666666666666,73.88888888888887,67.04166666666666,0,1135.9
2024-05-01,29.6,21,1006.2,20.2,0.0,146.82500000000002,35.112500000000004,257.625,13.220833333333331,9.279166666666669,100.45833333333331,92.83333333333331,2024,5,1,2,122,0,89.83333333333333,73.33333333333333,58.5,85.3333333333333,71.01190476190474,0,621.6
2024-05-02,28.8,55,1005.5,14.7,0.0,114.87083333333334,38.175,325.375,17.258333333333333,11.5375,108.20833333333331,119.16666666666669,2024,5,2,3,123,0,92.83333333333331,89.83333333333333,73.33333333333333,100.61111111111109,78.82142857142857,0,1584.0
2024-05-03,29.1,71,1006.3,22.0,0.0,52.975,17.508333333333333,231.0833333333333,11.579166666666666,5.720833333333334,62.0,76.91666666666667,2024,5,3,4,124,0,119.16666666666669,92.83333333333331,89.83333333333333,96.30555555555554,81.53571428571429,0,2066.1
2024-05-04,29.1,70,1008.1,25.2,0.0,48.5625,21.46666666666667,207.875,8.291666666666666,4.379166666666666,79.75,71.41666666666667,2024,5,4,5,125,1,76.91666666666667,119.16666666666669,92.83333333333331,89.16666666666667,83.14285714285714,0,2037.0
2024-05-05,28.8,74,1006.6,23.0,0.0,48.958333333333336,18.225,191.41666666666663,7.370833333333334,3.891666666666667,64.70833333333333,65.33333333333333,2024,5,5,6,126,1,71.41666666666667,76.91666666666667,119.16666666666669,71.22222222222221,84.1190476190476,0,2131.2000000000003
2024-05-06,30.0,66,1005.5,21.1,0.0,60.6875,15.1125,208.5,10.5,4.579166666666667,69.5,57.458333333333336,2024,5,6,0,127,0,65.33333333333333,71.41666666666667,76.91666666666667,64.73611111111109,81.85119047619048,0,1980.0
2024-05-07,30.1,67,1006.2,18.7,0.0,62.0875,17.716666666666665,237.25,12.704166666666666,5.65,76.33333333333333,62.79166666666666,2024,5,7,1,128,0,57.458333333333336,65.33333333333333,71.41666666666667,61.861111111111086,77.98809523809523,0,2016.7
2024-05-08,29.6,78,1006.0,17.4,0.0,31.9375,9.320833333333333,205.25,11.779166666666669,5.670833333333333,61.16666666666666,50.625,2024,5,8,2,129,0,62.79166666666666,57.458333333333336,65.33333333333333,56.958333333333314,71.95833333333334,0,2308.8
2024-05-09,29.6,80,1005.0,18.5,0.0,33.52916666666667,9.904166666666669,194.9583333333333,10.125,5.5375000000000005,55.75,39.04166666666666,2024,5,9,3,130,0,50.625,62.79166666666666,57.458333333333336,50.81944444444442,60.51190476190476,0,2368.0
2024-05-10,29.3,78,1006.1,15.3,0.0,41.93333333333333,11.9375,210.66666666666663,10.066666666666666,6.279166666666666,58.375,45.79166666666666,2024,5,10,4,131,0,39.04166666666666,50.625,62.79166666666666,45.15277777777775,56.06547619047619,0,2285.4
2024-05-11,29.2,76,1007.8,13.9,0.0,58.64166666666667,16.370833333333334,206.5833333333333,10.416666666666666,7.274999999999999,68.29166666666667,55.458333333333336,2024,5,11,5,132,1,45.79166666666666,39.04166666666666,50.625,46.76388888888886,53.78571428571428,0,2219.2
2024-05-12,29.5,77,1007.9,14.4,0.0,68.15416666666667,15.379166666666668,222.0,11.475,7.545833333333333,85.58333333333333,61.91666666666666,2024,5,12,6,133,1,55.458333333333336,45.79166666666666,39.04166666666666,54.38888888888886,53.29761904761904,0,2271.5
2024-05-13,29.2,79,1007.7,13.9,0.0,100.325,19.258333333333333,225.91666666666663,12.8,8.191666666666666,79.875,68.0,2024,5,13,0,134,0,61.91666666666666,55.458333333333336,45.79166666666666,61.79166666666665,54.80357142857143,0,2306.8
2024-05-14,29.1,76,1009.0,12.9,0.0,66.63333333333334,19.129166666666663,241.125,15.133333333333333,8.654166666666667,82.5,72.54166666666667,2024,5,14,1,135,0,68.0,61.91666666666666,55.458333333333336,67.4861111111111,56.19642857142857,0,2211.6
2024-05-15,30.6,67,1009.2,16.5,0.0,38.87916666666667,13.991666666666667,197.4583333333333,11.383333333333333,5.916666666666667,75.41666666666667,61.208333333333336,2024,5,15,2,136,0,72.54166666666667,68.0,61.91666666666666,67.24999999999999,57.70833333333333,0,2050.2000000000003
2024-05-16,30.0,70,1009.4,18.0,0.0,39.37916666666667,15.570833333333333,231.375,12.441666666666668,5.604166666666667,67.29166666666667,55.708333333333336,2024,5,16,3,137,0,61.208333333333336,72.54166666666667,68.0,63.15277777777775,60.08928571428572,0,2100.0
2024-05-17,30.8,69,1007.4,19.5,0.0,48.3875,16.529166666666665,231.375,11.8375,4.966666666666667,68.79166666666667,58.16666666666666,2024,5,17,4,138,0,55.708333333333336,61.208333333333336,72.54166666666667,58.361111111111086,61.85714285714285,0,2125.2000000000003
2024-05-18,31.3,67,1005.7,20.0,0.0,27.875,11.0875,219.0,11.1875,4.754166666666666,66.625,55.083333333333336,2024,5,18,5,139,1,58.16666666666666,55.708333333333336,61.208333333333336,56.31944444444442,61.80357142857143,0,2097.1
2024-05-19,30.1,75,1003.8,18.9,0.0,25.04583333333333,8.520833333333334,186.29166666666663,10.470833333333331,5.15,53.208333333333336,39.25,2024,5,19,6,140,1,55.083333333333336,58.16666666666666,55.708333333333336,50.833333333333314,58.56547619047619,0,2257.5
2024-05-20,30.9,76,1003.3,22.6,0.0,37.35833333333333,10.320833333333333,186.0833333333333,8.950000000000001,4.375,60.25,38.79166666666666,2024,5,20,0,141,0,39.25,55.083333333333336,58.16666666666666,44.37499999999998,54.392857142857146,0,2348.4
2024-05-21,31.3,74,1003.0,21.7,0.0,65.62083333333334,14.65,206.16666666666663,9.670833333333333,4.820833333333334,67.875,47.41666666666666,2024,5,21,1,142,0,38.79166666666666,39.25,55.083333333333336,41.81944444444442,50.80357142857143,0,2316.2000000000003
2024-05-22,31.5,71,1002.4,22.8,0.0,56.175,14.9,211.29166666666663,10.229166666666666,5.133333333333334,70.83333333333333,56.66666666666666,2024,5,22,2,143,0,47.41666666666666,38.79166666666666,39.25,47.62499999999997,50.15476190476191,0,2236.5
2024-05-23,30.9,74,1001.3,20.8,0.0,46.47916666666666,14.983333333333334,212.04166666666663,10.3625,5.075,71.625,56.875,2024,5,23,3,144,0,56.66666666666666,47.41666666666666,38.79166666666666,53.65277777777775,50.32142857142857,0,2286.6
2024-05-24,30.7,77,1000.3,21.5,0.0,36.99583333333333,13.591666666666669,188.04166666666663,10.070833333333333,5.670833333333333,75.83333333333333,54.75,2024,5,24,4,145,0,56.875,56.66666666666666,47.41666666666666,56.0972222222222,49.83333333333333,0,2363.9
2024-05-25,30.7,79,1000.9,19.2,0.0,58.13333333333333,17.554166666666667,188.25,10.633333333333333,5.8375,79.66666666666667,58.083333333333336,2024,5,25,5,146,1,54.75,56.875,56.66666666666666,56.56944444444442,50.26190476190476,0,2425.3
2024-05-26,30.9,77,1001.9,22.2,0.0,56.12916666666666,18.65,178.79166666666666,8.725,4.745833333333334,71.875,62.333333333333336,2024,5,26,6,147,1,58.083333333333336,54.75,56.875,58.388888888888864,53.5595238095238,0,2379.3
2024-05-27,30.9,78,1000.8,26.8,0.0,71.29166666666667,22.0875,163.83333333333334,7.295833333333333,4.05,69.41666666666667,69.20833333333333,2024,5,27,0,148,0,62.333333333333336,58.083333333333336,54.75,63.208333333333314,57.90476190476189,0,2410.2
2024-05-28,31.2,75,999.3,30.3,0.0,56.02916666666667,18.78333333333333,155.41666666666666,6.3125,3.466666666666667,65.41666666666667,68.79166666666667,2024,5,28,1,149,0,69.20833333333333,62.333333333333336,58.083333333333336,66.77777777777777,60.95833333333333,0,2340.0
2024-05-29,32.8,64,997.3,30.6,0.0,82.37916666666666,20.891666666666666,179.33333333333334,7.875,3.775,75.66666666666667,65.04166666666667,2024,5,29,2,150,0,68.79166666666667,69.20833333333333,62.333333333333336,67.68055555555554,62.15476190476191,0,2099.2
2024-05-30,32.9,68,998.9,21.3,0.0,64.30833333333334,18.33333333333333,189.9583333333333,9.604166666666666,5.158333333333333,76.41666666666667,66.41666666666667,2024,5,30,3,151,0,65.04166666666667,68.79166666666667,69.20833333333333,66.74999999999999,63.517857142857146,0,2237.2
2024-05-31,30.8,79,1000.7,20.2,0.0,87.16666666666667,20.016666666666666,186.125,8.583333333333334,5.858333333333333,73.41666666666667,65.08333333333333,2024,5,31,4,152,0,66.41666666666667,65.04166666666667,68.79166666666667,65.51388888888887,64.99404761904762,0,2433.2000000000003
2024-06-01,31.9,68,1000.0,17.0,0.0,204.3333333333333,42.78333333333333,214.25,10.254166666666666,5.408333333333334,86.45833333333333,90.125,2024,6,1,5,153,1,65.08333333333333,66.41666666666667,65.04166666666667,73.87499999999999,69.57142857142857,0,2169.2
2024-06-02,30.5,78,1003.1,18.2,0.0,56.02916666666667,16.895833333333332,171.625,7.808333333333334,5.629166666666666,63.79166666666666,98.41666666666669,2024,6,2,6,154,1,90.125,65.08333333333333,66.41666666666667,84.54166666666664,74.72619047619048,0,2379.0
2024-06-03,30.0,74,1004.5,19.8,0.0,78.12083333333334,15.933333333333332,156.54166666666666,7.0875,5.1125,61.5,59.5,2024,6,3,0,155,0,98.41666666666669,90.125,65.08333333333333,82.68055555555554,73.33928571428571,0,2220.0
2024-06-04,30.0,72,1004.2,26.3,0.0,71.67083333333333,19.041666666666668,137.375,5.45,3.804166666666666,63.5,63.25,2024,6,4,1,156,0,59.5,98.41666666666669,90.125,73.72222222222221,72.54761904761905,0,2160.0
2024-06-05,30.2,71,1004.0,28.9,0.0,72.64583333333333,20.104166666666668,139.125,5.241666666666666,3.4791666666666665,60.41666666666666,66.66666666666667,2024,6,5,2,157,0,63.25,59.5,98.41666666666669,63.13888888888888,72.77976190476191,0,2144.2
2024-06-06,30.4,74,1005.2,25.1,0.6,67.03750000000001,21.629166666666663,142.875,5.7125,3.758333333333333,59.958333333333336,68.5,2024,6,6,3,158,0,66.66666666666667,63.25,59.5,66.13888888888887,73.07738095238095,1,2249.6
2024-06-07,30.5,73,1004.4,21.3,0.0,71.77083333333333,19.5875,164.04166666666666,6.883333333333333,4.729166666666667,61.208333333333336,69.58333333333333,2024,6,7,4,159,0,68.5,66.66666666666667,63.25,68.24999999999999,73.7202380952381,0,2226.5
2024-06-08,30.4,74,1003.1,23.3,0.0,61.708333333333336,16.337500000000002,159.66666666666666,7.116666666666667,4.395833333333333,57.583333333333336,63.25,2024,6,8,5,160,1,69.58333333333333,68.5,66.66666666666667,67.11111111111109,69.88095238095238,0,2249.6
2024-06-09,30.4,75,1003.5,21.9,0.0,50.6,14.05,152.625,7.479166666666667,4.55,58.625,55.625,2024,6,9,6,161,1,63.25,69.58333333333333,68.5,62.81944444444442,63.767857142857146,0,2280.0
2024-06-10,30.4,76,1003.9,25.3,0.0,49.73333333333333,15.495833333333332,147.5,6.670833333333333,4.245833333333334,60.16666666666666,55.41666666666666,2024,6,10,0,162,0,55.625,63.25,69.58333333333333,58.0972222222222,63.1845238095238,0,2310.4
2024-06-11,30.5,73,1003.6,26.6,0.0,46.87083333333334,18.1875,154.125,6.1125,3.908333333333333,62.66666666666666,60.5,2024,6,11,1,163,0,55.41666666666666,55.625,63.25,57.180555555555536,62.79166666666666,0,2226.5
2024-06-12,30.7,71,1003.6,27.1,0.0,45.05833333333334,19.275,152.20833333333334,5.645833333333333,3.741666666666666,63.083333333333336,63.833333333333336,2024,6,12,2,164,0,60.5,55.41666666666666,55.625,59.91666666666665,62.38690476190476,0,2179.7
2024-06-13,30.9,71,1002.8,26.0,0.3,53.95416666666667,21.4375,155.04166666666666,5.533333333333334,3.725,64.95833333333333,66.875,2024,6,13,3,165,0,63.833333333333336,60.5,55.41666666666666,63.73611111111109,62.15476190476191,1,2193.9
2024-06-14,30.9,73,1001.3,22.9,0.4,66.97500000000001,21.35,145.375,5.820833333333333,4.054166666666666,62.875,70.79166666666667,2024,6,14,4,166,0,66.875,63.833333333333336,60.5,67.16666666666664,62.32738095238096,1,2255.7
2024-06-15,31.0,74,1001.1,17.8,0.4,70.71666666666667,19.59583333333333,158.75,7.35,5.104166666666667,62.29166666666666,68.70833333333333,2024,6,15,5,167,1,70.79166666666667,66.875,63.833333333333336,68.79166666666664,63.10714285714285,1,2294.0
2024-06-16,31.0,74,1001.8,20.3,0.1,70.3875,20.64583333333333,181.54166666666663,7.720833333333334,5.2375,65.33333333333333,67.54166666666667,2024,6,16,6,168,1,68.70833333333333,70.79166666666667,66.875,69.01388888888887,64.80952380952381,1,2294.0
2024-06-17,30.9,71,1002.0,19.3,0.5,97.54583333333332,19.933333333333334,175.95833333333334,7.454166666666667,5.1375,63.66666666666666,65.95833333333333,2024,6,17,0,169,0,67.54166666666667,68.70833333333333,70.79166666666667,67.40277777777776,66.31547619047619,1,2193.9
2024-06-18,31.2,70,1000.8,22.6,0.7,57.5375,15.8625,150.70833333333334,5.966666666666666,4.2125,58.75,66.33333333333333,2024,6,18,1,170,0,65.95833333333333,67.54166666666667,68.70833333333333,66.61111111111109,67.14880952380953,1,2184.0
2024-06-19,31.1,76,996.9,23.5,0.0,85.36666666666667,18.241666666666667,156.33333333333334,6.754166666666666,4.529166666666667,64.20833333333333,60.79166666666666,2024,6,19,2,171,0,66.33333333333333,65.95833333333333,67.54166666666667,64.36111111111109,66.71428571428571,0,2363.6
2024-06-20,31.0,81,994.5,23.3,0.0,134.475,30.5625,176.91666666666666,9.195833333333333,5.3625,72.70833333333333,75.70833333333333,2024,6,20,3,172,0,60.79166666666666,66.33333333333333,65.95833333333333,67.61111111111109,67.97619047619047,0,2511.0
2024-06-21,31.1,79,996.5,19.7,0.4,129.775,28.641666666666666,169.91666666666666,8.454166666666667,5.733333333333333,68.875,90.5,2024,6,21,4,173,0,75.70833333333333,60.79166666666666,66.33333333333333,75.66666666666664,70.79166666666666,1,2456.9
2024-06-22,31.4,76,998.7,14.9,0.0,189.03333333333333,34.15416666666667,210.25,12.05,10.875,78.83333333333333,102.75,2024,6,22,5,174,1,90.5,75.70833333333333,60.79166666666666,89.65277777777776,75.6547619047619,0,2386.4
2024-06-23,31.6,74,999.6,18.6,0.0,139.20000000000002,26.554166666666664,199.04166666666663,11.204166666666666,6.65,61.958333333333336,106.20833333333331,2024,6,23,6,175,1,102.75,90.5,75.70833333333333,99.8194444444444,81.17857142857143,0,2338.4
2024-06-24,32.3,71,997.4,20.7,0.0,127.99166666666667,27.879166666666663,194.8333333333333,11.045833333333334,6.308333333333334,63.79166666666666,90.41666666666669,2024,6,24,0,176,0,106.20833333333331,102.75,90.5,99.79166666666664,84.67261904761904,0,2293.3
2024-06-25,31.9,74,995.3,22.3,0.0,111.32916666666668,26.675,190.75,11.429166666666667,7.225,72.70833333333333,82.04166666666667,2024,6,25,1,177,0,90.41666666666669,106.20833333333331,102.75,92.88888888888889,86.91666666666666,0,2360.6
2024-06-26,31.5,75,995.8,15.7,0.0,115.29583333333332,25.804166666666664,204.5,12.683333333333332,8.4375,77.0,82.0,2024,6,26,2,178,0,82.04166666666667,90.41666666666669,106.20833333333331,84.81944444444444,89.94642857142857,0,2362.5
2024-06-27,32.3,71,996.6,15.8,0.0,122.10416666666669,25.604166666666668,209.04166666666663,12.695833333333333,7.666666666666667,66.45833333333333,82.08333333333333,2024,6,27,3,179,0,82.0,82.04166666666667,90.41666666666669,82.04166666666664,90.85714285714286,0,2293.3
2024-06-28,32.5,68,996.3,15.1,8.8,71.53750000000001,23.58333333333333,220.75,11.645833333333334,13.104166666666666,74.66666666666667,79.70833333333333,2024,6,28,4,180,0,82.08333333333333,82.0,82.04166666666667,81.26388888888886,89.31547619047619,1,2210.0
2024-06-29,32.1,72,996.2,18.2,0.0,34.208333333333336,15.7875,221.66666666666663,11.8125,13.354166666666666,71.83333333333333,67.91666666666667,2024,6,29,5,181,1,79.70833333333333,82.08333333333333,82.0,76.56944444444441,84.33928571428571,0,2311.2000000000003
2024-06-30,32.0,72,996.6,14.9,0.0,29.9,15.8,207.9583333333333,11.158333333333331,10.820833333333333,68.91666666666667,57.66666666666666,2024,6,30,6,182,1,67.91666666666667,79.70833333333333,82.08333333333333,68.43055555555553,77.40476190476191,0,2304.0
2024-07-01,32.3,74,994.2,22.6,0.0,88.0125,24.33333333333333,170.33333333333334,7.3875,5.5125,69.04166666666667,63.75,2024,7,1,0,183,0,57.66666666666666,67.91666666666667,79.70833333333333,63.111111111111086,73.59523809523809,0,2390.2
2024-07-02,32.5,70,992.8,22.1,0.0,98.85416666666669,27.59166666666667,164.66666666666666,7.125,5.504166666666666,67.20833333333333,82.875,2024,7,2,1,184,0,63.75,57.66666666666666,67.91666666666667,68.0972222222222,73.71428571428571,0,2275.0
2024-07-03,32.2,73,994.5,22.2,0.3,93.86666666666667,22.175,154.20833333333334,6.783333333333334,5.329166666666667,58.75,76.5,2024,7,3,2,185,0,82.875,63.75,57.66666666666666,74.37499999999999,72.92857142857143,1,2350.6000000000004
2024-07-04,31.6,73,997.2,18.3,0.4,101.2625,22.991666666666664,153.45833333333334,6.991666666666667,5.966666666666666,58.375,71.75,2024,7,4,3,186,0,76.5,82.875,63.75,77.04166666666664,71.45238095238095,1,2306.8
2024-07-05,31.4,71,995.9,18.9,0.6,103.825,24.775,147.375,6.925,5.904166666666666,61.125,75.54166666666667,2024,7,5,4,187,0,71.75,76.5,82.875,74.59722222222221,70.85714285714286,1,2229.4
2024-07-06,31.9,68,993.3,23.7,0.0,113.21666666666664,30.6625,150.79166666666666,6.758333333333333,5.008333333333334,74.41666666666667,82.54166666666667,2024,7,6,5,188,1,75.54166666666667,71.75,76.5,76.6111111111111,72.94642857142857,0,2169.2
2024-07-07,32.1,75,994.6,25.3,0.3,125.91666666666669,34.362500000000004,174.375,8.445833333333333,5.775,77.66666666666667,96.08333333333331,2024,7,7,6,189,1,82.54166666666667,75.54166666666667,71.75,84.7222222222222,78.43452380952382,1,2407.5
2024-07-08,31.6,75,998.7,14.0,0.3,172.42499999999998,40.3875,230.2083333333333,12.4375,15.445833333333333,87.54166666666667,96.04166666666669,2024,7,8,0,190,0,96.08333333333331,82.54166666666667,75.54166666666667,91.55555555555554,83.04761904761905,1,2370.0
2024-07-09,31.6,78,1000.4,13.0,0.9,121.10833333333332,34.90416666666667,273.0416666666667,16.625,14.158333333333331,89.58333333333333,116.91666666666669,2024,7,9,1,191,0,96.04166666666669,96.08333333333331,82.54166666666667,103.01388888888889,87.91071428571429,1,2464.8
2024-07-10,31.8,78,1001.7,17.4,0.1,109.75833333333333,32.920833333333334,251.5833333333333,15.695833333333333,8.75,66.5,102.25,2024,7,10,2,192,0,116.91666666666669,96.04166666666669,96.08333333333331,105.06944444444444,91.58928571428572,1,2480.4
2024-07-11,31.5,74,1000.6,28.2,0.6,76.35416666666667,25.5,180.875,9.045833333333333,4.429166666666666,53.458333333333336,86.375,2024,7,11,3,193,0,102.25,116.91666666666669,96.04166666666669,101.8472222222222,93.67857142857144,1,2331.0
2024-07-12,31.0,75,997.0,34.6,1.2,69.05833333333334,25.616666666666664,152.25,7.108333333333333,3.333333333333333,47.54166666666666,76.91666666666667,2024,7,12,4,194,0,86.375,102.25,116.91666666666669,88.51388888888887,93.875,1,2325.0
2024-07-13,30.8,78,996.7,28.3,2.2,77.86666666666666,26.9625,180.41666666666663,9.308333333333334,3.8708333333333336,48.66666666666666,81.5,2024,7,13,5,195,1,76.91666666666667,86.375,102.25,81.59722222222221,93.72619047619048,1,2402.4
2024-07-14,30.7,78,996.9,23.1,0.6,79.88333333333334,23.7875,184.41666666666663,9.995833333333334,4.808333333333334,46.16666666666666,78.375,2024,7,14,6,196,1,81.5,76.91666666666667,86.375,78.93055555555554,91.19642857142856,1,2394.6
2024-07-15,31.1,75,998.3,15.9,0.0,162.88750000000002,32.93333333333333,235.16666666666663,14.666666666666666,8.6875,64.41666666666667,85.91666666666667,2024,7,15,0,197,0,78.375,81.5,76.91666666666667,81.93055555555553,89.75,0,2332.5
2024-07-16,31.9,74,998.2,17.6,0.1,135.91666666666666,31.479166666666668,242.79166666666663,16.008333333333333,8.1,68.91666666666667,99.79166666666669,2024,7,16,1,198,0,85.91666666666667,78.375,81.5,88.02777777777777,87.30357142857143,1,2360.6
2024-07-17,31.8,77,996.9,16.3,0.0,110.65,29.6,239.41666666666663,14.679166666666667,9.5375,74.5,87.45833333333333,2024,7,17,2,199,0,99.79166666666669,85.91666666666667,78.375,91.05555555555554,85.19047619047619,0,2448.6
2024-07-18,32.1,77,997.1,17.8,0.0,98.75416666666666,29.0625,185.54166666666663,9.375,6.904166666666666,70.375,88.29166666666667,2024,7,18,3,200,0,87.45833333333333,99.79166666666669,85.91666666666667,91.8472222222222,85.46428571428571,0,2471.7000000000003
2024-07-19,31.8,72,995.7,18.7,0.0,95.19583333333333,33.47083333333333,216.0,10.466666666666669,6.229166666666667,77.20833333333333,92.16666666666669,2024,7,19,4,201,0,88.29166666666667,87.45833333333333,99.79166666666669,89.30555555555554,87.64285714285715,0,2289.6
2024-07-20,32.8,71,995.9,13.8,0.2,110.18333333333334,35.30833333333333,266.2916666666667,15.708333333333334,10.358333333333333,84.58333333333333,96.125,2024,7,20,5,202,1,92.16666666666669,88.29166666666667,87.45833333333333,92.19444444444444,89.73214285714288,1,2328.8
2024-07-21,33.3,69,996.6,10.8,4.2,80.56666666666666,36.62083333333333,347.75,18.320833333333333,17.775000000000002,108.83333333333331,119.0,2024,7,21,6,203,1,96.125,92.16666666666669,88.29166666666667,102.43055555555554,95.5357142857143,1,2297.7
2024-07-22,31.9,77,997.4,21.2,3.4,65.31666666666666,24.995833333333334,232.79166666666663,10.941666666666668,6.808333333333334,73.29166666666667,91.04166666666669,2024,7,22,0,204,0,119.0,96.125,92.16666666666669,102.05555555555554,96.26785714285714,1,2456.3
2024-07-23,30.9,77,997.1,24.8,0.1,85.7375,25.5,186.3333333333333,8.416666666666666,4.995833333333334,61.54166666666666,75.625,2024,7,23,1,205,0,91.04166666666669,119.0,96.125,95.2222222222222,92.8154761904762,1,2379.3
2024-07-24,30.6,76,994.6,25.1,0.0,134.30833333333334,31.04583333333333,174.75,7.708333333333333,4.875,57.16666666666666,88.08333333333333,2024,7,24,2,206,0,75.625,91.04166666666669,119.0,84.91666666666664,92.90476190476193,0,2325.6
2024-07-25,30.7,76,993.4,20.8,0.3,152.17083333333332,34.375,177.91666666666666,8.704166666666667,5.6375,54.958333333333336,92.75,2024,7,25,3,207,0,88.08333333333333,75.625,91.04166666666669,85.48611111111109,93.54166666666669,1,2333.2
2024-07-26,31.2,76,994.9,21.9,0.4,137.06666666666666,33.32083333333333,174.125,8.058333333333334,5.333333333333333,62.958333333333336,98.45833333333331,2024,7,26,4,208,0,92.75,88.08333333333333,75.625,93.0972222222222,94.44047619047618,1,2371.2
2024-07-27,31.2,74,996.4,22.5,0.0,150.65,33.5625,169.54166666666666,7.766666666666667,5.370833333333334,63.833333333333336,93.16666666666669,2024,7,27,5,209,1,98.45833333333331,92.75,88.08333333333333,94.79166666666664,94.01785714285714,0,2308.8
2024-07-28,31.1,74,995.8,14.9,0.0,174.8166666666667,38.96666666666667,218.25,12.704166666666666,9.408333333333331,63.833333333333336,107.58333333333331,2024,7,28,6,210,1,93.16666666666669,98.45833333333331,92.75,99.73611111111109,92.38690476190474,0,2301.4
2024-07-29,30.4,77,995.6,12.1,3.3,164.87083333333334,34.78333333333333,237.54166666666663,14.9,15.329166666666666,62.875,106.91666666666669,2024,7,29,0,211,0,107.58333333333331,93.16666666666669,98.45833333333331,102.55555555555554,94.65476190476193,1,2340.8
2024-07-30,29.2,85,997.6,9.7,18.4,95.8,30.1625,260.0833333333333,16.683333333333334,9.216666666666669,59.625,101.04166666666669,2024,7,30,1,212,0,106.91666666666669,107.58333333333331,93.16666666666669,105.18055555555554,98.28571428571428,1,2482.0
2024-07-31,29.2,86,999.7,13.5,2.3,35.979166666666664,17.349999999999998,263.75,16.4375,8.820833333333333,64.25,71.375,2024,7,31,2,213,0,101.04166666666669,106.91666666666669,107.58333333333331,93.1111111111111,95.89880952380952,1,2511.2
2024-08-01,29.5,83,998.2,27.9,1.4,55.625,21.92083333333333,192.04166666666663,9.595833333333331,4.175,56.5,64.41666666666667,2024,8,1,3,214,0,71.375,101.04166666666669,106.91666666666669,78.94444444444444,91.85119047619048,1,2448.5
2024-08-02,29.3,84,997.4,22.8,1.0,94.05416666666667,26.40833333333333,188.5833333333333,10.666666666666666,4.220833333333333,44.16666666666666,77.5,2024,8,2,4,215,0,64.41666666666667,71.375,101.04166666666669,71.09722222222221,88.85714285714288,1,2461.2000000000003
2024-08-03,29.2,82,998.1,19.5,0.2,116.32916666666668,32.11666666666667,231.9583333333333,15.495833333333332,5.520833333333333,42.66666666666666,86.83333333333333,2024,8,3,5,216,1,77.5,64.41666666666667,71.375,76.24999999999999,87.95238095238095,1,2394.4
2024-08-04,28.9,83,998.0,16.1,2.5,138.27083333333334,33.90833333333333,239.04166666666663,14.891666666666666,5.745833333333334,49.208333333333336,94.29166666666669,2024,8,4,6,217,1,86.83333333333333,77.5,64.41666666666667,86.20833333333331,86.05357142857143,1,2398.7
2024-08-05,28.6,82,1000.4,13.1,1.6,113.37083333333334,28.191666666666663,220.7083333333333,13.379166666666668,6.945833333333334,49.708333333333336,93.5,2024,8,5,0,218,0,94.29166666666669,86.83333333333333,77.5,91.54166666666664,84.13690476190477,1,2345.2000000000003
2024-08-06,28.4,83,1001.0,17.6,1.1,85.02916666666667,23.004166666666663,206.91666666666663,12.929166666666667,5.404166666666666,44.16666666666666,76.625,2024,8,6,1,219,0,93.5,94.29166666666669,86.83333333333333,88.13888888888887,80.64880952380952,1,2357.2
2024-08-07,28.9,78,1001.0,27.1,0.4,73.25833333333334,20.316666666666663,167.45833333333334,7.462499999999999,3.829166666666666,49.75,71.25,2024,8,7,2,220,0,76.625,93.5,94.29166666666669,80.45833333333331,80.63095238095238,1,2254.2
2024-08-08,29.3,76,1002.3,22.0,0.7,66.60833333333333,20.079166666666666,185.5,8.541666666666666,4.4125000000000005,51.708333333333336,68.45833333333333,2024,8,8,3,221,0,71.25,76.625,93.5,72.1111111111111,81.20833333333334,1,2226.8
2024-08-09,29.6,75,1003.7,22.2,0.5,65.72500000000001,18.329166666666666,186.41666666666663,8.295833333333333,4.358333333333333,50.04166666666666,66.41666666666667,2024,8,9,4,222,0,68.45833333333333,71.25,76.625,68.70833333333331,79.625,1,2220.0
2024-08-10,29.8,74,1003.3,28.3,0.4,55.333333333333336,16.116666666666667,154.95833333333334,6.658333333333334,3.6625,47.333333333333336,59.625,2024,8,10,5,223,1,66.41666666666667,68.45833333333333,71.25,64.83333333333331,75.73809523809523,1,2205.2000000000003
2024-08-11,29.1,79,1000.8,29.8,1.1,52.1875,15.85,156.25,6.8625,3.470833333333333,44.41666666666666,58.208333333333336,2024,8,11,6,224,1,59.625,66.41666666666667,68.45833333333333,61.41666666666665,70.58333333333333,1,2298.9
2024-08-12,29.0,81,1001.4,21.8,1.4,87.15833333333335,18.8375,179.45833333333334,9.1875,4.558333333333334,42.125,61.875,2024,8,12,0,225,0,58.208333333333336,59.625,66.41666666666667,59.90277777777776,66.06547619047619,1,2349.0
2024-08-13,29.4,80,1003.3,17.0,0.4,87.79583333333333,17.1125,194.5,10.458333333333334,5.625,44.54166666666666,63.0,2024,8,13,1,226,0,61.875,58.208333333333336,59.625,61.02777777777776,64.11904761904762,1,2352.0
2024-08-14,29.5,78,1003.9,18.8,0.0,117.72083333333336,18.441666666666663,173.0,8.066666666666666,4.9750000000000005,45.333333333333336,78.08333333333333,2024,8,14,2,227,0,63.0,61.875,58.208333333333336,67.65277777777776,65.09523809523809,0,2301.0
2024-08-15,29.2,80,1002.7,21.1,1.9,82.10416666666667,19.0375,170.79166666666666,7.1625000000000005,4.629166666666666,45.375,72.04166666666667,2024,8,15,3,228,0,78.08333333333333,63.0,61.875,71.04166666666664,65.60714285714286,1,2336.0
2024-08-16,28.7,80,1001.0,19.1,1.1,65.46666666666667,19.254166666666663,167.79166666666666,7.9125,4.641666666666667,40.583333333333336,65.875,2024,8,16,4,229,0,72.04166666666667,78.08333333333333,63.0,71.99999999999999,65.5297619047619,1,2296.0
2024-08-17,29.0,77,1002.3,16.2,0.1,78.07083333333334,20.78333333333333,192.4583333333333,11.083333333333334,5.5,37.625,66.0,2024,8,17,5,230,1,65.875,72.04166666666667,78.08333333333333,67.97222222222221,66.44047619047619,1,2233.0
2024-08-18,29.0,77,1003.9,18.0,0.2,72.47083333333333,20.179166666666667,202.3333333333333,12.2875,5.758333333333333,36.083333333333336,68.95833333333333,2024,8,18,6,231,1,66.0,65.875,72.04166666666667,66.94444444444441,67.97619047619048,1,2233.0
2024-08-19,28.9,77,1004.4,18.2,1.0,54.020833333333336,17.929166666666667,213.0833333333333,11.458333333333334,5.5125,42.66666666666666,65.75,2024,8,19,0,232,0,68.95833333333333,66.0,65.875,66.90277777777776,68.52976190476191,1,2225.3
2024-08-20,29.3,74,1003.9,22.6,0.8,43.075,16.395833333333332,193.0,8.920833333333333,4.55,43.583333333333336,61.0,2024,8,20,1,233,0,65.75,68.95833333333333,66.0,65.23611111111109,68.24404761904762,1,2168.2000000000003
2024-08-21,29.3,74,1004.5,22.8,0.0,44.53333333333333,16.745833333333334,176.79166666666666,7.533333333333332,4.183333333333334,47.0,58.66666666666666,2024,8,21,2,234,0,61.0,65.75,68.95833333333333,61.805555555555536,65.47023809523809,0,2168.2000000000003
2024-08-22,30.0,71,1004.0,20.7,0.0,63.59166666666667,18.883333333333333,178.04166666666666,7.791666666666667,4.4875,50.75,63.66666666666666,2024,8,22,3,235,0,58.66666666666666,61.0,65.75,61.111111111111086,64.27380952380952,0,2130.0
2024-08-23,29.7,73,1004.1,21.6,0.0,63.225,18.004166666666666,173.79166666666666,7.066666666666666,4.2,52.41666666666666,63.29166666666666,2024,8,23,4,236,0,63.66666666666666,58.66666666666666,61.0,61.87499999999997,63.90476190476191,0,2168.1
2024-08-24,29.4,74,1004.1,21.8,0.0,79.80833333333334,21.133333333333333,176.79166666666666,7.304166666666667,4.341666666666667,53.458333333333336,63.91666666666666,2024,8,24,5,237,1,63.29166666666666,63.66666666666666,58.66666666666666,63.62499999999997,63.60714285714285,0,2175.6
2024-08-25,29.4,74,1002.4,25.1,0.0,81.96249999999999,23.6875,170.45833333333334,6.6000000000000005,4.041666666666667,55.708333333333336,74.08333333333333,2024,8,25,6,238,1,63.91666666666666,63.29166666666666,63.66666666666666,67.09722222222219,64.33928571428571,0,2175.6
2024-08-26,29.7,74,999.9,23.7,0.0,68.47083333333333,21.23333333333333,192.875,9.945833333333336,5.1875,60.29166666666666,71.875,2024,8,26,0,239,0,74.08333333333333,63.91666666666666,63.29166666666666,69.95833333333331,65.21428571428571,0,2197.8
2024-08-27,29.0,82,998.7,16.3,51.2,50.62083333333334,20.791666666666668,284.625,13.975,8.254166666666666,84.70833333333333,73.125,2024,8,27,1,240,0,71.875,74.08333333333333,63.91666666666666,73.02777777777776,66.94642857142857,1,2378.0
2024-08-28,27.5,87,1000.0,17.7,22.8,17.604166666666668,11.629166666666668,364.9583333333333,17.325,8.85,81.125,59.833333333333336,2024,8,28,2,241,0,73.125,71.875,74.08333333333333,68.27777777777776,67.11309523809523,1,2392.5
2024-08-29,27.6,89,998.8,19.5,21.8,28.0625,15.520833333333334,354.3333333333333,20.04583333333333,9.158333333333331,74.95833333333333,50.54166666666666,2024,8,29,3,242,0,59.833333333333336,73.125,71.875,61.16666666666664,65.23809523809524,1,2456.4
2024-08-30,27.3,83,997.5,34.4,25.7,23.129166666666663,14.033333333333331,207.16666666666663,8.458333333333334,6.829166666666667,71.95833333333333,56.79166666666666,2024,8,30,4,243,0,50.54166666666666,59.833333333333336,73.125,55.7222222222222,64.30952380952381,1,2265.9
2024-08-31,26.3,87,1002.6,33.6,8.5,34.770833333333336,11.9,182.16666666666663,9.775,7.212499999999999,42.333333333333336,53.25,2024,8,31,5,244,1,56.79166666666666,50.54166666666666,59.833333333333336,53.52777777777775,62.785714285714285,1,2288.1
2024-09-01,27.0,88,1004.8,15.6,1.0,41.204166666666666,14.025,260.2083333333333,14.875,10.6,34.583333333333336,49.75,2024,9,1,6,245,1,53.25,56.79166666666666,50.54166666666666,53.263888888888864,59.3095238095238,1,2376.0
2024-09-02,27.0,87,1004.5,9.0,0.0,48.1625,15.3625,302.875,21.27083333333333,10.033333333333331,42.5,57.125,2024,9,2,0,246,0,49.75,53.25,56.79166666666666,53.37499999999998,57.20238095238095,0,2349.0
2024-09-03,27.3,86,1004.7,11.3,0.0,62.2625,16.191666666666666,284.9583333333333,20.64583333333333,8.720833333333333,46.04166666666666,57.04166666666666,2024,9,3,1,247,0,57.125,49.75,53.25,54.638888888888864,54.90476190476191,0,2347.8
2024-09-04,27.7,83,1004.6,15.1,2.2,63.40416666666667,18.883333333333333,241.41666666666663,17.7375,6.133333333333333,34.958333333333336,62.79166666666666,2024,9,4,2,248,0,57.04166666666666,57.125,49.75,58.986111111111086,55.32738095238095,1,2299.1
2024-09-05,28.0,84,1002.3,22.1,0.2,40.66666666666666,16.816666666666666,194.16666666666663,10.858333333333334,4.2625,46.125,62.208333333333336,2024,9,5,3,249,0,62.79166666666666,57.04166666666666,57.125,60.68055555555552,56.994047619047606,1,2352.0
2024-09-06,27.9,84,1003.4,20.1,0.9,50.875,19.058333333333334,213.3333333333333,12.533333333333331,4.6625000000000005,45.04166666666666,62.54166666666666,2024,9,6,4,250,0,62.208333333333336,62.79166666666666,57.04166666666666,62.51388888888886,57.81547619047619,1,2343.6
2024-09-07,27.5,83,1005.0,15.4,0.2,49.925,17.479166666666668,227.41666666666663,14.225,5.454166666666667,44.583333333333336,64.04166666666667,2024,9,7,5,251,1,62.54166666666666,62.208333333333336,62.79166666666666,62.930555555555536,59.35714285714285,1,2282.5
2024-09-08,27.5,84,1005.6,15.5,0.1,48.04166666666666,14.8375,229.5,14.454166666666666,5.629166666666666,47.458333333333336,58.958333333333336,2024,9,8,6,252,1,64.04166666666667,62.54166666666666,62.208333333333336,61.8472222222222,60.67261904761904,1,2310.0
2024-09-09,27.6,82,1003.3,18.3,0.0,66.27916666666667,17.366666666666667,200.91666666666663,12.045833333333334,4.816666666666666,51.708333333333336,56.833333333333336,2024,9,9,0,253,0,58.958333333333336,64.04166666666667,62.54166666666666,59.94444444444443,60.63095238095237,0,2263.2000000000003
2024-09-10,27.5,83,1001.9,16.5,0.5,90.07916666666668,24.695833333333336,234.125,14.254166666666668,5.3625,53.208333333333336,67.83333333333333,2024,9,10,1,254,0,56.833333333333336,58.958333333333336,64.04166666666667,61.208333333333314,62.17261904761904,1,2282.5
2024-09-11,27.5,82,1002.7,14.5,0.2,168.1875,37.17916666666667,247.4583333333333,14.575,6.758333333333333,64.95833333333333,92.33333333333331,2024,9,11,2,255,0,67.83333333333333,56.833333333333336,58.958333333333336,72.3333333333333,66.39285714285714,1,2255.0
2024-09-12,27.9,79,1003.4,18.4,0.0,172.32916666666665,36.32083333333333,213.125,11.391666666666666,5.291666666666667,62.66666666666666,108.375,2024,9,12,3,256,0,92.33333333333331,67.83333333333333,56.833333333333336,89.51388888888886,72.98809523809523,0,2204.1
2024-09-13,28.0,74,1002.9,25.2,0.1,83.99583333333334,22.804166666666664,168.33333333333334,7.795833333333333,3.7,57.083333333333336,90.20833333333331,2024,9,13,4,257,0,108.375,92.33333333333331,67.83333333333333,96.9722222222222,76.94047619047618,1,2072.0
2024-09-14,28.2,72,1002.6,25.9,0.0,74.40416666666667,23.266666666666666,169.375,7.716666666666666,3.6875,59.25,74.20833333333333,2024,9,14,5,258,1,90.20833333333331,108.375,92.33333333333331,90.93055555555551,78.39285714285714,0,2030.4
2024-09-15,28.0,72,1004.4,21.2,0.0,51.6125,21.2875,181.375,8.366666666666667,4.120833333333333,57.75,70.79166666666667,2024,9,15,6,259,1,74.20833333333333,90.20833333333331,108.375,78.40277777777776,80.08333333333333,0,2016.0
2024-09-16,27.9,75,1006.3,19.7,0.5,50.7875,21.425,181.375,9.033333333333331,4.341666666666667,54.708333333333336,70.83333333333333,2024,9,16,0,260,0,70.79166666666667,74.20833333333333,90.20833333333331,71.94444444444441,82.08333333333333,1,2092.5
2024-09-17,28.3,77,1007.1,18.7,0.0,51.875,17.895833333333332,187.8333333333333,9.620833333333334,4.6875,53.583333333333336,66.625,2024,9,17,1,261,0,70.83333333333333,70.79166666666667,74.20833333333333,69.41666666666664,81.91071428571429,0,2179.1
2024-09-18,28.3,78,1005.8,16.2,0.0,47.61666666666667,16.008333333333333,205.7083333333333,11.0875,5.6125,59.125,60.66666666666666,2024,9,18,2,262,0,66.625,70.83333333333333,70.79166666666667,66.04166666666664,77.38690476190474,0,2207.4
2024-09-19,28.2,80,1006.3,13.4,0.0,57.03333333333333,17.054166666666667,221.41666666666663,13.9875,7.295833333333333,62.083333333333336,58.66666666666666,2024,9,19,3,263,0,60.66666666666666,66.625,70.83333333333333,61.986111111111086,70.28571428571428,0,2256.0
2024-09-20,28.2,81,1006.3,16.7,0.0,53.35416666666666,16.679166666666667,220.04166666666663,12.65,6.245833333333334,60.04166666666666,60.208333333333336,2024,9,20,4,264,0,58.66666666666666,60.66666666666666,66.625,59.8472222222222,65.99999999999999,0,2284.2
2024-09-21,28.3,75,1006.9,18.2,0.0,62.1125,20.10833333333333,197.2083333333333,9.220833333333331,5.179166666666666,59.458333333333336,62.875,2024,9,21,5,265,1,60.208333333333336,58.66666666666666,60.66666666666666,60.583333333333314,64.38095238095238,0,2122.5
2024-09-22,28.5,73,1007.0,19.0,0.0,70.82916666666667,22.25,195.79166666666663,8.854166666666666,4.925,60.958333333333336,70.66666666666667,2024,9,22,6,266,1,62.875,60.208333333333336,58.66666666666666,64.58333333333331,64.36309523809523,0,2080.5
2024-09-23,28.9,73,1006.5,19.8,0.0,62.325,20.4375,197.25,8.637500000000001,4.858333333333333,61.125,69.83333333333333,2024,9,23,0,267,0,70.66666666666667,62.875,60.208333333333336,67.79166666666664,64.22023809523809,0,2109.7
2024-09-24,29.0,73,1005.1,20.4,0.0,55.5375,19.5,192.75,8.983333333333333,5.154166666666667,60.208333333333336,67.08333333333333,2024,9,24,1,268,0,69.83333333333333,70.66666666666667,62.875,69.19444444444441,64.28571428571429,0,2117.0
2024-09-25,28.9,75,1004.1,17.8,0.0,43.43333333333334,18.695833333333333,192.79166666666663,10.575,5.5125,56.333333333333336,65.41666666666667,2024,9,25,2,269,0,67.08333333333333,69.83333333333333,70.66666666666667,67.44444444444441,64.96428571428571,0,2167.5
2024-09-26,29.1,74,1003.3,17.4,0.0,47.775,18.65,200.0833333333333,10.866666666666667,5.3,55.29166666666666,64.5,2024,9,26,3,270,0,65.41666666666667,67.08333333333333,69.83333333333333,65.66666666666664,65.79761904761905,0,2153.4
2024-09-27,29.1,76,1003.2,22.2,0.0,50.3125,17.954166666666666,179.70833333333334,8.404166666666667,4.445833333333334,52.79166666666666,62.04166666666666,2024,9,27,4,271,0,64.5,65.41666666666667,67.08333333333333,63.986111111111086,66.05952380952381,0,2211.6
2024-09-28,29.2,74,1005.0,20.1,0.0,51.57916666666667,17.8875,177.375,8.1875,4.2875000000000005,53.41666666666666,64.16666666666667,2024,9,28,5,272,1,62.04166666666666,64.5,65.41666666666667,63.56944444444442,66.24404761904762,0,2160.8
2024-09-29,28.7,74,1008.5,16.7,0.0,64.3,17.154166666666665,182.29166666666663,9.841666666666669,5.058333333333334,53.208333333333336,61.25,2024,9,29,6,273,1,64.16666666666667,62.04166666666666,64.5,62.486111111111086,64.89880952380952,0,2123.8
2024-09-30,28.7,75,1010.0,18.2,0.0,33.237500000000004,13.391666666666666,177.79166666666666,10.295833333333333,5.116666666666666,49.375,57.29166666666666,2024,9,30,0,274,0,61.25,64.16666666666667,62.04166666666666,60.90277777777775,63.10714285714285,0,2152.5
2024-10-01,28.9,77,1008.1,19.3,0.0,24.541666666666668,11.529166666666669,204.0,10.458333333333334,4.691666666666666,47.375,50.458333333333336,2024,10,1,1,275,0,57.29166666666666,61.25,64.16666666666667,56.333333333333314,60.73214285714285,0,2225.3
2024-10-02,28.9,79,1007.8,20.6,0.0,28.666666666666668,12.8625,197.41666666666663,9.520833333333334,4.504166666666666,49.583333333333336,49.16666666666666,2024,10,2,2,276,0,50.458333333333336,57.29166666666666,61.25,52.305555555555536,58.410714285714285,0,2283.1
2024-10-03,28.8,79,1006.8,23.8,0.0,32.02916666666667,13.879166666666668,191.66666666666663,7.866666666666667,3.9583333333333335,52.833333333333336,53.833333333333336,2024,10,3,3,277,0,49.16666666666666,50.458333333333336,57.29166666666666,51.15277777777775,56.88690476190476,0,2275.2000000000003
2024-10-04,28.7,80,1005.8,24.2,0.0,35.050000000000004,15.458333333333334,180.875,7.279166666666666,3.704166666666667,51.333333333333336,55.25,2024,10,4,4,278,0,53.833333333333336,49.16666666666666,50.458333333333336,52.74999999999998,55.91666666666666,0,2296.0
2024-10-05,28.7,78,1007.1,20.7,0.0,39.520833333333336,15.479166666666666,175.95833333333334,8.862499999999999,4.375,49.875,57.79166666666666,2024,10,5,5,279,1,55.25,53.833333333333336,49.16666666666666,55.62499999999998,55.00595238095239,0,2238.6
2024-10-06,28.4,78,1010.0,13.6,0.0,46.93333333333334,17.179166666666667,222.5,12.579166666666666,7.020833333333333,54.04166666666666,58.5,2024,10,6,6,280,1,57.79166666666666,55.25,53.833333333333336,57.180555555555536,54.613095238095234,0,2215.2
2024-10-07,29.1,68,1012.3,11.5,0.0,47.84583333333333,19.54583333333333,275.8333333333333,17.154166666666665,12.266666666666666,72.25,65.875,2024,10,7,0,281,0,58.5,57.79166666666666,55.25,60.7222222222222,55.83928571428572,0,1978.8
2024-10-08,31.2,49,1011.6,13.9,0.0,43.325,22.1125,337.4166666666667,20.075,11.9,85.83333333333333,73.45833333333333,2024,10,8,1,282,0,65.875,58.5,57.79166666666666,65.94444444444441,59.125,0,1528.8
2024-10-09,31.6,49,1009.7,14.0,0.0,47.25416666666666,26.379166666666663,343.0416666666667,19.5875,7.829166666666667,79.75,77.79166666666667,2024,10,9,2,283,0,73.45833333333333,65.875,58.5,72.37499999999999,63.21428571428572,0,1548.4
2024-10-10,31.0,56,1008.3,12.0,0.0,49.32916666666667,27.070833333333336,445.25,27.98333333333333,9.820833333333333,73.41666666666667,84.20833333333333,2024,10,10,3,284,0,77.79166666666667,73.45833333333333,65.875,78.48611111111109,67.55357142857143,0,1736.0
2024-10-11,31.7,46,1008.0,12.5,0.0,55.77916666666667,27.5125,455.5416666666667,25.329166666666666,11.958333333333334,81.70833333333333,80.16666666666667,2024,10,11,4,285,0,84.20833333333333,77.79166666666667,73.45833333333333,80.72222222222221,71.11309523809524,0,1458.2
2024-10-12,30.5,58,1008.2,10.1,0.0,79.75416666666666,41.22083333333333,481.8333333333333,23.308333333333334,17.712500000000002,116.75,112.70833333333331,2024,10,12,5,286,1,80.16666666666667,84.20833333333333,77.79166666666667,92.36111111111109,78.95833333333333,0,1769.0
2024-10-13,29.9,69,1009.1,9.1,0.0,46.15,28.29583333333333,413.8333333333333,23.758333333333336,15.658333333333331,79.04166666666667,104.33333333333331,2024,10,13,6,287,1,112.70833333333331,80.16666666666667,84.20833333333333,99.0694444444444,85.50595238095238,0,2063.1
2024-10-14,30.6,61,1010.1,8.0,0.0,38.075,24.704166666666666,370.375,19.14583333333333,16.133333333333333,86.04166666666667,76.79166666666667,2024,10,14,0,288,0,104.33333333333331,112.70833333333331,80.16666666666667,97.9444444444444,87.06547619047618,0,1866.6
2024-10-15,31.1,56,1010.2,13.3,0.3,40.954166666666666,26.004166666666663,352.375,17.041666666666668,14.329166666666666,110.0,89.45833333333333,2024,10,15,1,289,0,76.79166666666667,104.33333333333331,112.70833333333331,90.1944444444444,89.35119047619048,1,1741.6
2024-10-16,30.8,64,1009.1,14.3,0.0,35.083333333333336,21.666666666666668,315.9166666666667,14.695833333333333,8.733333333333333,100.08333333333331,81.25,2024,10,16,2,290,0,89.45833333333333,76.79166666666667,104.33333333333331,82.49999999999999,89.84523809523809,0,1971.2
2024-10-17,29.9,74,1008.1,15.3,0.0,35.625,20.666666666666668,305.2083333333333,15.325,6.525,74.375,68.41666666666667,2024,10,17,3,291,0,81.25,89.45833333333333,76.79166666666667,79.70833333333331,87.5892857142857,0,2212.6
2024-10-18,29.2,76,1008.6,9.8,0.0,35.78333333333333,22.3875,409.4583333333333,22.975,13.791666666666666,77.66666666666667,75.75,2024,10,18,4,292,0,68.41666666666667,81.25,89.45833333333333,75.13888888888887,86.95833333333333,0,2219.2
2024-10-19,30.6,59,1009.6,11.5,0.0,41.6,25.6125,384.25,20.729166666666668,11.683333333333332,92.16666666666669,87.79166666666667,2024,10,19,5,293,1,75.75,68.41666666666667,81.25,77.31944444444443,83.39880952380952,0,1805.4
2024-10-20,30.7,58,1010.0,12.6,0.0,39.275,23.508333333333336,390.9583333333333,21.125,8.929166666666667,87.58333333333333,84.75,2024,10,20,6,294,1,87.79166666666667,75.75,68.41666666666667,82.76388888888887,80.60119047619048,0,1780.6
2024-10-21,29.5,71,1010.6,13.8,0.0,34.45,19.183333333333334,332.3333333333333,17.266666666666666,8.475,81.91666666666667,73.70833333333333,2024,10,21,0,295,0,84.75,87.79166666666667,75.75,82.08333333333331,80.16071428571429,0,2094.5
2024-10-22,29.7,66,1011.4,13.0,0.0,47.825,26.3375,346.6666666666667,17.0625,8.720833333333333,90.125,74.29166666666667,2024,10,22,1,296,0,73.70833333333333,84.75,87.79166666666667,77.58333333333331,77.99404761904762,0,1960.2
2024-10-23,29.3,72,1012.1,13.7,0.2,58.82083333333333,33.65833333333333,417.7916666666667,22.70833333333333,9.8,85.66666666666667,95.70833333333331,2024,10,23,2,297,0,74.29166666666667,73.70833333333333,84.75,81.23611111111109,80.05952380952381,1,2109.6
2024-10-24,30.0,59,1012.1,10.1,0.0,46.0125,24.65,516.9583333333334,29.191666666666663,11.2375,80.875,94.58333333333331,2024,10,24,3,298,0,95.70833333333331,74.29166666666667,73.70833333333333,88.19444444444441,83.79761904761905,0,1770.0
2024-10-25,30.5,59,1011.4,14.4,0.0,36.41666666666666,15.775,362.5,21.308333333333334,7.341666666666666,74.79166666666667,67.83333333333333,2024,10,25,4,299,0,94.58333333333331,95.70833333333331,74.29166666666667,86.04166666666663,82.66666666666666,0,1799.5
2024-10-26,30.1,70,1010.6,16.2,0.0,47.9375,16.141666666666666,401.4166666666667,18.883333333333333,5.916666666666667,70.83333333333333,55.833333333333336,2024,10,26,5,300,1,67.83333333333333,94.58333333333331,95.70833333333331,72.74999999999997,78.10119047619047,0,2107.0
2024-10-27,30.1,67,1008.6,10.7,0.0,77.10833333333333,26.979166666666668,794.5833333333334,27.0,9.454166666666667,70.70833333333333,66.54166666666667,2024,10,27,6,301,1,55.833333333333336,67.83333333333333,94.58333333333331,63.40277777777776,75.5,0,2016.7
2024-10-28,29.2,77,1006.7,13.0,0.0,77.3,30.7875,572.0833333333334,20.554166666666667,6.65,68.125,89.25,2024,10,28,0,302,0,66.54166666666667,55.833333333333336,67.83333333333333,70.54166666666664,77.72023809523809,0,2248.4
2024-10-29,28.7,81,1008.0,13.0,0.0,119.19166666666666,41.36666666666667,579.0833333333334,17.679166666666667,5.966666666666666,71.58333333333333,99.66666666666669,2024,10,29,1,303,0,89.25,66.54166666666667,55.833333333333336,85.15277777777777,81.34523809523809,0,2324.7
2024-10-30,28.3,83,1010.0,14.4,0.0,141.03333333333333,38.775,494.5416666666667,21.2375,6.691666666666666,68.125,117.625,2024,10,30,2,304,0,99.66666666666669,89.25,66.54166666666667,102.18055555555554,84.47619047619048,0,2348.9
2024-10-31,28.2,79,1012.4,11.1,0.0,101.10833333333332,37.8875,517.25,26.2,10.058333333333334,73.41666666666667,104.79166666666669,2024,10,31,3,305,0,117.625,99.66666666666669,89.25,107.3611111111111,85.93452380952382,0,2227.8
2024-11-01,28.7,72,1013.2,13.4,0.0,68.59166666666667,29.7375,463.5833333333333,25.354166666666668,7.979166666666667,63.875,99.58333333333331,2024,11,1,4,306,0,104.79166666666669,117.625,99.66666666666669,107.33333333333331,90.47023809523807,0,2066.4
2024-11-02,28.2,80,1012.7,14.5,0.0,51.8,24.25,541.3333333333334,21.275,6.25,63.5,78.95833333333333,2024,11,2,5,307,1,99.58333333333331,104.79166666666669,117.625,94.4444444444444,93.77380952380952,0,2256.0
2024-11-03,27.5,83,1012.8,8.9,0.0,59.10833333333333,27.40833333333333,749.5833333333334,29.42083333333333,9.4125,59.54166666666666,81.95833333333333,2024,11,3,6,308,1,78.95833333333333,99.58333333333331,104.79166666666669,86.83333333333331,95.97619047619048,0,2282.5
2024-11-04,27.3,75,1012.6,10.0,0.0,49.8125,25.79583333333333,729.5833333333334,31.041666666666668,11.041666666666666,68.54166666666667,82.91666666666667,2024,11,4,0,309,0,81.95833333333333,78.95833333333333,99.58333333333331,81.27777777777776,95.07142857142856,0,2047.5
2024-11-05,27.3,72,1013.5,9.6,0.0,48.72916666666666,28.03333333333333,583.1666666666666,29.354166666666668,9.345833333333331,73.08333333333333,80.5,2024,11,5,1,310,0,82.91666666666667,81.95833333333333,78.95833333333333,81.79166666666664,92.33333333333334,0,1965.6
2024-11-06,27.5,72,1015.1,11.0,0.0,42.55833333333333,25.70833333333333,626.625,28.77083333333333,8.924999999999999,73.83333333333333,83.91666666666667,2024,11,6,2,311,0,80.5,82.91666666666667,81.95833333333333,82.44444444444444,87.51785714285714,0,1980.0
2024-11-07,27.7,80,1013.9,14.2,0.0,48.04166666666666,27.20833333333333,553.2916666666666,22.575,6.7875000000000005,72.70833333333333,82.29166666666667,2024,11,7,3,312,0,83.91666666666667,80.5,82.91666666666667,82.2361111111111,84.30357142857143,0,2216.0
2024-11-08,28.1,77,1013.1,12.1,0.0,39.56666666666667,19.48333333333333,776.2916666666666,20.42083333333333,7.233333333333333,68.45833333333333,72.66666666666667,2024,11,8,4,313,0,82.29166666666667,83.91666666666667,80.5,79.625,80.45833333333334,0,2163.7000000000003
2024-11-09,27.3,78,1013.7,11.0,0.0,43.24166666666667,21.4875,642.75,24.683333333333334,7.55,65.20833333333333,68.79166666666667,2024,11,9,5,314,1,72.66666666666667,82.29166666666667,83.91666666666667,74.58333333333333,79.00595238095238,0,2129.4
2024-11-10,27.2,77,1014.4,12.1,0.0,40.71666666666667,20.77083333333333,570.8333333333334,25.054166666666664,6.65,57.333333333333336,68.875,2024,11,10,6,315,1,68.79166666666667,72.66666666666667,82.29166666666667,70.1111111111111,77.13690476190477,0,2094.4
2024-11-11,27.0,78,1013.9,10.5,0.0,48.275,23.425,806.0,26.14583333333333,7.1125,55.29166666666666,72.54166666666667,2024,11,11,0,316,0,68.875,68.79166666666667,72.66666666666667,70.06944444444444,75.65476190476191,0,2106.0
2024-11-12,27.3,76,1013.0,8.3,0.0,59.9625,29.34166666666667,938.4583333333334,34.708333333333336,12.383333333333333,49.04166666666666,77.54166666666667,2024,11,12,1,317,0,72.54166666666667,68.875,68.79166666666667,72.9861111111111,75.23214285714286,0,2074.8
2024-11-13,27.1,68,1012.1,5.7,0.0,56.675,41.454166666666666,803.4166666666666,42.641666666666666,25.891666666666666,56.125,104.04166666666669,2024,11,13,2,318,0,77.54166666666667,72.54166666666667,68.875,84.70833333333333,78.10714285714288,0,1842.8
2024-11-14,26.8,61,1012.9,6.8,0.0,45.60416666666666,37.97083333333333,754.0833333333334,38.22083333333333,22.666666666666668,65.70833333333333,107.45833333333331,2024,11,14,3,319,0,104.04166666666669,77.54166666666667,72.54166666666667,96.3472222222222,81.70238095238096,0,1634.8
2024-11-15,26.8,53,1013.6,7.6,0.0,43.39166666666667,39.92916666666667,692.0,28.991666666666664,20.866666666666667,91.79166666666669,112.95833333333331,2024,11,15,4,320,0,107.45833333333331,104.04166666666669,77.54166666666667,108.15277777777776,87.45833333333334,0,1420.4
2024-11-16,26.8,65,1013.2,6.8,0.0,38.575,33.59166666666667,807.125,28.98333333333333,20.375,83.95833333333333,107.25,2024,11,16,5,321,1,112.95833333333331,107.45833333333331,104.04166666666669,109.2222222222222,92.95238095238096,0,1742.0
2024-11-17,26.6,69,1013.3,6.8,0.0,40.09166666666667,30.454166666666666,917.875,31.65416666666667,19.991666666666667,69.75,90.95833333333331,2024,11,17,6,322,1,107.25,112.95833333333331,107.45833333333331,103.7222222222222,96.10714285714286,0,1835.4
2024-11-18,27.2,55,1014.4,7.4,0.0,51.0375,42.1125,972.2083333333334,42.925,22.354166666666668,62.54166666666666,99.33333333333331,2024,11,18,0,323,0,90.95833333333331,107.25,112.95833333333331,99.18055555555551,99.9345238095238,0,1496.0
2024-11-19,26.9,53,1015.5,7.6,0.0,48.1375,41.9625,929.6666666666666,40.458333333333336,21.229166666666668,63.833333333333336,124.45833333333331,2024,11,19,1,324,0,99.33333333333331,90.95833333333331,107.25,104.91666666666664,106.63690476190474,0,1425.6999999999998
2024-11-20,26.3,57,1014.6,7.1,0.0,32.90833333333333,28.504166666666663,851.5416666666666,28.0875,18.025,72.20833333333333,97.375,2024,11,20,2,325,0,124.45833333333331,99.33333333333331,90.95833333333331,107.05555555555551,105.68452380952378,0,1499.1
2024-11-21,25.8,66,1014.1,6.5,0.0,36.016666666666666,32.6625,1046.75,35.833333333333336,21.120833333333334,59.583333333333336,93.5,2024,11,21,3,326,0,97.375,124.45833333333331,99.33333333333331,105.11111111111109,103.69047619047618,0,1702.8
2024-11-22,26.1,66,1013.5,7.4,0.0,26.33333333333333,23.366666666666664,973.4583333333334,27.120833333333334,18.6375,75.45833333333333,81.54166666666667,2024,11,22,4,327,0,93.5,97.375,124.45833333333331,90.80555555555554,99.20238095238092,0,1722.6
2024-11-23,26.4,65,1013.7,7.9,0.0,25.05,21.370833333333334,962.9583333333334,26.495833333333334,16.504166666666666,67.91666666666667,70.66666666666667,2024,11,23,5,328,1,81.54166666666667,93.5,97.375,81.90277777777776,93.97619047619048,0,1716.0
2024-11-24,26.2,67,1014.2,6.2,0.0,33.80833333333333,28.870833333333334,1013.9583333333334,34.47083333333334,23.54583333333333,72.0,78.66666666666667,2024,11,24,6,329,1,70.66666666666667,81.54166666666667,93.5,76.95833333333333,92.22023809523807,0,1755.4
2024-11-25,25.8,53,1015.2,6.8,0.0,46.525,40.72916666666666,959.2916666666666,53.52916666666667,28.445833333333336,65.875,97.95833333333331,2024,11,25,0,330,0,78.66666666666667,70.66666666666667,81.54166666666667,82.43055555555554,92.02380952380952,0,1367.4
2024-11-26,25.6,58,1015.0,6.1,0.0,48.62083333333334,41.99583333333333,1009.1666666666666,48.99166666666667,28.454166666666666,60.25,127.125,2024,11,26,1,331,0,97.95833333333331,78.66666666666667,70.66666666666667,101.25,92.40476190476193,0,1484.8000000000002
2024-11-27,26.1,71,1013.3,6.2,0.0,38.0375,28.46666666666667,1102.5,40.65416666666667,20.204166666666666,53.875,95.75,2024,11,27,2,332,0,127.125,97.95833333333331,78.66666666666667,106.9444444444444,92.17261904761904,0,1853.1
2024-11-28,25.9,75,1013.6,5.2,0.0,43.24583333333334,36.225,1461.4583333333333,44.0,29.29583333333333,52.333333333333336,98.0,2024,11,28,3,333,0,95.75,127.125,97.95833333333331,106.95833333333331,92.8154761904762,0,1942.5
2024-11-29,25.5,73,1014.6,6.0,0.0,32.2,25.77083333333333,869.875,33.40833333333333,23.40833333333333,63.25,85.625,2024,11,29,4,334,0,98.0,95.75,127.125,93.125,93.39880952380952,0,1861.5
2024-11-30,25.9,56,1014.0,7.8,0.0,40.7375,37.375,829.125,37.74583333333333,18.629166666666663,65.29166666666667,88.04166666666667,2024,11,30,5,335,1,85.625,98.0,95.75,90.55555555555554,95.88095238095238,0,1450.4
2024-12-01,24.8,42,1012.4,7.1,0.0,52.7,50.2375,1113.7916666666667,36.87083333333333,23.2125,78.75,122.875,2024,12,1,6,336,1,88.04166666666667,85.625,98.0,98.8472222222222,102.19642857142856,0,1041.6
2024-12-02,25.1,39,1012.1,6.9,0.0,44.833333333333336,42.17916666666667,938.7916666666666,36.60833333333333,17.579166666666666,74.25,128.04166666666666,2024,12,2,0,337,0,122.875,88.04166666666667,85.625,112.98611111111109,106.4940476190476,0,978.9
2024-12-03,25.3,44,1014.4,11.2,0.0,47.625,43.74583333333334,613.4166666666666,15.908333333333331,15.995833333333332,94.95833333333331,120.54166666666669,2024,12,3,1,338,0,128.04166666666666,122.875,88.04166666666667,123.8194444444444,105.55357142857144,0,1113.2
2024-12-04,25.5,42,1015.6,12.8,0.0,53.90416666666667,47.73333333333333,701.7083333333334,15.441666666666668,18.995833333333334,96.25,126.08333333333331,2024,12,4,2,339,0,120.54166666666669,128.04166666666666,122.875,124.88888888888889,109.88690476190474,0,1071.0
2024-12-05,24.1,50,1015.0,6.9,0.0,58.88333333333333,50.04583333333333,1093.7083333333333,28.925,22.59166666666667,72.33333333333333,134.5,2024,12,5,3,340,0,126.08333333333331,120.54166666666669,128.04166666666666,127.04166666666669,115.10119047619048,0,1205.0
2024-12-06,23.5,57,1013.6,6.3,0.0,57.38333333333333,36.65833333333333,1179.2916666666667,38.44166666666667,28.704166666666666,62.41666666666666,124.45833333333331,2024,12,6,4,341,0,134.5,126.08333333333331,120.54166666666669,128.3472222222222,120.64880952380952,0,1339.5
2024-12-07,22.6,33,1012.6,7.0,0.0,35.27916666666667,32.1,828.8333333333334,47.34583333333333,29.9625,56.91666666666666,86.25,2024,12,7,5,342,1,124.45833333333331,134.5,126.08333333333331,115.0694444444444,120.39285714285714,0,745.8000000000001
2024-12-08,22.3,14,1014.3,11.0,0.0,38.975,29.204166666666666,460.8333333333333,37.92083333333333,18.566666666666663,54.333333333333336,97.5,2024,12,8,6,343,1,86.25,124.45833333333331,134.5,102.73611111111109,116.76785714285714,0,312.2
2024-12-09,20.4,22,1016.6,7.7,0.0,37.145833333333336,25.866666666666664,1039.25,35.6625,14.391666666666666,52.75,82.79166666666667,2024,12,9,0,344,0,97.5,86.25,124.45833333333331,88.84722222222221,110.30357142857142,0,448.8
2024-12-10,20.4,27,1017.2,7.0,0.0,32.46666666666667,29.6875,1030.7916666666667,28.3,16.570833333333333,65.75,76.125,2024,12,10,1,345,0,82.79166666666667,97.5,86.25,85.47222222222221,103.95833333333331,0,550.8
2024-12-11,20.2,31,1016.9,5.9,0.0,44.94166666666667,39.95,1033.5833333333333,43.225,26.229166666666668,60.79166666666666,100.5,2024,12,11,2,346,0,76.125,82.79166666666667,97.5,86.47222222222221,100.30357142857144,0,626.1999999999999
2024-12-12,19.6,30,1017.3,8.0,0.0,32.88333333333333,28.616666666666664,643.6666666666666,33.59583333333333,15.075,61.04166666666666,107.70833333333331,2024,12,12,3,347,0,100.5,76.125,82.79166666666667,94.77777777777776,96.47619047619048,0,588.0
2024-12-13,19.1,26,1018.7,13.4,0.0,20.6625,17.525000000000002,535.875,14.125,13.441666666666668,81.33333333333333,66.29166666666667,2024,12,13,4,348,0,107.70833333333331,100.5,76.125,91.5,88.16666666666666,0,496.6
2024-12-14,19.9,26,1018.0,11.9,0.0,28.916666666666668,27.73333333333333,695.0,15.8375,18.291666666666668,93.625,76.16666666666667,2024,12,14,5,349,1,66.29166666666667,107.70833333333331,100.5,83.38888888888887,86.72619047619048,0,517.4
2024-12-15,19.4,29,1018.1,7.8,0.0,26.129166666666663,25.416666666666668,883.75,29.008333333333336,20.875,79.70833333333333,80.83333333333333,2024,12,15,6,350,1,76.16666666666667,66.29166666666667,107.70833333333331,74.43055555555554,84.34523809523809,0,562.5999999999999
2024-12-16,20.3,31,1017.0,6.5,0.0,29.1625,28.804166666666664,1062.3333333333333,38.32083333333333,23.954166666666666,65.0,78.79166666666667,2024,12,16,0,351,0,80.83333333333333,76.16666666666667,66.29166666666667,78.59722222222221,83.77380952380952,0,629.3000000000001
2024-12-17,20.1,36,1015.8,6.0,0.0,57.075,38.09166666666666,904.0833333333334,28.6375,20.4125,69.54166666666667,100.54166666666669,2024,12,17,1,352,0,78.79166666666667,80.83333333333333,76.16666666666667,86.72222222222221,87.26190476190477,0,723.6
2024-12-18,20.8,28,1015.1,8.3,0.0,41.65,36.87916666666667,729.75,21.42083333333333,18.966666666666665,86.25,103.08333333333331,2024,12,18,2,353,0,100.54166666666669,78.79166666666667,80.83333333333333,94.13888888888889,87.63095238095238,0,582.4
2024-12-19,19.8,34,1014.3,6.9,0.0,43.93333333333334,39.72083333333333,928.5,27.116666666666664,22.804166666666664,86.875,108.70833333333331,2024,12,19,3,354,0,103.08333333333331,100.54166666666669,78.79166666666667,104.11111111111109,87.77380952380952,0,673.2
2024-12-20,19.4,32,1016.2,10.0,0.0,33.6,29.941666666666663,777.6666666666666,20.825,19.779166666666665,80.70833333333333,98.33333333333331,2024,12,20,4,355,0,108.70833333333331,103.08333333333331,100.54166666666669,103.37499999999996,92.35119047619048,0,620.8
2024-12-21,18.7,30,1015.4,10.3,0.0,41.825,40.208333333333336,790.5416666666666,18.454166666666666,23.570833333333336,104.875,98.58333333333331,2024,12,21,5,356,1,98.33333333333331,108.70833333333331,103.08333333333331,101.87499999999996,95.55357142857142,0,561.0
2024-12-22,18.7,43,1013.8,7.5,0.0,53.6875,47.19166666666666,1076.875,26.879166666666663,24.2875,86.33333333333333,124.33333333333331,2024,12,22,6,357,1,98.58333333333331,98.33333333333331,108.70833333333331,107.0833333333333,101.76785714285714,0,804.1
2024-12-23,19.4,55,1014.6,6.4,0.0,70.54583333333333,56.76666666666667,1171.0,40.7,26.8,66.91666666666667,134.875,2024,12,23,0,358,0,124.33333333333331,98.58333333333331,98.33333333333331,119.26388888888886,109.7797619047619,0,1067.0
2024-12-24,19.1,37,1017.6,9.9,0.0,69.425,68.07916666666667,880.2916666666666,20.116666666666667,21.59583333333333,95.83333333333331,154.45833333333334,2024,12,24,1,359,0,134.875,124.33333333333331,98.58333333333331,137.88888888888889,117.48214285714285,0,706.7
2024-12-25,18.7,40,1019.0,11.3,0.0,67.75833333333334,66.79166666666667,878.3333333333334,14.9,23.2125,113.83333333333331,156.54166666666666,2024,12,25,2,360,0,154.45833333333334,134.875,124.33333333333331,148.62499999999997,125.1190476190476,0,748.0
2024-12-26,18.9,38,1020.0,11.0,0.0,60.97916666666666,59.3625,838.4583333333334,17.258333333333333,24.77916666666667,105.75,155.33333333333334,2024,12,26,3,361,0,156.54166666666666,154.45833333333334,134.875,155.44444444444443,131.7797619047619,0,718.1999999999999
2024-12-27,18.9,36,1019.8,6.8,0.0,43.775,42.3125,1341.8333333333333,28.004166666666663,22.27916666666667,84.83333333333333,135.0,2024,12,27,4,362,0,155.33333333333334,156.54166666666666,154.45833333333334,148.9583333333333,137.01785714285714,0,680.4
2024-12-28,18.6,31,1019.9,7.1,0.0,27.35,25.4125,976.8333333333334,34.4375,21.633333333333336,65.25,96.625,2024,12,28,5,363,1,135.0,155.33333333333334,156.54166666666666,128.9861111111111,136.73809523809524,0,576.6
2024-12-29,19.0,35,1020.3,8.4,0.0,31.45833333333333,28.266666666666666,931.5416666666666,31.945833333333336,17.283333333333335,69.125,79.41666666666667,2024,12,29,6,364,1,96.625,135.0,155.33333333333334,103.68055555555554,130.32142857142858,0,665.0
2024-12-30,19.6,33,1019.4,8.2,0.0,40.458333333333336,39.72083333333333,1220.125,28.9,19.3,86.08333333333333,92.95833333333331,2024,12,30,0,365,0,79.41666666666667,96.625,135.0,89.66666666666664,124.33333333333331,0,646.8000000000001
2024-12-31,19.8,35,1018.8,6.2,0.0,40.02916666666667,39.079166666666666,1384.0833333333333,30.84583333333333,18.65833333333333,73.08333333333333,117.54166666666669,2024,12,31,1,366,0,92.95833333333331,79.41666666666667,96.625,96.63888888888889,119.05952380952382,0,693.0
2026-08-10,27.1,86,1002.4,10.7,0.0,72.98,18.26,73.54,0.09,0.35,39.65,64.0,2026,8,10,0,222,0,117.54166666666669,92.95833333333331,79.41666666666667,96.6388888888889,119.05952380952382,0,2330.6
2026-08-15,27.0,86,1003.8,13.4,0.0,76.19,17.98,67.53,0.08,0.43,43.13,63.4,2026,8,15,5,227,1,59.4,59.4,58.1,58.96666666666667,119.05952380952382,0,2322.0
2026-08-15,26.9,86,1003.8,12.4,0.0,76.19,17.98,67.53,0.08,0.43,43.13,63.4,2026,8,15,5,227,1,63.4,59.4,59.4,60.73333333333333,119.05952380952382,0,2313.4
2026-08-15,26.2,91,1002.1,11.0,0.0,86.41,20.29,68.93,0.09,0.44,44.37,68.2,2026,8,15,5,227,1,68.2,67.8,66.9,67.63333333333334,119.05952380952382,0,2384.2
2026-08-15,26.3,90,1002.2,10.8,0.0,86.41,20.29,68.93,0.09,0.44,44.37,68.2,2026,8,15,5,227,1,67.8,66.9,63.4,66.03333333333333,119.05952380952382,0,2367.0
2026-08-15,26.5,89,1002.4,10.3,0.0,83.99,20.1,68.33,0.09,0.44,44.01,67.8,2026,8,15,5,227,1,66.9,63.4,63.4,64.56666666666668,119.05952380952382,0,2358.5
2026-08-15,27.5,83,1002.9,12.4,0.0,60.92,15.46,67.56,0.09,0.39,42.32,58.1,2026,8,15,5,227,1,57.3,57.0,63.0,59.1,119.05952380952382,0,2282.5
2026-08-15,26.6,88,1002.9,10.7,0.0,83.41,19.68,67.81,0.09,0.44,43.69,66.9,2026,8,15,5,227,1,63.4,63.4,59.4,62.06666666666666,119.05952380952382,0,2340.8
2026-08-15,27.7,82,1002.1,12.8,0.0,58.96,15.11,67.5,0.09,0.38,42.17,57.3,2026,8,15,5,227,1,57.0,63.0,61.7,60.56666666666666,119.05952380952382,0,2271.4
2026-08-15,28.2,79,1001.7,12.9,0.0,57.75,14.93,67.39,0.08,0.38,42.16,57.0,2026,8,15,5,227,1,63.0,61.7,117.54166666666669,80.74722222222222,119.05952380952382,0,2227.8
2026-08-15,28.8,76,1001.5,14.9,0.0,80.19,17.79,67.02,0.07,0.46,42.02,63.0,2026,8,15,5,227,1,61.7,117.54166666666669,92.95833333333331,90.73333333333332,119.05952380952382,0,2188.8
2026-08-15,29.3,74,1001.7,15.8,0.0,77.56,17.17,66.82,0.06,0.45,42.47,61.7,2026,8,15,5,227,1,117.54166666666669,92.95833333333331,79.41666666666667,96.6388888888889,119.05952380952382,0,2168.2000000000003
2026-08-15,27.1,85,1003.6,13.4,0.0,64.23,16.08,67.56,0.09,0.4,42.58,59.4,2026,8,15,5,227,1,59.4,58.1,57.3,58.26666666666667,119.05952380952382,0,2303.5
2026-08-15,27.3,84,1003.4,12.6,0.0,64.23,16.08,67.56,0.09,0.4,42.58,59.4,2026,8,15,5,227,1,58.1,57.3,57.0,57.46666666666667,119.05952380952382,0,2293.2000000000003
2026-08-16,28.3,76,1000.9,17.2,0.0,82.87,17.53,66.78,0.07,0.45,46.65,62.4,2026,8,16,6,228,1,61.6,61.6,61.9,61.7,119.05952380952382,0,2150.8
2026-08-16,26.7,84,1001.6,14.5,0.0,95.02,20.75,70.5,0.1,0.49,44.99,69.2,2026,8,16,6,228,1,68.0,68.0,66.0,67.33333333333333,119.05952380952382,0,2242.8
2026-08-16,26.8,84,1001.9,15.3,0.0,94.91,20.16,69.82,0.09,0.49,45.5,68.0,2026,8,16,6,228,1,68.0,66.0,66.0,66.66666666666667,119.05952380952382,0,2251.2000000000003
2026-08-16,26.8,84,1002.4,15.5,0.0,94.91,20.16,69.82,0.09,0.49,45.5,68.0,2026,8,16,6,228,1,66.0,66.0,64.9,65.63333333333334,119.05952380952382,0,2251.2000000000003
2026-08-16,27.0,83,1003.1,14.7,0.0,90.67,19.22,68.36,0.08,0.48,46.09,66.0,2026,8,16,6,228,1,66.0,64.9,64.9,65.26666666666667,119.05952380952382,0,2241.0
2026-08-16,27.5,82,1002.2,16.1,0.0,86.08,18.22,67.23,0.08,0.48,46.46,63.9,2026,8,16,6,228,1,63.0,62.6,62.4,62.66666666666666,119.05952380952382,0,2255.0
2026-08-16,27.3,83,1003.2,15.1,0.0,88.18,18.7,67.21,0.08,0.48,46.26,64.9,2026,8,16,6,228,1,64.9,63.9,63.0,63.93333333333334,119.05952380952382,0,2265.9
2026-08-16,26.7,84,1001.5,13.6,0.0,95.02,20.75,70.5,0.1,0.49,44.99,69.2,2026,8,16,6,228,1,69.2,68.0,68.0,68.39999999999999,119.05952380952382,0,2242.8
2026-08-16,27.2,83,1003.4,14.5,0.0,90.67,19.22,68.36,0.08,0.48,46.09,66.0,2026,8,16,6,228,1,64.9,64.9,63.9,64.56666666666668,119.05952380952382,0,2257.6
2026-08-16,27.7,80,1001.5,16.4,0.0,84.36,17.79,67.32,0.08,0.47,46.67,63.0,2026,8,16,6,228,1,62.6,62.4,61.6,62.2,119.05952380952382,0,2216.0
2026-08-16,27.3,83,1002.8,15.7,0.0,88.18,18.7,67.21,0.08,0.48,46.26,64.9,2026,8,16,6,228,1,63.9,63.0,62.6,63.16666666666666,119.05952380952382,0,2265.9
2026-08-16,29.4,72,1002.4,17.1,0.0,82.79,18.1,70.3,0.05,0.41,46.84,63.6,2026,8,16,6,228,1,63.3,63.9,66.6,64.6,119.05952380952382,0,2116.8
2026-08-16,29.6,73,1001.7,17.4,0.0,83.17,18.12,69.44,0.05,0.41,46.37,63.7,2026,8,16,6,228,1,63.6,63.3,63.9,63.6,119.05952380952382,0,2160.8
2026-08-16,27.8,81,1002.3,13.3,0.0,89.32,19.51,70.94,0.09,0.42,45.94,66.6,2026,8,16,6,228,1,67.8,68.2,68.2,68.06666666666666,119.05952380952382,0,2251.8
2026-08-16,29.2,73,1002.6,15.2,0.0,84.03,18.25,71.22,0.07,0.4,46.9,63.9,2026,8,16,6,228,1,66.6,67.8,68.2,67.53333333333332,119.05952380952382,0,2131.6
2026-08-16,29.4,72,1002.6,16.0,0.0,82.29,17.94,70.94,0.06,0.4,47.07,63.3,2026,8,16,6,228,1,63.9,66.6,67.8,66.10000000000001,119.05952380952382,0,2116.8
2026-08-16,29.2,73,1000.6,17.1,0.0,79.78,17.14,67.16,0.05,0.43,46.08,61.6,2026,8,16,6,228,1,61.6,61.9,62.9,62.13333333333333,119.05952380952382,0,2131.6
2026-08-16,26.7,88,1002.0,11.9,0.0,92.06,20.07,70.53,0.09,0.43,45.47,67.8,2026,8,16,6,228,1,68.2,68.2,67.8,68.06666666666666,119.05952380952382,0,2349.6
2026-08-16,30.1,71,1001.1,16.8,0.0,81.47,17.75,68.46,0.05,0.42,45.92,62.9,2026,8,16,6,228,1,63.7,63.6,63.3,63.53333333333334,119.05952380952382,0,2137.1
2026-08-16,29.6,72,1000.6,16.9,0.0,79.78,17.14,67.16,0.05,0.43,46.08,61.6,2026,8,16,6,228,1,61.9,62.9,63.7,62.833333333333336,119.05952380952382,0,2131.2000000000003
2026-08-16,28.0,78,1001.0,16.9,0.0,83.48,17.6,67.06,0.08,0.46,46.74,62.6,2026,8,16,6,228,1,62.4,61.6,61.6,61.86666666666667,119.05952380952382,0,2184.0
2026-08-16,30.3,69,1000.8,16.6,0.0,79.57,17.28,67.81,0.05,0.42,45.86,61.9,2026,8,16,6,228,1,62.9,63.7,63.6,63.4,119.05952380952382,0,2090.7000000000003
2026-08-17,26.6,86,1002.2,15.5,0.0,86.28,20.8,71.72,0.12,0.51,35.93,69.3,2026,8,17,0,229,0,69.9,70.3,70.7,70.3,119.05952380952382,0,2287.6
2026-08-17,27.0,85,1004.2,15.0,0.0,91.05,21.22,71.91,0.12,0.54,37.02,70.2,2026,8,17,0,229,0,68.7,66.5,64.5,66.56666666666666,119.05952380952382,0,2295.0
2026-08-17,27.4,82,1003.0,17.8,0.0,79.32,18.52,72.44,0.1,0.49,37.67,64.5,2026,8,17,0,229,0,63.2,62.3,67.4,64.3,119.05952380952382,0,2246.8
2026-08-17,27.3,83,1003.7,16.6,0.0,83.77,19.48,72.39,0.1,0.51,37.45,66.5,2026,8,17,0,229,0,64.5,63.2,62.3,63.333333333333336,119.05952380952382,0,2265.9
2026-08-17,27.1,84,1004.3,16.0,0.0,88.32,20.54,72.34,0.11,0.52,37.27,68.7,2026,8,17,0,229,0,66.5,64.5,63.2,64.73333333333333,119.05952380952382,0,2276.4
2026-08-17,27.6,81,1002.3,18.7,0.0,75.97,17.92,72.18,0.1,0.48,37.87,63.2,2026,8,17,0,229,0,62.3,67.4,65.5,65.06666666666666,119.05952380952382,0,2235.6
2026-08-17,26.9,85,1003.9,14.3,0.0,91.58,21.45,71.73,0.12,0.54,36.77,70.7,2026,8,17,0,229,0,70.2,68.7,66.5,68.46666666666667,119.05952380952382,0,2286.5
2026-08-17,26.7,86,1003.4,14.0,0.0,90.41,21.3,71.6,0.12,0.53,36.56,70.3,2026,8,17,0,229,0,70.7,70.2,68.7,69.86666666666667,119.05952380952382,0,2296.2
2026-08-17,26.7,85,1002.7,14.9,0.0,88.7,21.09,71.67,0.12,0.52,36.26,69.9,2026,8,17,0,229,0,70.3,70.7,70.2,70.39999999999999,119.05952380952382,0,2269.5
2026-08-17,26.6,86,1002.3,15.5,0.0,81.31,20.11,71.91,0.12,0.49,35.64,67.8,2026,8,17,0,229,0,69.3,69.9,70.3,69.83333333333333,119.05952380952382,0,2287.6
2026-08-17,28.5,75,1001.5,19.5,0.1,87.04,19.88,71.41,0.08,0.51,37.55,67.4,2026,8,17,0,229,0,65.5,64.3,64.2,64.66666666666667,119.05952380952382,1,2137.5
2026-08-17,29.1,72,1001.7,19.3,0.0,83.48,18.98,70.93,0.07,0.5,38.06,65.5,2026,8,17,0,229,0,64.3,64.2,64.6,64.36666666666666,119.05952380952382,0,2095.2000000000003
2026-08-17,27.9,79,1001.9,19.1,0.0,72.81,17.48,71.8,0.09,0.46,37.95,62.3,2026,8,17,0,229,0,67.4,65.5,64.3,65.73333333333333,119.05952380952382,0,2204.1
2026-08-17,26.7,84,1002.0,12.5,0.0,92.32,20.7,70.84,0.1,0.49,45.46,69.1,2026,8,17,0,229,0,69.2,69.2,68.0,68.8,119.05952380952382,0,2242.8
2026-08-17,27.8,78,1002.5,15.2,0.0,90.0,20.21,70.86,0.1,0.49,45.5,68.1,2026,8,17,0,229,0,69.1,69.2,69.2,69.16666666666667,119.05952380952382,0,2168.4
2026-08-17,29.3,69,1003.2,16.9,0.0,86.59,19.48,70.57,0.09,0.49,44.95,66.5,2026,8,17,0,229,0,68.1,69.1,69.2,68.8,119.05952380952382,0,2021.7
2026-08-17,29.6,70,1001.9,19.2,0.0,81.61,18.43,70.58,0.07,0.49,38.79,64.3,2026,8,17,0,229,0,64.2,64.6,66.0,64.93333333333334,119.05952380952382,0,2072.0
2026-08-17,29.0,73,1003.5,18.9,0.0,85.67,19.23,70.37,0.07,0.48,43.48,66.0,2026,8,17,0,229,0,66.3,66.5,68.1,66.96666666666667,119.05952380952382,0,2117.0
2026-08-17,29.9,70,1002.3,19.1,0.0,82.75,18.58,70.14,0.07,0.48,40.89,64.6,2026,8,17,0,229,0,66.0,66.3,66.5,66.26666666666667,119.05952380952382,0,2093.0
2026-08-17,29.8,69,1002.0,19.5,0.0,81.83,18.4,70.28,0.07,0.49,39.73,64.2,2026,8,17,0,229,0,64.6,66.0,66.3,65.63333333333333,119.05952380952382,0,2056.2000000000003
2026-08-17,29.3,70,1003.5,17.1,0.0,86.24,19.39,70.48,0.08,0.48,44.37,66.3,2026,8,17,0,229,0,66.5,68.1,69.1,67.89999999999999,119.05952380952382,0,2051.0
2026-08-18,28.2,78,1003.0,19.2,0.0,83.01,18.34,70.98,0.11,0.51,31.69,64.1,2026,8,18,1,230,0,64.8,65.0,64.7,64.83333333333333,119.05952380952382,0,2199.6
2026-08-18,28.5,75,1002.6,19.5,0.0,83.04,18.67,71.22,0.09,0.51,31.92,64.8,2026,8,18,1,230,0,65.0,64.7,64.0,64.56666666666666,119.05952380952382,0,2137.5
2026-08-18,27.9,80,1003.4,19.0,0.0,80.85,17.38,72.08,0.1,0.49,32.54,62.1,2026,8,18,1,230,0,64.1,64.8,65.0,64.63333333333333,119.05952380952382,0,2232.0
2026-08-18,27.5,84,1004.5,18.0,0.0,87.0,18.08,70.35,0.11,0.51,31.31,63.6,2026,8,18,1,230,0,62.1,64.1,64.8,63.66666666666666,119.05952380952382,0,2310.0
2026-08-18,26.8,88,1003.6,15.9,0.0,74.08,16.11,66.67,0.12,0.5,31.77,59.4,2026,8,18,1,230,0,59.2,59.4,59.4,59.333333333333336,119.05952380952382,0,2358.4
2026-08-18,27.2,85,1004.5,15.5,0.0,75.49,16.11,67.9,0.11,0.49,31.3,59.4,2026,8,18,1,230,0,61.1,62.9,63.6,62.53333333333333,119.05952380952382,0,2312.0
2026-08-18,27.1,86,1004.4,15.7,0.0,75.49,16.11,67.9,0.11,0.49,31.3,59.4,2026,8,18,1,230,0,59.4,61.1,62.9,61.13333333333333,119.05952380952382,0,2330.6
2026-08-18,26.9,87,1004.0,15.9,0.0,74.24,16.0,67.28,0.11,0.49,31.64,59.2,2026,8,18,1,230,0,59.4,59.4,61.1,59.96666666666667,119.05952380952382,0,2340.3
2026-08-18,27.0,86,1004.7,16.5,0.0,80.04,16.89,68.5,0.11,0.5,30.94,61.1,2026,8,18,1,230,0,62.9,63.6,62.1,62.86666666666667,119.05952380952382,0,2322.0
2026-08-18,27.3,85,1004.7,17.5,0.0,85.26,17.78,69.42,0.11,0.51,30.92,62.9,2026,8,18,1,230,0,63.6,62.1,64.1,63.26666666666667,119.05952380952382,0,2320.5
2026-08-18,29.7,69,1003.0,20.1,0.0,77.95,18.27,71.88,0.07,0.49,32.7,64.0,2026,8,18,1,230,0,63.3,62.7,62.0,62.66666666666666,119.05952380952382,0,2049.3
2026-08-18,27.9,79,1003.9,17.0,0.0,71.66,18.19,72.26,0.12,0.47,35.13,63.8,2026,8,18,1,230,0,64.9,67.8,69.3,67.33333333333333,119.05952380952382,0,2204.1
2026-08-18,29.5,69,1004.4,19.0,0.0,68.87,17.15,72.11,0.1,0.47,34.42,61.6,2026,8,18,1,230,0,63.8,64.9,67.8,65.5,119.05952380952382,0,2035.5
2026-08-18,30.0,66,1004.6,19.1,0.0,70.07,17.06,72.0,0.09,0.47,34.04,61.4,2026,8,18,1,230,0,61.6,63.8,64.9,63.43333333333334,119.05952380952382,0,1980.0
2026-08-18,29.4,69,1002.2,20.1,0.0,81.98,18.74,71.43,0.08,0.51,32.04,65.0,2026,8,18,1,230,0,64.7,64.0,63.3,64.0,119.05952380952382,0,2028.6
2026-08-18,30.5,65,1004.0,20.1,0.0,74.58,17.66,71.83,0.08,0.48,33.3,62.7,2026,8,18,1,230,0,62.0,61.4,61.6,61.66666666666666,119.05952380952382,0,1982.5
2026-08-18,30.0,67,1003.5,20.0,0.0,76.1,17.94,71.82,0.07,0.48,33.01,63.3,2026,8,18,1,230,0,62.7,62.0,61.4,62.03333333333333,119.05952380952382,0,2010.0
2026-08-18,30.5,64,1004.4,19.7,0.0,72.38,17.31,71.96,0.08,0.48,33.64,62.0,2026,8,18,1,230,0,61.4,61.6,63.8,62.26666666666667,119.05952380952382,0,1952.0
2026-08-18,26.6,86,1003.1,15.2,0.0,73.97,18.69,72.21,0.12,0.48,35.32,64.9,2026,8,18,1,230,0,67.8,69.3,69.9,69.0,119.05952380952382,0,2287.6
2026-08-18,29.6,69,1002.5,20.2,0.0,80.21,18.61,71.66,0.07,0.5,32.33,64.7,2026,8,18,1,230,0,64.0,63.3,62.7,63.333333333333336,119.05952380952382,0,2042.4
2026-08-19,26.5,87,1004.0,15.1,0.0,55.07,12.12,67.5,0.11,0.41,30.48,51.0,2026,8,19,2,231,0,53.0,51.7,59.4,54.7,119.05952380952382,0,2305.5
2026-08-19,26.5,86,1003.8,14.6,0.0,52.54,12.48,66.56,0.11,0.42,30.49,51.8,2026,8,19,2,231,0,500.0,500.0,51.0,350.3333333333333,119.05952380952382,0,2279.0
2026-08-19,26.4,87,1003.8,14.6,0.0,52.43,12.04,66.98,0.11,0.41,30.39,500.0,2026,8,19,2,231,0,51.0,53.0,51.7,51.9,119.05952380952382,0,2296.8
2026-08-19,26.4,87,1003.8,14.7,0.0,52.43,12.04,66.98,0.11,0.41,30.39,500.0,2026,8,19,2,231,0,500.0,51.0,53.0,201.3333333333333,119.05952380952382,0,2296.8
2026-08-19,30.0,68,1005.1,19.7,0.0,54.79,12.45,67.13,0.08,0.44,34.31,51.7,2026,8,19,2,231,0,59.4,59.2,59.4,59.333333333333336,119.05952380952382,0,2040.0
2026-08-19,26.5,87,1004.1,15.4,0.0,59.41,12.6,67.86,0.11,0.42,30.46,52.1,2026,8,19,2,231,0,53.0,51.7,59.4,54.7,119.05952380952382,0,2305.5
2026-08-19,30.2,67,1005.0,20.0,0.0,56.22,13.06,67.17,0.07,0.44,34.25,53.0,2026,8,19,2,231,0,51.7,59.4,59.2,56.76666666666667,119.05952380952382,0,2023.4
2026-08-20,26.5,87,1003.6,13.8,0.0,65.32,15.13,68.21,0.11,0.43,31.26,57.4,2026,8,20,3,232,0,56.0,53.1,52.5,53.86666666666667,119.05952380952382,0,2305.5
2026-08-20,28.5,75,1003.1,17.2,0.0,67.24,14.98,69.04,0.08,0.46,34.95,57.1,2026,8,20,3,232,0,57.7,58.3,58.5,58.16666666666666,119.05952380952382,0,2137.5
2026-08-20,26.4,87,1003.4,13.6,0.0,60.96,14.47,68.56,0.11,0.42,30.79,56.0,2026,8,20,3,232,0,53.1,52.5,53.7,53.1,119.05952380952382,0,2296.8
2026-08-20,26.6,86,1003.9,12.9,0.0,54.29,13.11,69.4,0.11,0.4,30.71,53.1,2026,8,20,3,232,0,52.5,53.7,54.5,53.56666666666666,119.05952380952382,0,2287.6
2026-08-20,27.4,85,1004.7,15.3,0.0,52.81,13.39,68.94,0.11,0.41,32.19,53.7,2026,8,20,3,232,0,54.5,54.7,57.1,55.43333333333334,119.05952380952382,0,2329.0
2026-08-20,29.2,72,1002.7,18.6,0.1,68.78,15.28,68.72,0.07,0.46,35.19,57.7,2026,8,20,3,232,0,58.3,58.5,58.5,58.43333333333334,119.05952380952382,1,2102.4
2026-08-20,27.6,82,1004.4,16.4,0.0,56.12,13.77,68.89,0.1,0.42,33.06,54.5,2026,8,20,3,232,0,54.7,57.1,57.7,56.5,119.05952380952382,0,2263.2000000000003
2026-08-20,27.8,80,1003.8,16.6,0.0,57.74,13.87,69.22,0.1,0.42,34.05,54.7,2026,8,20,3,232,0,57.1,57.7,58.3,57.70000000000001,119.05952380952382,0,2224.0
2026-08-20,26.7,85,1004.5,13.6,0.0,51.88,12.8,69.62,0.1,0.39,30.9,52.5,2026,8,20,3,232,0,53.7,54.5,54.7,54.3,119.05952380952382,0,2269.5
2026-08-20,29.3,69,1005.3,17.2,0.0,66.14,15.06,67.89,0.07,0.46,35.55,57.2,2026,8,20,3,232,0,56.3,54.0,53.2,54.5,119.05952380952382,0,2021.7
2026-08-20,29.7,69,1004.4,17.3,0.0,69.73,15.62,68.26,0.06,0.46,35.99,58.4,2026,8,20,3,232,0,57.9,57.2,56.3,57.133333333333326,119.05952380952382,0,2049.3
2026-08-20,29.8,69,1004.8,17.1,0.0,68.16,15.39,68.3,0.06,0.46,36.02,57.9,2026,8,20,3,232,0,57.2,56.3,54.0,55.833333333333336,119.05952380952382,0,2056.2000000000003
2026-08-20,29.1,70,1005.0,18.1,0.0,63.44,14.64,67.53,0.08,0.45,34.67,56.3,2026,8,20,3,232,0,54.0,53.2,51.8,53.0,119.05952380952382,0,2037.0
2026-08-20,27.6,79,1004.8,16.7,0.0,54.52,13.51,66.76,0.11,0.43,32.53,54.0,2026,8,20,3,232,0,53.2,51.8,500.0,201.66666666666663,119.05952380952382,0,2180.4
2026-08-20,26.8,85,1004.1,13.3,0.0,53.49,13.16,66.48,0.12,0.43,31.63,53.2,2026,8,20,3,232,0,51.8,500.0,500.0,350.6,119.05952380952382,0,2278.0
2026-08-20,29.8,68,1002.8,17.8,0.0,70.31,15.57,68.42,0.06,0.46,35.44,58.3,2026,8,20,3,232,0,58.5,58.5,58.4,58.46666666666667,119.05952380952382,0,2026.4
2026-08-20,30.1,67,1003.1,17.3,0.0,70.65,15.69,68.27,0.06,0.46,35.6,58.5,2026,8,20,3,232,0,58.5,58.4,57.9,58.26666666666667,119.05952380952382,0,2016.7
2026-08-20,30.1,67,1003.8,17.2,0.0,70.34,15.68,68.13,0.06,0.46,35.82,58.5,2026,8,20,3,232,0,58.4,57.9,57.2,57.833333333333336,119.05952380952382,0,2016.7
2026-08-21,29.9,70,1003.2,18.1,0.0,72.83,15.62,69.59,0.05,0.43,38.5,58.4,2026,8,21,4,233,0,58.9,59.4,59.9,59.4,119.05952380952382,0,2093.0
2026-08-21,29.6,71,1002.3,18.0,0.0,75.01,15.81,70.1,0.06,0.44,38.74,58.8,2026,8,21,4,233,0,58.4,58.4,58.9,58.56666666666666,119.05952380952382,0,2101.6
2026-08-21,26.9,88,1003.9,16.6,0.0,68.26,16.06,72.19,0.09,0.42,39.46,59.3,2026,8,21,4,233,0,58.4,57.6,56.8,57.6,119.05952380952382,0,2367.2
2026-08-21,27.3,85,1003.6,17.1,0.0,66.17,15.6,72.4,0.09,0.41,39.48,58.4,2026,8,21,4,233,0,57.6,56.8,59.6,58.0,119.05952380952382,0,2320.5
2026-08-21,28.3,79,1001.9,16.7,0.1,77.53,16.21,71.06,0.07,0.44,39.44,59.6,2026,8,21,4,233,0,59.2,58.8,58.4,58.8,119.05952380952382,1,2235.7000000000003
2026-08-21,29.3,71,1002.0,18.0,0.0,76.42,16.02,70.47,0.06,0.44,39.11,59.2,2026,8,21,4,233,0,58.8,58.4,58.4,58.53333333333333,119.05952380952382,0,2080.3
2026-08-21,27.5,84,1002.5,17.4,0.0,61.52,14.88,72.65,0.09,0.39,39.74,56.8,2026,8,21,4,233,0,59.6,59.2,58.8,59.20000000000001,119.05952380952382,0,2310.0
2026-08-21,27.4,85,1003.1,17.5,0.0,63.79,15.22,72.44,0.09,0.4,39.57,57.6,2026,8,21,4,233,0,56.8,59.6,59.2,58.53333333333334,119.05952380952382,0,2329.0
2026-08-21,29.4,72,1004.4,17.5,0.0,73.53,16.11,70.04,0.06,0.42,38.53,59.4,2026,8,21,4,233,0,59.9,60.4,60.3,60.2,119.05952380952382,0,2116.8
2026-08-21,28.8,74,1005.4,16.3,0.0,73.49,16.34,70.11,0.06,0.41,38.14,59.9,2026,8,21,4,233,0,60.4,60.3,59.5,60.06666666666666,119.05952380952382,0,2131.2000000000003
2026-08-21,28.5,76,1005.4,15.8,0.0,73.54,16.55,69.85,0.08,0.41,37.23,60.4,2026,8,21,4,233,0,60.3,59.5,57.4,59.06666666666666,119.05952380952382,0,2166.0
2026-08-21,27.5,82,1004.8,14.8,0.0,70.7,16.53,68.72,0.11,0.42,34.38,60.3,2026,8,21,4,233,0,59.5,57.4,56.0,57.63333333333333,119.05952380952382,0,2255.0
2026-08-21,26.8,86,1004.3,13.1,0.0,68.76,16.13,68.24,0.11,0.42,33.01,59.5,2026,8,21,4,233,0,57.4,56.0,53.1,55.5,119.05952380952382,0,2304.8
2026-08-21,29.6,71,1002.7,18.1,0.0,73.45,15.62,69.72,0.05,0.44,38.55,58.4,2026,8,21,4,233,0,58.4,58.9,59.4,58.9,119.05952380952382,0,2101.6
2026-08-21,30.3,67,1003.8,17.7,0.0,73.25,15.84,69.88,0.05,0.43,38.63,58.9,2026,8,21,4,233,0,59.4,59.9,60.4,59.9,119.05952380952382,0,2030.1
2026-08-22,26.3,88,1001.2,13.0,0.0,96.38,20.99,72.64,0.11,0.51,38.65,69.7,2026,8,22,5,234,1,68.6,67.0,67.0,67.53333333333333,119.05952380952382,0,2314.4
2026-08-22,26.5,86,1002.8,13.8,0.0,88.4,19.73,71.15,0.11,0.5,38.72,67.0,2026,8,22,5,234,1,67.0,64.6,64.6,65.39999999999999,119.05952380952382,0,2279.0
2026-08-22,26.3,88,1001.3,12.8,0.0,96.38,20.99,72.64,0.11,0.51,38.65,69.7,2026,8,22,5,234,1,69.7,68.6,67.0,68.43333333333334,119.05952380952382,0,2314.4
2026-08-22,26.4,87,1002.1,13.5,0.0,92.72,20.46,71.71,0.11,0.51,38.48,68.6,2026,8,22,5,234,1,67.0,67.0,64.6,66.2,119.05952380952382,0,2296.8
2026-08-22,26.6,86,1003.0,14.0,0.0,88.4,19.73,71.15,0.11,0.5,38.72,67.0,2026,8,22,5,234,1,64.6,64.6,62.4,63.86666666666667,119.05952380952382,0,2287.6
2026-08-23,27.8,77,1001.9,12.7,0.0,106.89,22.05,71.9,0.1,0.53,36.83,71.9,2026,8,23,6,235,1,71.4,71.4,71.3,71.36666666666667,119.05952380952382,0,2140.6
2026-08-23,26.4,88,1005.2,7.7,0.0,108.05,21.88,73.49,0.11,0.48,37.63,71.6,2026,8,23,6,235,1,71.7,71.7,71.7,71.7,119.05952380952382,0,2323.2
2026-08-23,27.0,83,1002.8,11.4,0.0,107.66,21.78,72.61,0.11,0.52,37.45,71.4,2026,8,23,6,235,1,70.9,71.9,71.4,71.4,119.05952380952382,0,2241.0
2026-08-23,26.8,85,1003.6,10.0,0.0,108.3,21.92,72.53,0.11,0.52,37.32,71.7,2026,8,23,6,235,1,71.4,70.9,71.9,71.4,119.05952380952382,0,2278.0
2026-08-23,26.7,86,1004.4,8.6,0.0,108.22,21.94,72.67,0.11,0.51,37.25,71.7,2026,8,23,6,235,1,71.7,71.4,70.9,71.33333333333334,119.05952380952382,0,2296.2
2026-08-23,27.4,79,1002.1,12.4,0.0,105.62,21.58,72.5,0.11,0.52,37.43,70.9,2026,8,23,6,235,1,71.9,71.4,71.4,71.56666666666668,119.05952380952382,0,2164.6
2026-08-23,26.0,90,1004.2,9.0,0.0,105.12,21.72,74.55,0.1,0.45,38.41,71.2,2026,8,23,6,235,1,71.6,71.7,71.7,71.66666666666667,119.05952380952382,0,2340.0
2026-08-23,25.9,91,1004.0,9.3,0.0,105.95,21.72,75.03,0.11,0.43,38.68,71.2,2026,8,23,6,235,1,71.2,71.6,71.7,71.5,119.05952380952382,0,2356.9
2026-08-23,25.8,91,1004.0,8.9,0.0,107.16,21.82,75.07,0.11,0.44,38.68,71.4,2026,8,23,6,235,1,71.2,71.2,71.6,71.33333333333333,119.05952380952382,0,2347.8
2026-08-23,25.7,91,1004.0,8.5,0.0,107.16,21.82,75.07,0.11,0.44,38.68,71.4,2026,8,23,6,235,1,71.4,71.2,71.2,71.26666666666667,119.05952380952382,0,2338.7
2026-08-23,28.4,78,1001.8,14.9,0.0,101.44,21.79,70.96,0.08,0.53,35.98,71.4,2026,8,23,6,235,1,71.4,71.3,71.4,71.36666666666666,119.05952380952382,0,2215.2
2026-08-23,28.7,77,1002.2,15.0,0.0,100.4,21.77,71.04,0.08,0.52,36.09,71.3,2026,8,23,6,235,1,71.4,71.5,71.6,71.5,119.05952380952382,0,2209.9
2026-08-23,28.5,78,1001.9,15.0,0.1,101.44,21.79,70.96,0.08,0.53,35.98,71.4,2026,8,23,6,235,1,71.3,71.4,71.5,71.39999999999999,119.05952380952382,1,2223.0
2026-08-23,29.0,76,1003.1,15.1,0.0,100.37,21.86,71.44,0.08,0.53,37.0,71.5,2026,8,23,6,235,1,71.6,71.5,71.3,71.46666666666665,119.05952380952382,0,2204.0
2026-08-23,28.9,75,1003.4,14.9,0.0,100.65,21.9,71.83,0.08,0.53,37.52,71.6,2026,8,23,6,235,1,71.5,71.3,71.0,71.26666666666667,119.05952380952382,0,2167.5
2026-08-23,29.0,73,1004.1,15.4,0.0,100.47,21.87,71.94,0.09,0.53,37.85,71.5,2026,8,23,6,235,1,71.3,71.0,70.9,71.06666666666668,119.05952380952382,0,2117.0
2026-08-23,28.8,74,1003.9,14.7,0.0,99.64,21.73,72.08,0.11,0.53,37.72,71.3,2026,8,23,6,235,1,71.0,70.9,69.7,70.53333333333335,119.05952380952382,0,2131.2000000000003
2026-08-23,27.8,79,1003.0,14.5,0.0,98.04,21.6,72.13,0.14,0.53,37.13,71.0,2026,8,23,6,235,1,70.9,69.7,69.7,70.10000000000001,119.05952380952382,0,2196.2000000000003
2026-08-23,26.6,86,1004.9,8.2,0.0,108.22,21.94,72.67,0.11,0.51,37.25,71.7,2026,8,23,6,235,1,71.7,71.7,71.4,71.60000000000001,119.05952380952382,0,2287.6
2026-08-23,29.1,76,1002.6,15.4,0.0,100.03,21.78,71.04,0.08,0.52,36.46,71.4,2026,8,23,6,235,1,71.5,71.6,71.5,71.53333333333333,119.05952380952382,0,2211.6
2026-08-24,30.0,70,1005.7,8.9,0.0,111.27,22.85,74.07,0.08,0.41,38.82,73.6,2026,8,24,0,236,0,73.5,73.0,72.6,73.03333333333333,119.05952380952382,0,2100.0
2026-08-24,29.6,72,1003.1,13.3,0.0,103.82,21.81,71.57,0.07,0.45,36.02,71.4,2026,8,24,0,236,0,72.9,73.6,73.6,73.36666666666666,119.05952380952382,0,2131.2000000000003
2026-08-24,30.3,71,1004.3,14.2,0.0,108.33,22.53,72.45,0.07,0.43,37.24,72.9,2026,8,24,0,236,0,73.6,73.6,73.5,73.56666666666666,119.05952380952382,0,2151.3
2026-08-24,30.5,72,1004.6,12.6,0.0,111.29,22.83,73.69,0.08,0.41,38.56,73.6,2026,8,24,0,236,0,73.6,73.5,73.0,73.36666666666666,119.05952380952382,0,2196.0
2026-08-24,29.3,73,1002.9,13.2,0.0,102.48,21.32,71.35,0.08,0.46,35.69,70.4,2026,8,24,0,236,0,71.4,72.9,73.6,72.63333333333334,119.05952380952382,0,2138.9
2026-08-24,29.4,72,1005.5,8.3,0.0,111.01,22.79,74.36,0.1,0.41,38.88,73.5,2026,8,24,0,236,0,73.0,72.6,71.4,72.33333333333333,119.05952380952382,0,2116.8
2026-08-24,27.4,82,1005.1,8.3,0.0,111.07,22.58,75.13,0.13,0.42,39.13,73.0,2026,8,24,0,236,0,72.6,71.4,71.4,71.8,119.05952380952382,0,2246.8
2026-09-01,28.0,73,1004.8,16.8,0.0,58.08,15.94,66.41,0.09,0.54,35.24,59.1,2026,9,1,1,244,0,70.4,71.4,72.9,71.56666666666668,119.05952380952382,0,2044.0
2026-09-01,29.1,69,1003.5,16.2,0.1,60.53,15.67,66.43,0.07,0.57,34.59,58.5,2026,9,1,1,244,0,59.1,70.4,71.4,66.96666666666667,119.05952380952382,1,2007.9
2026-09-01,26.6,84,1004.4,13.1,0.0,63.22,16.05,66.51,0.11,0.61,34.61,59.3,2026,9,1,1,244,0,58.5,59.1,70.4,62.666666666666664,119.05952380952382,0,2234.4
