date,pm10,pm2_5,carbon_monoxide,nitrogen_dioxide,sulphur_dioxide,ozone,AQI
2022-08-01,,,,,,,
2022-08-02,,,,,,,
2022-08-03,,,,,,,
2022-08-04,60.37894736842105,28.03684210526316,495.2105263157895,22.426315789473687,24.389473684210525,62.36842105263158,
2022-08-05,58.3375,28.2125,507.4166666666667,22.725,24.879166666666663,53.5,82.26315789473684
2022-08-06,51.71666666666667,27.46666666666667,431.9583333333333,22.1375,19.204166666666666,44.16666666666666,83.83333333333333
2022-08-07,89.125,57.62916666666666,944.125,39.29166666666666,42.90833333333333,148.08333333333334,147.25
2022-08-08,103.12916666666666,64.52083333333333,1150.5,46.79583333333333,55.06666666666666,122.875,176.75
2022-08-09,77.5625,54.0375,849.0,50.87083333333334,45.22083333333333,84.29166666666667,152.5
2022-08-10,156.36666666666667,108.3875,1297.5833333333333,65.39166666666667,51.6625,104.79166666666669,157.66666666666666
2022-08-11,122.84583333333332,83.28750000000001,1163.0416666666667,49.07083333333333,52.00833333333333,146.29166666666666,200.41666666666663
2022-08-12,49.29166666666666,31.21666666666667,605.75,34.49166666666667,32.987500000000004,82.20833333333333,138.375
2022-08-13,48.94166666666667,32.1375,704.0,35.56666666666667,49.34583333333333,94.0,99.75
2022-08-14,39.90833333333333,24.97083333333333,475.9166666666667,20.325,27.83333333333333,99.5,105.08333333333331
2022-08-15,38.45,25.370833333333334,678.125,47.37916666666666,53.9125,58.875,79.54166666666667
2022-08-16,43.645833333333336,28.066666666666663,644.25,39.54166666666666,38.458333333333336,70.70833333333333,77.95833333333333
2022-08-17,28.791666666666668,19.054166666666667,435.0416666666667,21.5125,18.7625,81.375,79.54166666666667
2022-08-18,42.03333333333333,22.23333333333333,271.5,13.645833333333334,11.458333333333334,47.875,66.70833333333333
2022-08-19,46.5125,22.1,234.125,12.4,11.1375,35.208333333333336,73.45833333333333
2022-08-20,49.39166666666667,22.729166666666668,275.9583333333333,13.166666666666666,13.683333333333332,44.125,71.70833333333333
2022-08-21,53.56666666666666,24.104166666666668,314.0,14.854166666666666,16.220833333333335,48.54166666666666,74.16666666666667
2022-08-22,55.3375,24.116666666666664,307.125,13.975,14.3375,53.29166666666666,74.91666666666667
2022-08-23,52.99583333333334,23.854166666666668,358.0833333333333,16.650000000000002,16.541666666666668,47.66666666666666,75.83333333333333
2022-08-24,56.2,25.383333333333336,296.0,15.275,12.8,42.91666666666666,76.66666666666667
2022-08-25,58.25416666666666,26.9875,254.5,11.9875,11.029166666666669,51.16666666666666,80.5
2022-08-26,60.49583333333334,27.383333333333336,278.5833333333333,13.5875,13.225,54.333333333333336,82.875
2022-08-27,50.5,23.95,283.0416666666667,13.116666666666667,12.829166666666666,52.833333333333336,79.16666666666667
2022-08-28,41.18333333333333,20.541666666666668,251.75,10.945833333333333,10.629166666666666,56.375,72.29166666666667
2022-08-29,43.75833333333333,21.97083333333333,308.9583333333333,14.6625,13.3125,54.5,68.0
2022-08-30,47.275,23.479166666666668,391.5,19.3375,17.533333333333335,54.91666666666666,74.375
2022-08-31,40.59583333333333,20.55,359.2916666666667,16.979166666666668,16.670833333333334,58.625,71.70833333333333
2022-09-01,30.870833333333334,16.2375,290.625,13.029166666666669,12.679166666666667,52.41666666666666,62.91666666666666
2022-09-02,37.5875,19.216666666666665,362.25,16.349999999999998,16.329166666666666,60.375,61.708333333333336
2022-09-03,35.12916666666667,19.079166666666666,298.2083333333333,11.720833333333331,12.35,51.875,63.375
2022-09-04,51.92916666666667,28.59583333333333,274.0416666666667,10.020833333333334,9.9375,49.91666666666666,74.83333333333333
2022-09-05,41.65833333333333,21.433333333333334,258.2916666666667,10.8875,11.354166666666666,56.04166666666666,80.04166666666667
2022-09-06,44.05,23.641666666666666,354.7083333333333,16.416666666666668,17.4875,64.20833333333333,71.95833333333333
2022-09-07,43.0875,23.83333333333333,480.625,23.60833333333333,23.379166666666663,61.208333333333336,74.33333333333333
2022-09-08,60.65416666666667,36.36666666666667,766.875,34.729166666666664,33.11666666666667,94.79166666666669,109.04166666666669
2022-09-09,83.34166666666667,52.87916666666666,798.375,31.3,29.929166666666664,122.16666666666669,141.33333333333334
2022-09-10,126.83333333333331,84.8625,1069.4583333333333,38.97916666666666,36.55416666666667,165.29166666666666,192.91666666666663
2022-09-11,64.47500000000001,41.458333333333336,754.0,28.204166666666666,30.820833333333336,114.0,174.625
2022-09-12,98.1,64.35833333333333,973.875,38.19166666666667,36.93333333333333,143.625,162.83333333333334
2022-09-13,69.3625,43.875,893.25,40.4875,38.25416666666667,101.125,167.125
2022-09-14,41.07083333333333,23.616666666666664,527.9583333333334,23.03333333333333,22.22083333333333,59.333333333333336,98.70833333333331
2022-09-15,36.30833333333333,19.683333333333334,293.3333333333333,11.508333333333333,11.75,57.79166666666666,70.29166666666667
2022-09-16,47.07083333333333,24.53333333333333,240.91666666666663,8.883333333333333,8.6,65.45833333333333,72.125
2022-09-17,57.275,28.0125,269.4166666666667,11.895833333333334,10.658333333333331,69.16666666666667,79.70833333333333
2022-09-18,60.958333333333336,29.791666666666668,346.7916666666667,17.054166666666667,15.0125,66.58333333333333,87.54166666666667
2022-09-19,52.17916666666667,25.425,352.0,16.520833333333332,14.595833333333331,64.5,83.79166666666667
2022-09-20,39.475,19.241666666666667,252.5,11.358333333333334,10.020833333333334,63.66666666666666,71.625
2022-09-21,37.1875,17.754166666666666,242.625,11.4375,9.495833333333334,63.125,63.25
2022-09-22,36.208333333333336,17.591666666666665,236.29166666666663,10.8375,9.283333333333331,61.458333333333336,62.0
2022-09-23,37.24166666666667,17.666666666666668,199.125,8.275,7.658333333333334,63.0,61.75
2022-09-24,38.8625,19.97083333333333,214.16666666666663,9.25,8.245833333333334,64.91666666666667,63.91666666666666
2022-09-25,41.98333333333333,21.933333333333334,242.625,11.5875,10.15,63.91666666666666,68.45833333333333
2022-09-26,42.16666666666666,22.620833333333334,324.8333333333333,15.5875,14.5625,63.66666666666666,73.04166666666667
2022-09-27,37.97916666666666,19.9625,349.25,16.770833333333332,15.395833333333334,62.083333333333336,70.58333333333333
2022-09-28,31.9125,16.295833333333334,278.875,13.620833333333335,11.883333333333333,61.75,62.208333333333336
2022-09-29,30.4625,15.895833333333334,245.54166666666663,11.1,10.729166666666666,67.45833333333333,59.333333333333336
2022-09-30,26.6,15.025,290.5416666666667,13.358333333333334,13.758333333333333,68.125,56.958333333333336
2022-10-01,22.375,12.791666666666666,219.125,9.729166666666666,10.904166666666669,56.875,54.54166666666666
2022-10-02,21.945833333333336,12.504166666666668,240.95833333333331,12.083333333333334,12.15,53.66666666666666,50.625
2022-10-03,27.2375,13.870833333333332,263.5,13.991666666666667,12.125,60.333333333333336,52.41666666666666
2022-10-04,28.71666666666667,14.025,256.2083333333333,12.675,11.225,59.958333333333336,54.0
2022-10-05,37.0375,16.270833333333332,292.125,13.408333333333331,12.279166666666669,61.208333333333336,56.04166666666666
2022-10-06,45.52916666666667,20.041666666666668,360.4166666666667,16.695833333333333,15.679166666666667,67.125,62.958333333333336
2022-10-07,66.17916666666666,37.3,617.7083333333334,27.2375,28.425,97.75,93.41666666666669
2022-10-08,75.21249999999999,49.020833333333336,543.2083333333334,25.829166666666666,26.4125,130.41666666666666,138.83333333333334
2022-10-09,135.09166666666667,90.69166666666666,907.5833333333334,30.254166666666663,35.795833333333334,205.25,189.45833333333331
2022-10-10,96.42916666666667,59.0125,1030.9166666666667,44.44583333333333,45.3,125.45833333333331,183.95833333333331
2022-10-11,82.59583333333333,49.083333333333336,1067.5416666666667,49.19166666666666,51.145833333333336,107.04166666666669,157.25
2022-10-12,60.7125,36.57083333333333,895.0833333333334,40.28333333333333,38.1125,102.29166666666669,141.625
2022-10-13,41.85416666666666,24.229166666666668,674.9166666666666,32.43333333333333,27.941666666666663,85.58333333333333,94.58333333333331
2022-10-14,50.94166666666666,30.83333333333333,760.8333333333334,37.25416666666667,36.25,91.04166666666669,94.16666666666669
2022-10-15,54.71666666666667,34.05416666666667,767.5416666666666,36.53333333333333,36.43333333333333,106.33333333333331,118.0
2022-10-16,76.37083333333334,49.00833333333333,893.0416666666666,37.29583333333333,37.13333333333333,136.75,144.79166666666666
2022-10-17,69.47916666666667,44.60416666666666,761.3333333333334,35.55833333333333,33.21666666666667,120.33333333333331,157.41666666666666
2022-10-18,45.88333333333333,25.54583333333333,556.0833333333334,26.97083333333333,26.075,84.0,106.5
2022-10-19,42.7875,22.004166666666663,434.625,22.933333333333334,20.229166666666668,82.45833333333333,74.875
2022-10-20,40.10416666666666,19.883333333333333,393.3333333333333,19.6625,18.5625,92.33333333333331,73.95833333333333
2022-10-21,111.64166666666668,71.88333333333334,854.7083333333334,35.12916666666667,44.675,134.58333333333334,123.04166666666669
2022-10-22,121.5125,80.125,837.5833333333334,36.18333333333333,32.8875,126.54166666666669,170.33333333333334
2022-10-23,157.08333333333334,106.10833333333332,1616.6666666666667,70.90833333333333,57.09166666666667,173.54166666666666,202.54166666666663
2022-10-24,45.875,27.445833333333336,540.0,23.9,23.495833333333334,97.33333333333331,153.29166666666666
2022-10-25,43.958333333333336,22.866666666666664,294.5,12.679166666666667,10.845833333333331,98.5,72.45833333333333
2022-10-26,53.11666666666667,28.729166666666668,395.6666666666667,18.2125,15.704166666666666,100.29166666666669,81.20833333333333
2022-10-27,52.57083333333333,28.5625,472.4583333333333,23.34166666666667,20.641666666666666,92.375,86.125
2022-10-28,55.6125,30.64583333333333,523.7083333333334,26.995833333333334,23.75,84.08333333333333,88.75
2022-10-29,56.4,32.766666666666666,772.0416666666666,38.833333333333336,31.05,83.58333333333333,94.95833333333331
2022-10-30,58.30833333333334,33.2125,814.5,42.016666666666666,31.33333333333333,80.95833333333333,95.45833333333331
2022-10-31,52.92916666666667,27.504166666666663,593.0,30.275,22.925,71.58333333333333,93.625
2022-11-01,45.2125,23.5125,386.6666666666667,18.616666666666667,13.720833333333331,86.625,77.16666666666667
2022-11-02,48.2625,28.10833333333333,496.625,22.9625,18.47083333333333,97.58333333333331,83.45833333333333
2022-11-03,47.39166666666667,29.1375,573.1666666666666,27.116666666666664,20.954166666666666,96.54166666666669,89.58333333333333
2022-11-04,42.67916666666667,26.03333333333333,559.1666666666666,27.229166666666668,21.65416666666667,88.70833333333333,83.79166666666667
2022-11-05,56.27916666666667,35.020833333333336,576.7083333333334,27.166666666666668,22.183333333333334,101.04166666666669,90.79166666666669
2022-11-06,61.708333333333336,39.454166666666666,528.625,26.52083333333333,21.058333333333334,96.625,106.375
2022-11-07,54.0625,33.458333333333336,532.5,26.241666666666664,23.25,96.0,106.125
2022-11-08,90.39583333333331,57.24583333333334,630.7916666666666,22.183333333333334,32.15833333333333,117.33333333333331,111.70833333333331
2022-11-09,96.56666666666666,61.25,815.7083333333334,28.175,41.22916666666666,126.625,160.75
2022-11-10,65.53333333333333,38.77916666666667,816.8333333333334,36.50416666666667,43.0375,97.66666666666669,127.16666666666669
2022-11-11,126.28333333333336,83.5125,1351.4166666666667,64.92916666666666,62.0875,85.91666666666667,141.16666666666666
2022-11-12,120.85,78.39166666666667,1431.6666666666667,68.8625,53.67083333333333,90.04166666666667,174.54166666666666
2022-11-13,53.97083333333333,29.666666666666668,494.4583333333333,23.09583333333333,22.641666666666666,79.08333333333333,124.0
2022-11-14,50.71666666666667,24.166666666666668,376.2916666666667,15.958333333333334,17.791666666666668,85.33333333333333,77.375
2022-11-15,100.55,61.72083333333333,534.375,18.995833333333334,35.95,95.54166666666669,113.91666666666669
2022-11-16,100.32083333333333,64.52083333333333,693.75,26.9625,42.17083333333333,116.29166666666669,153.83333333333334
2022-11-17,101.79166666666669,63.48333333333333,918.6666666666666,32.266666666666666,44.24166666666667,128.79166666666666,162.95833333333334
2022-11-18,73.53333333333333,42.35416666666666,716.8333333333334,28.65416666666667,33.791666666666664,100.29166666666669,144.625
2022-11-19,49.1125,25.09166666666667,443.9583333333333,22.90833333333333,17.791666666666668,84.5,93.5
2022-11-20,77.19583333333334,48.075,655.25,31.83333333333333,30.991666666666664,90.08333333333331,92.25
2022-11-21,103.35833333333332,67.57083333333334,789.6666666666666,34.925,38.71666666666667,110.33333333333331,151.04166666666666
2022-11-22,105.25416666666666,67.74583333333334,1076.375,53.63333333333333,57.26666666666667,100.875,162.83333333333334
2022-11-23,102.99166666666667,68.64583333333333,869.4583333333334,37.954166666666666,50.25833333333333,108.45833333333331,156.0
2022-11-24,90.72916666666669,60.25416666666666,980.125,46.80833333333334,50.84583333333333,107.20833333333331,159.16666666666666
2022-11-25,61.93333333333334,33.88333333333333,809.2916666666666,39.69583333333333,35.0875,98.58333333333331,124.125
2022-11-26,85.77083333333333,56.63333333333333,1106.375,60.35833333333333,50.270833333333336,87.5,127.79166666666669
2022-11-27,59.59166666666667,37.96666666666667,877.1666666666666,44.02916666666667,41.5375,101.16666666666669,135.375
2022-11-28,98.925,67.675,1221.4583333333333,72.69583333333334,52.80833333333334,56.708333333333336,141.5
2022-11-29,84.32916666666667,57.80416666666667,728.3333333333334,41.36666666666667,32.84166666666667,77.29166666666667,152.79166666666666
2022-11-30,97.55833333333334,66.86666666666666,723.8333333333334,40.141666666666666,35.045833333333334,90.66666666666669,153.125
2022-12-01,105.71666666666664,72.13333333333334,788.2916666666666,41.23333333333333,40.91666666666666,93.625,157.125
2022-12-02,88.50416666666666,58.20416666666667,1009.5,53.9125,46.55833333333334,69.5,159.875
2022-12-03,75.09583333333333,46.40416666666667,741.0833333333334,46.333333333333336,46.32916666666667,67.20833333333333,112.08333333333331
2022-12-04,127.48333333333332,86.58749999999999,774.5833333333334,36.65833333333333,43.16666666666666,90.33333333333331,155.83333333333334
2022-12-05,125.79166666666669,82.28750000000001,1061.375,53.72083333333333,64.32083333333334,83.29166666666667,165.20833333333334
2022-12-06,150.17083333333332,101.125,1321.4583333333333,56.67083333333333,68.03333333333333,102.79166666666669,169.0
2022-12-07,129.02083333333334,87.85000000000001,1306.5833333333333,59.325,57.395833333333336,94.25,169.83333333333334
2022-12-08,102.72916666666669,66.32916666666667,1403.8333333333333,69.95416666666667,52.00833333333333,71.5,167.04166666666666
2022-12-09,74.51666666666667,45.41666666666666,1021.75,49.30833333333334,44.40833333333333,88.08333333333333,129.41666666666666
2022-12-10,106.55,71.40833333333333,868.8333333333334,43.5875,42.16666666666666,75.45833333333333,148.41666666666666
2022-12-11,91.44166666666666,60.52916666666667,578.4166666666666,17.370833333333334,30.941666666666663,111.5,155.95833333333334
2022-12-12,85.375,54.6375,765.9166666666666,34.94166666666667,30.666666666666668,95.75,145.45833333333334
2022-12-13,54.145833333333336,35.583333333333336,537.2916666666666,23.479166666666668,20.604166666666668,67.5,144.875
2022-12-14,0.9208333333333334,0.65,59.91666666666666,0.0,0.5291666666666667,30.375,46.458333333333336
2022-12-15,1.1666666666666667,0.8125,62.91666666666666,0.0,0.2291666666666666,34.0,15.5
2022-12-16,71.24166666666666,47.65833333333333,969.4583333333334,47.12916666666666,41.708333333333336,79.08333333333333,71.625
2022-12-17,79.60000000000001,52.82083333333333,1176.375,60.65416666666667,58.85,67.125,139.20833333333334
2022-12-18,113.27083333333331,77.22083333333333,1500.5,78.07916666666667,70.04166666666667,66.66666666666667,154.75
2022-12-19,108.06666666666666,71.14166666666667,1267.3333333333333,71.62916666666666,69.96666666666667,67.83333333333333,159.41666666666666
2022-12-20,75.21249999999999,47.22916666666666,1149.5833333333333,57.93333333333334,52.23333333333333,68.70833333333333,151.16666666666666
2022-12-21,84.46249999999999,53.93333333333334,754.125,47.2125,40.50833333333333,64.20833333333333,135.95833333333334
2022-12-22,59.36666666666667,37.66666666666666,587.375,32.025,33.55833333333333,72.45833333333333,124.45833333333331
2022-12-23,91.00833333333333,57.36666666666667,985.4583333333334,55.958333333333336,55.26666666666667,52.75,138.45833333333334
2022-12-24,68.20833333333333,44.00833333333333,762.2916666666666,48.6625,48.35833333333333,63.208333333333336,122.5
2022-12-25,86.35000000000001,58.10416666666666,716.4166666666666,35.1,40.79583333333333,92.75,135.20833333333334
2022-12-26,113.70416666666668,76.85000000000001,993.2916666666666,51.78333333333333,54.125,75.375,157.375
2022-12-27,101.10833333333332,67.91666666666667,763.4166666666666,31.15833333333333,45.11666666666667,88.0,158.875
2022-12-28,143.21666666666667,92.5,1454.7083333333333,56.675,72.72083333333333,106.70833333333331,166.08333333333334
2022-12-29,74.40833333333333,44.18333333333334,810.5,32.483333333333334,35.1625,98.79166666666669,159.375
2022-12-30,61.47916666666666,34.4,516.5833333333334,24.15,35.725,74.875,96.70833333333331
2022-12-31,76.20416666666667,48.19166666666666,659.3333333333334,26.879166666666663,39.72916666666666,99.45833333333331,114.125
2023-01-01,69.53750000000001,38.4625,782.7083333333334,36.35416666666666,33.37916666666667,84.91666666666667,129.58333333333334
2023-01-02,98.88333333333333,59.99166666666667,905.7083333333334,47.24166666666667,49.3625,71.70833333333333,119.41666666666669
2023-01-03,77.68333333333334,51.5125,542.7083333333334,25.275,27.15416666666667,80.125,153.0
2023-01-04,60.7875,40.72083333333333,466.625,18.004166666666666,25.825,94.54166666666669,117.20833333333331
2023-01-05,63.775,43.60833333333333,487.625,14.416666666666666,28.4625,103.04166666666669,119.95833333333331
2023-01-06,67.63333333333334,46.22083333333333,515.0833333333334,14.479166666666666,31.416666666666668,108.25,121.75
2023-01-07,73.10416666666667,50.18333333333334,682.1666666666666,24.09583333333333,39.6125,101.625,132.08333333333334
2023-01-08,125.82916666666668,87.09583333333335,1645.7916666666667,70.9875,82.81666666666666,104.625,144.625
2023-01-09,128.42083333333332,87.19583333333333,1781.0833333333333,81.33333333333333,80.41250000000001,93.375,173.375
2023-01-10,162.80416666666667,110.39166666666668,2022.9583333333333,88.10000000000001,84.10833333333333,79.41666666666667,172.33333333333334
2023-01-11,54.75,30.45,667.0833333333334,29.054166666666664,25.629166666666663,76.79166666666667,153.83333333333334
2023-01-12,77.04166666666667,24.604166666666668,348.0416666666667,17.087500000000002,18.65,68.5,77.875
2023-01-13,62.78333333333333,33.55833333333333,615.6666666666666,30.266666666666666,28.516666666666666,81.54166666666667,80.08333333333333
2023-01-14,46.44583333333333,27.5875,589.8333333333334,32.737500000000004,23.4625,68.83333333333333,98.66666666666669
2023-01-15,67.01666666666667,42.52916666666667,765.375,32.82083333333333,38.59583333333333,85.95833333333333,92.66666666666669
2023-01-16,96.44166666666666,60.375,738.2916666666666,35.270833333333336,60.37083333333334,76.83333333333333,135.625
2023-01-17,117.58333333333331,79.125,1056.25,47.25,59.9125,93.125,156.125
2023-01-18,147.65833333333333,101.02083333333331,1448.25,78.37083333333334,57.18333333333334,63.41666666666666,168.33333333333334
2023-01-19,99.225,66.89999999999999,839.875,42.19166666666667,30.99166666666667,77.25,170.33333333333334
2023-01-20,83.5125,54.833333333333336,676.2083333333334,22.558333333333334,30.8125,109.08333333333331,145.375
2023-01-21,72.61666666666666,48.16666666666666,678.625,25.5875,36.13333333333333,96.41666666666669,147.875
2023-01-22,75.94583333333334,50.04166666666666,862.1666666666666,37.94166666666667,45.25416666666666,84.45833333333333,132.58333333333334
2023-01-23,53.49583333333334,34.68333333333333,722.4583333333334,33.233333333333334,32.0875,71.125,118.0
2023-01-24,78.99166666666666,50.55,869.5,41.43333333333333,40.18333333333333,82.83333333333333,118.54166666666669
2023-01-25,69.38333333333334,41.329166666666666,718.0833333333334,37.67083333333333,39.61666666666667,80.70833333333333,113.33333333333331
2023-01-26,49.2875,31.70833333333333,483.7083333333333,24.64583333333333,31.058333333333334,82.625,114.29166666666669
2023-01-27,51.97916666666666,34.92916666666667,452.7083333333333,17.658333333333335,25.27083333333333,104.54166666666669,91.25
2023-01-28,65.15833333333333,44.30416666666667,626.125,32.583333333333336,27.58333333333333,96.25,104.75
2023-01-29,57.925,38.5625,743.5833333333334,40.78333333333333,33.729166666666664,75.25,133.20833333333334
2023-01-30,91.62083333333334,58.92916666666667,1110.1666666666667,49.82916666666667,49.3375,91.66666666666669,101.16666666666669
2023-01-31,81.39999999999999,53.96666666666667,655.3333333333334,28.725,29.42083333333333,89.75,155.625
2023-02-01,75.91666666666667,51.395833333333336,823.5,33.02916666666667,35.6625,107.33333333333331,145.95833333333334
2023-02-02,142.32500000000002,98.3375,1881.1666666666667,74.78333333333333,77.6125,138.79166666666666,156.91666666666666
2023-02-03,126.53333333333336,87.45833333333333,1975.0416666666667,97.48333333333332,73.45416666666667,83.83333333333333,174.0
2023-02-04,103.47083333333336,68.09166666666667,1397.375,57.4875,48.8,115.125,171.75
2023-02-05,63.26666666666667,35.770833333333336,715.75,29.320833333333336,24.54583333333333,79.45833333333333,140.08333333333334
2023-02-06,98.49583333333334,53.4875,819.3333333333334,33.7625,28.425,124.66666666666669,126.04166666666669
2023-02-07,179.6208333333333,115.6875,1715.9166666666667,72.40416666666667,54.36666666666667,149.83333333333334,198.375
2023-02-08,76.825,44.57083333333333,826.875,37.425,31.075,87.125,161.54166666666666
2023-02-09,57.3625,32.6375,510.7083333333333,20.766666666666666,20.7625,83.875,111.875
2023-02-10,46.81666666666666,24.7125,357.9166666666667,13.2,14.633333333333333,91.625,86.41666666666667
2023-02-11,108.475,68.0125,915.25,37.66666666666666,33.45,107.45833333333331,107.875
2023-02-12,73.97500000000001,43.00833333333333,730.9583333333334,43.575,28.183333333333334,62.79166666666666,151.91666666666666
2023-02-13,87.04166666666667,56.23333333333333,900.4583333333334,37.25833333333333,37.8875,127.75,131.58333333333334
2023-02-14,76.15833333333333,44.4125,884.2916666666666,34.862500000000004,32.266666666666666,119.45833333333331,159.5
2023-02-15,99.47083333333336,60.95,1277.3333333333333,52.875,47.84583333333333,111.54166666666669,155.875
2023-02-16,68.41250000000001,42.16666666666666,929.5416666666666,43.41666666666666,33.520833333333336,79.375,141.91666666666666
2023-02-17,85.44583333333333,56.1,1069.5416666666667,46.020833333333336,36.083333333333336,107.25,143.375
2023-02-18,120.65416666666664,82.46249999999999,1370.375,52.67916666666667,42.95,142.16666666666666,185.16666666666663
2023-02-19,72.48333333333333,44.6125,993.8333333333334,42.42083333333333,36.74583333333333,94.66666666666669,161.29166666666666
2023-02-20,57.55416666666667,30.7875,628.0416666666666,26.566666666666663,23.445833333333336,92.25,105.95833333333331
2023-02-21,79.89166666666667,48.05416666666667,829.0416666666666,33.833333333333336,28.7875,116.875,120.70833333333331
2023-02-22,41.56666666666667,22.29583333333333,389.0,16.454166666666666,13.658333333333331,98.54166666666669,109.66666666666669
2023-02-23,51.5625,28.445833333333336,542.9583333333334,25.8375,21.2,96.66666666666669,74.83333333333333
2023-02-24,69.85833333333333,32.88333333333333,623.0416666666666,26.6625,23.695833333333336,97.08333333333331,95.91666666666669
2023-02-25,56.52916666666667,27.8375,575.7083333333334,28.4375,20.945833333333333,61.54166666666666,90.16666666666669
2023-02-26,49.2375,30.22083333333333,630.125,30.379166666666663,24.28333333333333,68.20833333333333,84.375
2023-02-27,69.37916666666666,42.50416666666667,896.9583333333334,38.49166666666667,32.708333333333336,95.70833333333331,118.16666666666669
2023-02-28,66.07083333333334,39.65,799.875,37.35833333333333,28.933333333333334,81.66666666666667,118.91666666666669
2023-03-01,115.99583333333334,74.14999999999999,937.25,36.54583333333333,27.78333333333333,100.08333333333331,129.5
2023-03-02,96.0,63.07083333333333,681.375,23.683333333333334,27.79583333333333,126.375,162.54166666666666
2023-03-03,110.4375,73.59583333333333,699.625,28.33333333333333,32.69583333333333,130.20833333333334,169.79166666666666
2023-03-04,90.40416666666664,60.5125,750.4583333333334,25.916666666666668,29.6875,141.29166666666666,174.54166666666666
2023-03-05,115.97916666666669,79.8625,1175.5833333333333,38.32083333333333,36.21666666666666,157.375,189.41666666666663
2023-03-06,118.52083333333331,79.9875,1318.25,41.49583333333333,43.25833333333333,171.04166666666666,201.20833333333331
2023-03-07,103.4625,66.08749999999999,1305.4583333333333,49.8375,49.62083333333334,137.91666666666666,184.58333333333331
2023-03-08,153.07916666666668,103.22916666666669,1606.9583333333333,53.3125,60.46666666666667,191.75,190.83333333333331
2023-03-09,175.01666666666665,119.77083333333331,1663.1666666666667,55.7875,44.05416666666667,200.625,208.41666666666663
2023-03-10,126.19166666666666,87.0625,1358.25,55.7125,44.6875,179.83333333333334,214.625
2023-03-11,100.3875,68.7625,1373.5,63.04166666666666,51.11666666666667,99.58333333333331,160.83333333333334
2023-03-12,84.3125,57.55833333333334,1294.2083333333333,61.59166666666667,50.875,76.70833333333333,154.875
2023-03-13,73.71666666666667,48.26666666666667,1136.0833333333333,46.52916666666667,47.395833333333336,113.66666666666669,158.16666666666666
2023-03-14,49.75833333333333,31.441666666666663,830.75,40.4875,36.49583333333333,63.25,114.625
2023-03-15,45.49583333333334,25.133333333333336,448.75,18.6125,19.120833333333334,73.95833333333333,87.79166666666667
2023-03-16,42.55416666666667,23.383333333333336,505.875,21.691666666666663,20.216666666666665,74.41666666666667,76.70833333333333
2023-03-17,44.77916666666667,26.2875,623.5416666666666,27.92083333333333,25.96666666666667,83.54166666666667,80.70833333333333
2023-03-18,84.5625,54.36666666666667,912.9583333333334,38.208333333333336,43.375,128.70833333333334,135.375
2023-03-19,73.6375,44.85833333333333,752.2083333333334,30.6625,40.99166666666667,123.33333333333331,161.45833333333334
2023-03-20,51.3125,25.8625,523.5416666666666,22.59583333333333,26.20833333333333,84.54166666666667,103.58333333333331
2023-03-21,39.99166666666667,18.6625,363.0,15.295833333333334,14.8625,67.125,70.20833333333333
2023-03-22,34.4375,18.65833333333333,358.3333333333333,14.833333333333334,14.354166666666666,67.16666666666667,64.0
2023-03-23,40.0875,18.525,319.0416666666667,13.841666666666669,11.975,59.125,64.79166666666667
2023-03-24,49.10416666666666,18.383333333333333,265.3333333333333,10.508333333333333,7.975,114.29166666666669,70.375
2023-03-25,47.025,20.916666666666668,320.3333333333333,12.404166666666669,9.983333333333333,112.875,72.16666666666667
2023-03-26,57.45416666666667,30.20833333333333,597.8333333333334,24.79583333333333,21.7125,111.58333333333331,93.875
2023-03-27,56.34166666666667,31.6625,650.4583333333334,29.429166666666664,25.620833333333334,100.45833333333331,101.125
2023-03-28,48.98333333333333,25.52083333333333,381.7916666666667,14.058333333333332,15.9625,94.79166666666669,88.79166666666667
2023-03-29,50.91666666666666,21.429166666666664,308.9166666666667,10.504166666666666,12.520833333333334,80.625,72.70833333333333
2023-03-30,56.525000000000006,23.054166666666664,316.0416666666667,10.9125,13.470833333333331,112.0,78.125
2023-03-31,48.625,23.34166666666667,288.2916666666667,8.958333333333334,9.9375,112.45833333333331,78.54166666666667
2023-04-01,37.97083333333333,19.39583333333333,168.04166666666666,3.4625,5.145833333333333,96.33333333333331,71.70833333333333
2023-04-02,41.00833333333333,20.47083333333333,299.625,8.674999999999999,11.5,96.375,65.54166666666667
2023-04-03,47.59583333333333,21.075,321.5833333333333,11.566666666666668,13.183333333333332,83.58333333333333,68.04166666666667
2023-04-04,33.575,16.787499999999998,373.9583333333333,14.029166666666669,13.058333333333332,111.83333333333331,82.41666666666667
2023-04-05,29.883333333333336,16.5625,435.625,17.425,15.020833333333334,116.41666666666669,77.79166666666667
2023-04-06,38.725,20.229166666666668,499.8333333333333,22.7125,18.025,103.875,73.625
2023-04-07,48.125,27.566666666666663,710.5833333333334,29.766666666666666,25.541666666666668,111.79166666666669,96.66666666666669
2023-04-08,64.03333333333333,38.3375,740.5,27.0125,25.266666666666666,126.375,128.95833333333334
2023-04-09,44.1375,22.875,532.625,22.4625,21.7625,83.79166666666667,93.16666666666669
2023-04-10,51.80416666666667,27.8625,730.9166666666666,33.32083333333333,36.891666666666666,74.04166666666667,80.375
2023-04-11,46.425,24.616666666666664,684.4166666666666,31.191666666666663,28.704166666666666,75.29166666666667,83.16666666666667
2023-04-12,69.96249999999999,39.895833333333336,696.9583333333334,25.79583333333333,25.354166666666668,115.54166666666669,123.66666666666669
2023-04-13,50.895833333333336,26.879166666666663,590.4166666666666,24.27083333333333,22.83333333333333,79.04166666666667,101.0
2023-04-14,40.6125,20.7375,508.9166666666667,21.554166666666664,20.98333333333333,66.125,74.45833333333333
2023-04-15,63.8375,29.504166666666663,666.375,29.4125,30.7375,73.70833333333333,78.375
2023-04-16,50.7875,23.554166666666664,531.9583333333334,22.254166666666663,22.70833333333333,86.70833333333333,83.625
2023-04-17,47.7875,21.245833333333334,471.25,19.654166666666665,19.133333333333333,99.45833333333331,80.83333333333333
2023-04-18,54.2875,28.629166666666663,534.75,23.1125,19.75,79.45833333333333,77.33333333333333
2023-04-19,62.70416666666667,32.666666666666664,576.125,23.90416666666667,21.316666666666663,91.5,92.54166666666669
2023-04-20,53.52916666666667,26.870833333333334,459.8333333333333,18.0125,16.320833333333333,106.625,99.58333333333331
2023-04-21,40.6,20.1,388.6666666666667,15.316666666666665,14.2,72.625,75.0
2023-04-22,48.87083333333334,23.8375,445.9583333333333,17.645833333333332,18.091666666666665,90.58333333333331,79.29166666666667
2023-04-23,44.3125,23.245833333333334,563.4583333333334,23.90416666666667,22.6875,78.20833333333333,78.95833333333333
2023-04-24,52.6375,28.40416666666667,640.5,29.17083333333333,25.1875,60.04166666666666,80.45833333333333
2023-04-25,51.92083333333333,28.679166666666664,545.875,22.304166666666664,20.304166666666667,67.33333333333333,85.875
2023-04-26,47.4,24.241666666666664,419.0,16.283333333333335,15.55,81.79166666666667,81.5
2023-04-27,30.64583333333333,15.5625,305.375,10.679166666666667,10.554166666666667,66.375,66.54166666666667
2023-04-28,31.191666666666663,15.583333333333334,323.875,12.05,12.158333333333331,70.58333333333333,58.375
2023-04-29,29.65,15.779166666666669,384.0416666666667,13.683333333333332,18.1,88.33333333333333,68.16666666666667
2023-04-30,33.99583333333333,17.3875,391.125,15.354166666666666,19.454166666666666,88.0,69.04166666666667
2023-05-01,35.09583333333333,20.216666666666665,398.6666666666667,15.3625,16.599999999999998,91.33333333333331,72.625
2023-05-02,35.0,19.2,430.0,16.704166666666666,17.820833333333333,79.08333333333333,68.83333333333333
2023-05-03,29.191666666666663,15.191666666666668,421.0,17.108333333333334,17.779166666666665,71.08333333333333,60.375
2023-05-04,41.7625,20.15833333333333,481.2083333333333,20.825,23.375,68.79166666666667,62.125
2023-05-05,45.50416666666666,20.058333333333334,442.25,18.55,19.55,71.91666666666667,67.79166666666667
2023-05-06,40.87083333333333,20.5375,422.0833333333333,17.925,17.908333333333335,73.95833333333333,68.16666666666667
2023-05-07,48.3875,21.029166666666665,352.25,14.166666666666666,15.058333333333332,65.66666666666667,69.58333333333333
2023-05-08,43.325,21.59583333333333,439.2083333333333,19.0,19.35,70.45833333333333,68.75
2023-05-09,56.97083333333333,29.704166666666666,609.8333333333334,27.0,29.166666666666668,67.5,81.125
2023-05-10,48.5375,27.4,647.4166666666666,28.5625,26.825,84.20833333333333,93.20833333333331
2023-05-11,47.925,25.60833333333333,488.0,19.654166666666665,20.341666666666665,87.25,88.83333333333333
2023-05-12,30.09583333333333,18.22083333333333,445.875,17.599999999999998,20.8375,68.58333333333333,71.375
2023-05-13,30.741666666666664,17.95,514.625,21.416666666666668,24.0375,60.833333333333336,63.04166666666666
2023-05-14,29.28333333333333,15.041666666666666,300.5,10.1,14.3875,59.875,60.833333333333336
2023-05-15,34.645833333333336,16.358333333333334,263.2916666666667,10.016666666666667,13.170833333333333,57.333333333333336,56.833333333333336
2023-05-16,33.53333333333333,17.654166666666665,243.58333333333331,9.295833333333333,10.8375,50.5,60.208333333333336
2023-05-17,34.50416666666667,16.791666666666668,205.875,7.458333333333333,8.745833333333334,53.333333333333336,63.208333333333336
2023-05-18,35.63333333333333,15.329166666666666,270.0833333333333,11.058333333333332,11.479166666666666,55.66666666666666,57.66666666666666
2023-05-19,42.3375,16.875,308.6666666666667,12.75,13.625,53.29166666666666,58.125
2023-05-20,35.625,15.129166666666668,237.70833333333331,8.895833333333334,9.833333333333334,51.375,58.75
2023-05-21,38.05,16.570833333333333,223.125,7.783333333333334,8.904166666666667,52.16666666666666,58.125
2023-05-22,37.29166666666666,15.925,234.79166666666663,8.512500000000001,9.508333333333333,54.208333333333336,59.833333333333336
2023-05-23,32.27916666666667,15.8,294.3333333333333,12.466666666666669,12.9625,47.79166666666666,56.79166666666666
2023-05-24,34.266666666666666,17.849999999999998,308.5,12.05,13.408333333333331,53.458333333333336,61.083333333333336
2023-05-25,34.9625,18.308333333333334,271.0,9.258333333333333,11.016666666666666,50.375,62.083333333333336
2023-05-26,33.670833333333334,17.5,256.9583333333333,9.2625,10.445833333333333,45.833333333333336,63.875
2023-05-27,33.86666666666667,17.75,283.4166666666667,11.0625,12.516666666666666,45.66666666666666,60.79166666666666
2023-05-28,28.4625,14.495833333333332,290.6666666666667,11.35,13.370833333333332,44.583333333333336,59.875
2023-05-29,25.95,13.258333333333333,294.8333333333333,11.7625,14.520833333333334,42.41666666666666,54.66666666666666
2023-05-30,27.416666666666668,13.3625,252.29166666666663,10.0375,11.266666666666666,43.75,51.583333333333336
2023-05-31,23.070833333333336,13.0375,216.41666666666663,8.358333333333333,9.654166666666669,41.54166666666666,52.958333333333336
2023-06-01,27.09583333333333,14.408333333333331,205.75,7.233333333333333,8.041666666666666,45.25,52.125
2023-06-02,31.616666666666664,15.904166666666669,278.0416666666667,10.695833333333333,12.0375,54.79166666666666,59.083333333333336
2023-06-03,33.28333333333333,15.45,303.9583333333333,12.429166666666667,13.654166666666669,58.04166666666666,56.375
2023-06-04,47.32083333333333,19.79583333333333,334.6666666666667,13.375,15.120833333333332,67.75,61.54166666666666
2023-06-05,39.50416666666667,16.891666666666666,295.25,12.370833333333332,13.529166666666669,58.04166666666666,64.41666666666667
2023-06-06,37.24583333333333,17.966666666666665,347.5416666666667,15.358333333333333,16.0,61.41666666666666,60.41666666666666
2023-06-07,42.48333333333333,20.179166666666667,361.0833333333333,15.8,18.116666666666667,60.04166666666666,65.45833333333333
2023-06-08,34.90833333333333,16.045833333333334,245.08333333333331,9.145833333333334,11.5375,58.125,63.66666666666666
2023-06-09,42.10416666666666,18.616666666666667,219.25,7.9875,9.2875,52.41666666666666,59.708333333333336
2023-06-10,37.325,16.695833333333333,243.0,9.579166666666667,11.329166666666666,54.75,65.54166666666667
2023-06-11,35.11666666666667,21.8625,515.625,25.17083333333333,26.066666666666663,61.708333333333336,60.79166666666666
2023-06-12,93.07083333333333,61.19583333333333,790.375,27.42083333333333,34.458333333333336,147.41666666666666,149.33333333333334
2023-06-13,33.204166666666666,14.308333333333332,216.875,12.070833333333333,18.5375,61.29166666666666,117.83333333333331
2023-06-14,46.71666666666667,19.70833333333333,177.66666666666666,8.833333333333334,14.1875,63.75,60.79166666666666
2023-06-15,38.275,17.620833333333334,171.5,8.416666666666666,11.9875,55.458333333333336,67.29166666666667
2023-06-16,40.48333333333333,21.166666666666668,296.875,14.558333333333332,13.483333333333334,66.29166666666667,59.04166666666666
2023-06-17,63.02916666666667,24.991666666666664,254.58333333333331,10.3,11.65,61.04166666666666,76.70833333333333
2023-06-18,71.50833333333334,27.979166666666668,220.08333333333331,8.025,8.604166666666666,59.875,81.45833333333333
2023-06-19,71.18333333333334,26.42083333333333,206.91666666666663,7.125,8.137500000000001,62.41666666666666,83.83333333333333
2023-06-20,67.47916666666667,24.229166666666668,205.375,7.1000000000000005,8.208333333333334,66.25,77.5
2023-06-21,65.55416666666666,23.316666666666663,224.83333333333331,8.420833333333333,9.5,61.208333333333336,75.66666666666667
2023-06-22,54.5,20.675,224.125,8.5375,9.975,57.625,71.08333333333333
2023-06-23,56.81666666666666,21.2125,210.70833333333331,7.983333333333333,9.466666666666669,55.79166666666666,69.20833333333333
2023-06-24,51.25416666666666,20.891666666666666,221.25,8.558333333333334,10.108333333333333,53.375,69.08333333333333
2023-06-25,47.65833333333333,19.9375,252.29166666666663,9.5,11.633333333333333,58.54166666666666,66.875
2023-06-26,50.48333333333333,21.7125,267.7916666666667,9.433333333333334,13.425,63.04166666666666,69.125
2023-06-27,63.80833333333334,24.120833333333334,246.25,8.891666666666667,11.779166666666669,64.125,72.58333333333333
2023-06-28,58.1125,21.1375,159.91666666666666,6.666666666666667,4.366666666666666,54.875,74.75
2023-06-29,38.891666666666666,15.095833333333331,148.625,6.191666666666666,3.7875,51.66666666666666,63.333333333333336
2023-06-30,45.69166666666666,17.712500000000002,147.83333333333334,5.841666666666666,3.5,49.958333333333336,56.958333333333336
2023-07-01,72.8125,24.804166666666664,150.875,6.491666666666667,4.016666666666667,50.5,69.91666666666667
2023-07-02,94.50416666666666,25.6,165.25,7.875,5.291666666666667,58.458333333333336,79.20833333333333
2023-07-03,114.375,25.02083333333333,156.0,8.145833333333334,5.541666666666667,55.875,77.83333333333333
2023-07-04,107.65416666666664,25.89583333333333,156.25,6.6375,4.908333333333333,57.208333333333336,80.83333333333333
2023-07-05,101.9125,27.39583333333333,147.70833333333334,5.9750000000000005,4.316666666666666,64.54166666666667,81.20833333333333
2023-07-06,142.74166666666667,34.541666666666664,181.0,8.854166666666666,6.308333333333334,68.91666666666667,87.33333333333333
2023-07-07,137.5375,31.6375,190.83333333333331,10.195833333333333,6.241666666666667,62.41666666666666,96.16666666666669
2023-07-08,201.79166666666663,38.95,193.75,11.008333333333333,5.716666666666666,61.91666666666666,103.0
2023-07-09,209.97916666666663,36.579166666666666,175.875,9.320833333333333,5.5,63.333333333333336,127.25
2023-07-10,142.59583333333333,29.266666666666666,144.125,6.704166666666667,4.4750000000000005,58.208333333333336,117.83333333333331
2023-07-11,113.32916666666668,29.65416666666667,148.625,6.391666666666667,4.1875,58.875,87.16666666666667
2023-07-12,116.82916666666668,28.075,140.04166666666666,5.8875,3.8666666666666663,56.625,86.58333333333333
2023-07-13,121.05833333333334,25.870833333333334,134.25,5.7875000000000005,3.85,57.25,82.95833333333333
2023-07-14,109.4125,28.77083333333333,131.08333333333334,5.591666666666666,3.9125,54.75,83.29166666666667
2023-07-15,89.37916666666666,27.7625,127.29166666666669,5.6125,3.6375,51.458333333333336,83.66666666666667
2023-07-16,108.42916666666667,34.525,141.0,6.075,3.720833333333333,54.208333333333336,91.58333333333331
2023-07-17,97.9875,29.433333333333334,152.0,6.833333333333333,4.3875,56.0,93.625
2023-07-18,79.39166666666667,24.34166666666667,149.33333333333334,6.775,4.4125000000000005,53.958333333333336,82.75
2023-07-19,75.69166666666666,22.329166666666666,142.83333333333334,7.270833333333333,4.570833333333334,54.083333333333336,71.83333333333333
2023-07-20,110.34583333333336,28.179166666666664,182.5,10.595833333333331,6.9,55.41666666666666,78.45833333333333
2023-07-21,77.78750000000001,21.0,178.20833333333334,9.55,6.145833333333333,52.16666666666666,77.875
2023-07-22,85.2,22.870833333333334,187.0,10.070833333333333,6.0875,59.375,69.375
2023-07-23,41.1125,18.95,279.4166666666667,14.604166666666666,9.054166666666667,75.91666666666667,70.29166666666667
2023-07-24,24.0,15.116666666666667,309.5,15.891666666666666,10.125,81.54166666666667,61.66666666666666
2023-07-25,57.37083333333334,24.066666666666663,287.3333333333333,21.4125,9.0875,51.875,62.41666666666666
2023-07-26,49.2125,22.508333333333336,261.4166666666667,17.425,9.5875,61.958333333333336,76.125
2023-07-27,53.0875,20.125,184.5,10.5875,4.5625,51.75,71.91666666666667
2023-07-28,55.93333333333334,19.704166666666666,163.83333333333334,8.15,3.7916666666666665,46.5,65.79166666666667
2023-07-29,75.26666666666667,20.40833333333333,148.95833333333334,8.633333333333335,3.7125,42.333333333333336,65.04166666666667
2023-07-30,85.98333333333333,23.104166666666668,163.79166666666666,9.8,4.0625,41.5,72.29166666666667
2023-07-31,77.63333333333334,21.4,163.875,9.4875,4.154166666666667,39.708333333333336,71.04166666666667
2023-08-01,72.02499999999999,20.725,160.83333333333334,8.770833333333334,3.9875,42.708333333333336,70.45833333333333
2023-08-02,68.73333333333333,21.20833333333333,157.08333333333334,7.5375,3.716666666666667,48.79166666666666,68.625
2023-08-03,91.36666666666667,23.95,156.79166666666666,7.529166666666666,4.0625,51.208333333333336,71.08333333333333
2023-08-04,109.07083333333333,26.754166666666663,159.625,8.529166666666667,4.495833333333334,50.958333333333336,80.625
2023-08-05,108.2625,23.229166666666668,151.20833333333334,7.195833333333333,4.241666666666666,55.083333333333336,77.20833333333333
2023-08-06,100.2875,23.48333333333333,142.0,5.845833333333334,3.3708333333333336,50.04166666666666,78.08333333333333
2023-08-07,101.7625,26.541666666666668,145.5,5.804166666666667,3.0708333333333333,48.79166666666666,76.08333333333333
2023-08-08,66.89166666666667,21.92083333333333,139.16666666666666,6.270833333333333,3.3666666666666667,48.125,76.04166666666667
2023-08-09,58.833333333333336,20.058333333333334,145.45833333333334,6.504166666666666,3.5666666666666664,46.583333333333336,70.20833333333333
2023-08-10,54.11666666666667,18.725,146.33333333333334,7.166666666666667,3.670833333333333,46.083333333333336,64.83333333333333
2023-08-11,55.42083333333333,19.4625,138.875,7.208333333333333,3.6916666666666655,45.708333333333336,66.04166666666667
2023-08-12,50.42083333333333,18.53333333333333,136.20833333333334,6.2250000000000005,3.3166666666666664,44.833333333333336,64.875
2023-08-13,56.2375,18.9375,135.375,6.191666666666666,3.275,46.583333333333336,64.33333333333333
2023-08-14,54.30416666666667,17.6375,136.70833333333334,7.2875,3.8875,49.04166666666666,63.0
2023-08-15,58.35833333333333,16.229166666666668,136.375,8.125,4.758333333333334,46.29166666666666,61.708333333333336
2023-08-16,49.74583333333334,13.9,151.875,7.295833333333333,4.358333333333333,44.833333333333336,55.875
2023-08-17,34.02916666666667,13.7625,140.58333333333334,5.879166666666666,3.2125,39.79166666666666,53.708333333333336
2023-08-18,43.9125,16.258333333333333,138.54166666666666,5.75,3.108333333333333,42.75,56.16666666666666
2023-08-19,59.07916666666667,15.691666666666668,132.25,6.354166666666667,3.5125,49.208333333333336,57.958333333333336
2023-08-20,63.86666666666667,15.329166666666666,125.91666666666669,7.316666666666666,4.0,47.0,58.25
2023-08-21,53.2375,14.479166666666666,127.79166666666669,6.466666666666666,3.6833333333333336,44.708333333333336,56.04166666666666
2023-08-22,40.80833333333333,14.620833333333332,128.08333333333334,6.366666666666667,3.5083333333333333,41.708333333333336,55.0
2023-08-23,40.0,15.866666666666667,142.08333333333334,7.016666666666667,3.3000000000000003,38.5,57.04166666666666
2023-08-24,42.4625,16.654166666666665,145.5,7.633333333333333,3.525,39.958333333333336,58.208333333333336
2023-08-25,48.26666666666667,17.983333333333334,133.29166666666666,8.358333333333333,3.954166666666667,43.29166666666666,62.91666666666666
2023-08-26,46.2625,16.383333333333333,127.54166666666669,7.816666666666666,4.041666666666667,40.875,60.208333333333336
2023-08-27,39.97916666666666,15.591666666666669,133.83333333333334,7.929166666666667,4.0375000000000005,39.833333333333336,58.75
2023-08-28,51.01666666666667,18.820833333333333,138.66666666666666,6.925,3.545833333333333,44.79166666666666,60.0
2023-08-29,42.47083333333333,16.445833333333333,148.375,7.954166666666667,4.083333333333333,43.208333333333336,64.125
2023-08-30,54.520833333333336,15.725,148.70833333333334,8.695833333333333,4.8875,46.91666666666666,58.5
2023-08-31,72.08333333333333,16.925,140.45833333333334,8.9,5.170833333333333,45.625,57.79166666666666
2023-09-01,78.8875,17.979166666666668,163.33333333333334,11.120833333333332,5.879166666666666,45.91666666666666,62.333333333333336
2023-09-02,77.6125,18.425,149.95833333333334,8.770833333333334,4.95,49.458333333333336,62.75
2023-09-03,61.895833333333336,19.4125,147.70833333333334,7.491666666666667,4.220833333333333,46.79166666666666,64.83333333333333
2023-09-04,62.98333333333333,21.73333333333333,153.08333333333334,7.845833333333334,3.9125,45.54166666666666,67.83333333333333
2023-09-05,60.74583333333334,20.54583333333333,165.0,9.441666666666666,4.779166666666667,46.5,69.75
2023-09-06,76.97916666666667,23.48333333333333,183.875,11.866666666666667,5.966666666666666,51.75,72.41666666666667
2023-09-07,66.2625,20.191666666666663,153.95833333333334,9.383333333333336,4.5875,50.5,69.79166666666667
2023-09-08,64.8625,21.320833333333333,157.41666666666666,8.200000000000001,4.083333333333333,50.125,69.5
2023-09-09,49.3625,16.108333333333334,154.91666666666666,7.725,3.9125,46.958333333333336,64.625
2023-09-10,32.77916666666667,14.170833333333334,152.16666666666666,7.337499999999999,3.766666666666667,48.41666666666666,55.375
2023-09-11,37.204166666666666,16.070833333333333,130.08333333333334,6.791666666666667,3.6125,49.833333333333336,57.04166666666666
2023-09-12,35.725,16.150000000000002,119.16666666666669,6.504166666666666,3.5583333333333336,50.75,59.708333333333336
2023-09-13,35.729166666666664,16.120833333333334,134.79166666666666,7.333333333333333,3.883333333333333,48.75,57.125
2023-09-14,40.9875,17.6375,156.625,9.05,4.883333333333334,43.125,60.875
2023-09-15,43.2625,17.349999999999998,167.33333333333334,10.666666666666666,5.879166666666666,43.66666666666666,63.583333333333336
2023-09-16,37.7875,16.104166666666668,145.20833333333334,8.408333333333333,4.829166666666667,44.25,57.04166666666666
2023-09-17,58.71666666666667,20.604166666666668,157.95833333333334,9.4,5.141666666666667,48.875,64.58333333333333
2023-09-18,74.40416666666667,19.64583333333333,184.75,11.254166666666668,5.375,51.29166666666666,66.79166666666667
2023-09-19,72.52499999999999,22.370833333333334,249.08333333333331,15.754166666666668,6.158333333333334,55.625,66.58333333333333
2023-09-20,65.76666666666667,24.0875,309.0416666666667,21.71666666666667,6.508333333333333,42.91666666666666,76.625
2023-09-21,44.425,19.904166666666665,330.3333333333333,20.6,10.154166666666669,73.04166666666667,75.33333333333333
2023-09-22,73.58749999999999,24.575,298.5833333333333,21.629166666666663,10.054166666666667,57.16666666666666,74.125
2023-09-23,92.40416666666664,24.866666666666664,199.66666666666663,13.5375,6.283333333333334,52.333333333333336,73.875
2023-09-24,196.775,42.2,185.375,10.154166666666669,4.804166666666666,58.91666666666666,91.66666666666669
2023-09-25,294.4833333333333,70.67916666666666,232.16666666666663,13.583333333333334,5.6875,65.29166666666667,146.95833333333334
2023-09-26,229.875,61.62916666666666,496.5416666666667,29.620833333333334,11.8375,68.25,171.29166666666666
2023-09-27,139.07500000000002,37.125,298.5416666666667,20.6375,10.266666666666667,72.70833333333333,120.25
2023-09-28,86.16666666666667,29.9375,278.0416666666667,19.066666666666663,6.95,63.333333333333336,97.95833333333331
2023-09-29,104.30416666666667,29.25,252.83333333333331,15.3125,6.133333333333333,68.29166666666667,86.5
2023-09-30,155.32083333333333,40.12083333333333,373.625,24.166666666666668,8.762500000000001,74.70833333333333,98.33333333333331
2023-10-01,130.99583333333334,41.45,441.2916666666667,24.704166666666666,13.983333333333334,96.83333333333331,125.5
2023-10-02,79.1125,25.016666666666666,336.7083333333333,22.275,7.720833333333334,74.5,92.04166666666669
2023-10-03,56.55,19.54583333333333,238.0,16.3875,6.404166666666666,57.66666666666666,70.45833333333333
2023-10-04,60.17083333333333,21.96666666666667,220.04166666666663,14.25,6.0,62.0,68.16666666666667
2023-10-05,66.71249999999999,23.816666666666663,205.41666666666663,10.195833333333333,5.4625,73.29166666666667,72.04166666666667
2023-10-06,73.5625,26.85833333333333,194.95833333333331,8.450000000000001,4.429166666666666,70.04166666666667,79.0
2023-10-07,67.6,25.02916666666667,194.83333333333331,9.141666666666667,4.1625,65.375,81.25
2023-10-08,110.63333333333334,28.95833333333333,187.08333333333331,9.445833333333333,4.258333333333334,61.75,79.70833333333333
2023-10-09,99.89583333333331,26.40416666666667,172.58333333333334,8.054166666666667,3.820833333333333,62.75,85.0
2023-10-10,83.30416666666666,21.95,185.875,9.383333333333333,4.129166666666666,59.708333333333336,75.70833333333333
2023-10-11,55.4375,17.591666666666665,225.25,13.145833333333334,5.883333333333333,56.208333333333336,67.125
2023-10-12,58.85833333333333,18.8375,221.29166666666663,12.7875,6.041666666666667,55.583333333333336,62.29166666666666
2023-10-13,61.62916666666666,19.8125,219.875,13.0,5.9125000000000005,56.208333333333336,66.625
2023-10-14,58.85833333333334,20.954166666666666,196.54166666666663,11.529166666666669,4.870833333333334,55.16666666666666,67.29166666666667
2023-10-15,102.725,29.35,181.625,10.0375,4.083333333333333,54.0,75.125
2023-10-16,71.15833333333333,25.625,181.20833333333331,9.633333333333333,3.85,58.25,87.5
2023-10-17,60.79166666666666,21.379166666666663,213.66666666666663,12.179166666666667,4.691666666666666,60.125,72.08333333333333
2023-10-18,68.08333333333333,33.59166666666667,511.8333333333333,32.61666666666667,12.520833333333334,65.54166666666667,80.16666666666667
2023-10-19,89.58749999999999,43.59166666666667,661.375,40.05416666666667,12.133333333333333,76.70833333333333,115.25
2023-10-20,60.49583333333334,27.92083333333333,331.625,18.925,7.358333333333333,66.58333333333333,100.20833333333331
2023-10-21,65.25416666666666,28.95,429.3333333333333,28.0875,10.4125,61.583333333333336,82.54166666666667
2023-10-22,73.13333333333334,27.883333333333336,397.75,27.0125,7.524999999999999,50.0,85.875
2023-10-23,65.45416666666667,30.42083333333333,445.4166666666667,28.84583333333333,10.158333333333331,62.75,86.29166666666667
2023-10-24,64.94166666666666,31.766666666666666,412.4166666666667,26.40833333333333,9.75,61.875,92.29166666666669
2023-10-25,61.225,29.0375,437.7083333333333,25.704166666666666,7.654166666666666,57.66666666666666,89.75
2023-10-26,58.5625,28.3,407.2083333333333,25.27916666666667,7.45,57.625,85.125
2023-10-27,59.333333333333336,30.84583333333333,324.0416666666667,19.54583333333333,5.966666666666666,63.79166666666666,86.41666666666667
2023-10-28,63.74583333333334,29.775,339.0416666666667,21.96666666666667,8.975,69.125,89.95833333333333
2023-10-29,58.82083333333333,28.27083333333333,439.5416666666667,30.60833333333333,11.458333333333334,70.5,90.625
2023-10-30,44.61666666666667,23.329166666666666,393.75,24.683333333333334,9.166666666666666,81.45833333333333,85.41666666666667
2023-10-31,47.15416666666667,26.10833333333333,460.75,30.7125,12.479166666666666,82.70833333333333,77.75
2023-11-01,57.13333333333333,32.72083333333333,565.2083333333334,35.333333333333336,13.4,84.0,87.04166666666667
2023-11-02,71.03333333333333,40.74166666666667,609.125,30.40833333333333,15.354166666666666,101.54166666666669,117.45833333333331
2023-11-03,67.06666666666666,36.44583333333333,427.1666666666667,23.354166666666668,7.104166666666667,86.33333333333333,106.75
2023-11-04,68.39999999999999,38.425,415.625,23.354166666666668,6.791666666666667,76.83333333333333,101.75
2023-11-05,60.19583333333333,33.0625,500.25,28.52916666666667,8.120833333333334,74.66666666666667,104.16666666666669
2023-11-06,71.37916666666666,37.9125,505.375,23.89583333333333,12.433333333333332,91.29166666666669,94.95833333333331
2023-11-07,86.45,49.975,780.0833333333334,41.91666666666666,16.608333333333334,76.16666666666667,118.16666666666669
2023-11-08,104.60833333333332,61.1625,885.2916666666666,44.69583333333333,18.9,65.04166666666667,151.66666666666666
2023-11-09,98.0875,56.395833333333336,616.0416666666666,26.745833333333334,13.0,101.375,151.58333333333334
2023-11-10,62.958333333333336,29.0375,495.3333333333333,29.779166666666665,10.029166666666669,68.91666666666667,120.95833333333331
2023-11-11,34.94583333333333,22.15,451.2916666666667,24.266666666666666,13.208333333333334,72.0,75.54166666666667
2023-11-12,41.10833333333333,26.85833333333333,579.5416666666666,30.554166666666664,22.504166666666663,81.125,79.375
2023-11-13,54.04583333333333,34.1,772.9166666666666,43.80416666666667,20.54583333333333,73.66666666666667,96.58333333333331
2023-11-14,41.9875,27.179166666666664,570.5833333333334,32.09166666666667,16.858333333333334,66.16666666666667,92.08333333333331
2023-11-15,53.74166666666667,36.40416666666667,451.2916666666667,15.208333333333334,13.858333333333334,102.75,82.16666666666667
2023-11-16,72.93333333333334,49.020833333333336,529.9583333333334,18.004166666666666,17.154166666666665,103.20833333333331,122.33333333333331
2023-11-17,60.6,40.77916666666667,499.0416666666667,18.291666666666668,14.2375,96.625,127.625
2023-11-18,114.80416666666667,75.42916666666666,733.5833333333334,29.175,17.75,94.25,132.29166666666666
2023-11-19,150.23749999999998,97.7375,738.3333333333334,25.016666666666666,17.933333333333334,96.5,168.75
2023-11-20,131.475,87.15416666666665,663.75,14.970833333333331,15.220833333333331,120.875,172.125
2023-11-21,110.37083333333334,74.0125,645.7083333333334,14.708333333333334,18.0875,119.95833333333331,162.20833333333334
2023-11-22,96.88333333333333,63.8,685.7916666666666,24.21666666666667,18.52083333333333,105.66666666666669,156.5
2023-11-23,89.44583333333333,46.9375,698.5,31.05,20.679166666666667,107.45833333333331,149.83333333333334
2023-11-24,83.16666666666667,46.19583333333333,699.2083333333334,26.21666666666667,19.6,85.58333333333333,124.0
2023-11-25,84.075,55.9125,588.2083333333334,11.870833333333332,16.791666666666668,112.16666666666669,142.70833333333334
2023-11-26,85.80833333333334,55.8625,449.75,15.066666666666668,11.554166666666667,99.70833333333331,151.375
2023-11-27,80.10833333333333,52.92916666666667,596.25,19.841666666666665,16.004166666666666,86.54166666666667,133.33333333333334
2023-11-28,88.36666666666667,59.40416666666667,677.4166666666666,19.541666666666668,19.23333333333333,101.54166666666669,149.58333333333334
2023-11-29,81.61666666666666,55.0375,676.7083333333334,22.383333333333336,19.5,94.70833333333331,152.75
2023-11-30,81.79583333333333,53.12083333333334,933.0416666666666,41.708333333333336,20.954166666666666,73.20833333333333,140.91666666666666
2023-12-01,54.45,37.016666666666666,708.4166666666666,34.55833333333333,16.766666666666666,72.08333333333333,131.875
2023-12-02,60.6875,40.53333333333333,492.3333333333333,13.4375,13.695833333333333,87.375,102.54166666666669
2023-12-03,58.12083333333333,39.05833333333333,537.2916666666666,14.725,16.308333333333334,90.33333333333331,117.625
2023-12-04,59.025,38.875,534.6666666666666,17.9375,18.316666666666663,86.5,104.75
2023-12-05,45.8375,29.666666666666668,515.625,19.48333333333333,15.8875,82.08333333333333,97.91666666666669
2023-12-06,38.391666666666666,25.491666666666664,469.9583333333333,16.691666666666666,13.370833333333332,85.0,83.91666666666667
2023-12-07,41.1,27.991666666666664,492.875,17.791666666666668,14.5625,90.16666666666669,78.75
2023-12-08,42.175,28.27083333333333,600.2083333333334,27.4875,20.29583333333333,86.58333333333333,91.125
2023-12-09,54.2,22.229166666666668,520.2083333333334,34.704166666666666,12.833333333333334,63.833333333333336,77.70833333333333
2023-12-10,70.74583333333334,39.93333333333333,777.5833333333334,40.21666666666667,32.020833333333336,79.79166666666667,95.375
2023-12-11,46.42083333333333,22.85,516.75,33.112500000000004,11.508333333333333,57.708333333333336,93.125
2023-12-12,62.625,31.73333333333333,638.125,43.0875,23.72083333333333,68.04166666666667,81.125
2023-12-13,59.39166666666667,34.6625,528.125,21.3125,22.9125,82.45833333333333,99.25
2023-12-14,63.13333333333333,35.03333333333333,643.3333333333334,28.7875,22.45,80.54166666666667,97.58333333333331
2023-12-15,55.88333333333333,32.96666666666667,601.875,33.38333333333333,25.329166666666666,84.70833333333333,95.70833333333331
2023-12-16,64.60416666666667,39.55,727.5416666666666,40.7,18.379166666666663,73.04166666666667,108.375
2023-12-17,74.42083333333333,40.391666666666666,625.25,29.475,21.258333333333333,81.95833333333333,107.54166666666669
2023-12-18,49.41666666666666,29.73333333333333,467.5,12.416666666666666,16.541666666666668,92.54166666666669,97.20833333333331
2023-12-19,54.40416666666667,34.5375,541.0,15.0125,20.258333333333333,101.16666666666669,100.5
2023-12-20,43.03333333333333,27.891666666666666,499.0,18.05,19.404166666666665,95.83333333333331,89.33333333333333
2023-12-21,34.15833333333333,23.15,530.5416666666666,24.579166666666666,21.40416666666667,88.33333333333333,80.58333333333333
2023-12-22,34.75,23.875,607.7916666666666,29.575,19.1,83.33333333333333,76.95833333333333
2023-12-23,32.63333333333333,22.28333333333333,444.0416666666667,17.95,16.091666666666665,84.625,68.33333333333333
2023-12-24,66.54166666666667,45.85833333333333,658.0416666666666,11.1625,22.0625,122.45833333333331,98.29166666666669
2023-12-25,67.19166666666666,45.40416666666667,730.9583333333334,29.370833333333334,24.17083333333333,105.04166666666669,121.20833333333331
2023-12-26,78.59583333333333,52.55416666666667,929.1666666666666,32.37916666666667,22.53333333333333,101.95833333333331,149.375
2023-12-27,56.575,37.31666666666667,739.9583333333334,26.891666666666666,21.320833333333333,94.875,115.41666666666669
2023-12-28,71.42083333333333,46.79166666666666,592.4583333333334,17.333333333333332,22.77083333333333,115.5,124.75
2023-12-29,43.65833333333333,28.8875,510.9583333333333,20.4,17.079166666666666,98.70833333333331,107.95833333333331
2023-12-30,45.74166666666667,30.075,488.125,15.391666666666666,13.558333333333332,103.16666666666669,82.20833333333333
2023-12-31,62.95416666666667,40.69166666666667,570.3333333333334,15.883333333333333,19.1375,108.875,103.58333333333331
2024-01-01,57.59166666666667,38.55833333333333,679.0416666666666,17.279166666666665,22.1625,111.70833333333331,114.58333333333331
2024-01-02,60.1,40.3875,898.75,34.666666666666664,26.14583333333333,107.25,107.41666666666669
2024-01-03,64.1125,40.725,677.5416666666666,28.08333333333333,21.95,96.58333333333331,122.5
2024-01-04,61.87083333333334,38.766666666666666,495.8333333333333,16.5,15.966666666666669,106.29166666666669,104.54166666666669
2024-01-05,90.03750000000001,53.9375,642.0,21.820833333333336,19.754166666666663,100.95833333333331,131.0
2024-01-06,76.74166666666666,47.5375,633.2083333333334,14.195833333333333,18.45833333333333,106.875,140.95833333333334
2024-01-07,66.77083333333333,43.47916666666666,692.125,12.95,20.591666666666665,111.20833333333331,126.875
2024-01-08,67.23333333333333,44.3625,914.125,28.916666666666668,22.2625,104.375,116.875
2024-01-09,58.90833333333333,37.12083333333333,622.9583333333334,13.804166666666667,16.679166666666667,103.375,115.16666666666669
2024-01-10,56.46666666666667,37.125,656.5,18.8625,19.7,101.83333333333331,106.91666666666669
2024-01-11,50.4875,33.208333333333336,842.875,36.54166666666666,22.67083333333333,74.875,92.54166666666669
2024-01-12,55.1375,37.0125,866.375,54.25,27.95,59.41666666666666,104.0
2024-01-13,53.76666666666667,34.0125,840.0416666666666,49.00833333333333,13.920833333333334,52.625,113.33333333333331
2024-01-14,60.12083333333334,29.633333333333336,662.875,41.17083333333333,14.5375,71.70833333333333,77.45833333333333
2024-01-15,99.8,54.84583333333333,819.875,35.49166666666667,18.8875,80.83333333333333,132.83333333333334
2024-01-16,67.37083333333334,25.308333333333334,438.4166666666667,28.729166666666668,7.266666666666667,66.41666666666667,102.79166666666669
2024-01-17,88.85000000000001,46.775,687.2916666666666,31.675,20.2375,80.16666666666667,95.25
2024-01-18,96.69583333333333,61.11666666666667,871.4166666666666,26.120833333333334,25.975,111.95833333333331,148.29166666666666
2024-01-19,86.81666666666666,54.06666666666666,1053.5416666666667,46.93333333333334,30.666666666666668,100.70833333333331,147.625
2024-01-20,93.4875,55.85833333333333,1182.25,49.95416666666667,22.875,89.0,155.375
2024-01-21,86.91666666666667,50.72083333333333,1013.375,53.50833333333333,24.516666666666666,80.41666666666667,135.33333333333334
2024-01-22,90.925,52.3125,1023.2083333333334,48.75,20.53333333333333,79.70833333333333,151.41666666666666
2024-01-23,80.89166666666667,42.875,659.1666666666666,34.479166666666664,16.95,79.79166666666667,110.25
2024-01-24,98.5875,54.44583333333333,828.9583333333334,35.00416666666667,27.28333333333333,88.70833333333333,138.54166666666666
2024-01-25,105.91666666666669,59.60416666666666,1041.5,47.51666666666667,23.0875,71.5,152.83333333333334
2024-01-26,92.4375,54.81666666666666,804.5416666666666,34.8375,21.0375,88.04166666666667,141.16666666666666
2024-01-27,96.1625,60.22916666666666,869.2083333333334,26.6375,21.70833333333333,109.45833333333331,151.95833333333334
2024-01-28,90.8125,54.333333333333336,823.0,21.525,19.775,100.29166666666669,151.375
2024-01-29,50.05833333333334,23.875,357.0416666666667,18.9,5.9625,75.83333333333333,113.29166666666669
2024-01-30,74.53750000000001,24.225,375.125,24.116666666666664,7.258333333333333,63.375,72.79166666666667
2024-01-31,61.4125,22.504166666666663,344.625,20.55,6.3,71.125,74.04166666666667
2024-02-01,87.56666666666666,27.925,384.0833333333333,22.69583333333333,9.95,78.29166666666667,73.33333333333333
2024-02-02,134.66666666666666,40.766666666666666,409.9166666666667,27.666666666666668,11.325,59.79166666666666,100.08333333333331
2024-02-03,91.7875,35.237500000000004,519.0,32.362500000000004,10.666666666666666,46.29166666666666,116.25
2024-02-04,79.15833333333333,24.1125,321.1666666666667,20.28333333333333,5.2125,71.0,82.91666666666667
2024-02-05,48.82916666666667,26.34166666666667,481.375,27.379166666666663,11.320833333333333,79.0,80.25
2024-02-06,53.72083333333333,24.35833333333333,451.0833333333333,26.5,10.25,84.08333333333333,80.16666666666667
2024-02-07,68.6375,31.97083333333333,445.5416666666667,21.1125,11.825,79.375,81.875
2024-02-08,52.645833333333336,28.35,482.0416666666667,24.008333333333336,13.416666666666666,89.91666666666667,93.20833333333331
2024-02-09,53.35,26.85833333333333,575.8333333333334,32.55416666666667,11.866666666666667,74.95833333333333,85.70833333333333
2024-02-10,53.35833333333333,25.3,496.7916666666667,30.27083333333333,11.033333333333331,85.04166666666667,81.16666666666667
2024-02-11,44.95416666666667,25.73333333333333,483.9583333333333,27.979166666666668,13.35,88.20833333333333,79.79166666666667
2024-02-12,50.90416666666667,32.770833333333336,624.3333333333334,36.22916666666666,16.037499999999998,84.75,86.29166666666667
2024-02-13,64.31666666666666,38.81666666666667,752.5,45.87916666666666,21.2375,69.0,101.79166666666669
2024-02-14,73.55416666666666,43.7875,938.875,50.07083333333333,20.425,68.41666666666667,117.41666666666669
2024-02-15,79.575,48.19583333333333,955.0416666666666,51.81666666666666,17.633333333333333,71.625,128.83333333333334
2024-02-16,60.19166666666666,36.8625,863.2083333333334,52.72083333333333,17.279166666666665,65.125,118.125
2024-02-17,50.0125,30.85833333333333,730.0,44.55833333333334,15.104166666666666,70.91666666666667,104.375
2024-02-18,27.9,15.045833333333334,289.4166666666667,13.0125,5.395833333333333,86.5,64.45833333333333
2024-02-19,44.53333333333333,17.837500000000002,254.33333333333331,8.979166666666666,3.7541666666666655,95.41666666666669,59.29166666666666
2024-02-20,49.02916666666667,20.8,258.1666666666667,11.391666666666666,4.775,99.33333333333331,68.41666666666667
2024-02-21,55.62916666666666,19.729166666666668,289.875,13.170833333333334,5.025,105.625,71.54166666666667
2024-02-22,68.14583333333333,18.83333333333333,372.375,22.1375,8.058333333333334,84.75,64.625
2024-02-23,87.1875,29.9125,636.75,36.74583333333333,14.75,86.20833333333333,90.20833333333331
2024-02-24,64.53750000000001,19.2,338.875,17.829166666666666,10.091666666666669,98.125,77.83333333333333
2024-02-25,53.19166666666666,23.245833333333334,478.25,26.48333333333333,13.5375,77.5,73.91666666666667
2024-02-26,48.69166666666666,21.691666666666663,287.0833333333333,8.316666666666666,10.129166666666666,111.41666666666669,74.79166666666667
2024-02-27,69.875,34.833333333333336,334.625,8.8375,12.4375,106.66666666666669,88.83333333333333
2024-02-28,62.65833333333333,27.3875,386.0416666666667,13.5875,13.658333333333331,110.58333333333331,92.58333333333331
2024-02-29,61.8375,23.575,401.9166666666667,16.979166666666668,13.058333333333332,106.66666666666669,87.45833333333333
2024-03-01,63.49166666666667,25.383333333333336,445.125,21.8,9.029166666666669,88.04166666666667,79.16666666666667
2024-03-02,83.39583333333333,21.016666666666666,240.25,8.9125,6.895833333333333,81.08333333333333,71.75
2024-03-03,119.99166666666667,33.80416666666667,262.25,12.195833333333333,10.458333333333334,87.04166666666667,81.25
2024-03-04,79.825,29.391666666666666,421.375,21.758333333333336,15.629166666666668,83.75,95.91666666666669
2024-03-05,46.4,22.325,403.8333333333333,21.35833333333333,14.366666666666667,84.41666666666667,82.5
2024-03-06,49.43333333333334,21.04583333333333,362.2083333333333,15.8,15.25,105.45833333333331,84.29166666666667
2024-03-07,60.05833333333334,22.34583333333333,332.5833333333333,16.491666666666667,11.325,98.79166666666669,79.04166666666667
2024-03-08,56.22916666666666,28.258333333333336,487.5416666666667,24.429166666666664,16.325,97.79166666666669,94.83333333333331
2024-03-09,60.3625,32.15833333333333,537.125,28.2875,16.566666666666666,95.41666666666669,99.5
2024-03-10,90.8125,43.98333333333333,631.2916666666666,34.81666666666667,22.891666666666666,84.79166666666667,107.20833333333331
2024-03-11,56.30416666666667,22.933333333333334,326.0833333333333,14.854166666666666,8.112499999999999,86.75,94.95833333333331
2024-03-12,38.69583333333333,18.375,302.5,15.820833333333333,8.345833333333333,75.5,69.875
2024-03-13,91.02083333333331,26.129166666666663,248.04166666666663,11.658333333333331,6.095833333333334,84.75,62.54166666666666
2024-03-14,130.55833333333334,42.975,358.6666666666667,19.516666666666666,13.508333333333333,91.08333333333331,110.16666666666669
2024-03-15,48.15,24.945833333333336,418.5416666666667,24.633333333333336,10.245833333333334,89.33333333333333,97.70833333333331
2024-03-16,59.8875,25.854166666666668,378.5833333333333,22.39583333333333,10.004166666666666,92.375,85.41666666666667
2024-03-17,48.14166666666667,19.941666666666663,338.2083333333333,17.95,10.775,101.66666666666669,85.20833333333333
2024-03-18,49.19166666666666,22.179166666666664,390.0,20.85833333333333,12.808333333333332,106.0,90.83333333333331
2024-03-19,54.85833333333333,16.650000000000002,328.3333333333333,18.975,6.983333333333333,76.91666666666667,67.58333333333333
2024-03-20,72.42916666666666,22.90833333333333,440.7083333333333,25.683333333333334,9.316666666666666,84.79166666666667,76.0
2024-03-21,61.34166666666667,25.616666666666664,311.0416666666667,17.037499999999998,5.941666666666666,78.5,75.25
2024-03-22,56.0875,23.916666666666668,266.8333333333333,11.354166666666666,5.108333333333333,90.41666666666669,80.79166666666667
2024-03-23,71.0125,22.179166666666664,253.41666666666663,13.125,5.416666666666667,76.375,71.20833333333333
2024-03-24,58.0625,20.6,250.54166666666663,13.816666666666668,4.979166666666667,71.125,71.29166666666667
2024-03-25,56.15,20.2875,334.5,18.929166666666667,7.574999999999999,84.58333333333333,76.0
2024-03-26,40.69166666666667,17.425,287.25,15.370833333333332,5.604166666666667,70.29166666666667,62.5
2024-03-27,61.43333333333334,19.3125,259.875,13.466666666666669,5.3500000000000005,75.75,62.16666666666666
2024-03-28,41.60833333333333,12.391666666666666,282.4166666666667,14.729166666666666,5.5,105.95833333333331,68.66666666666667
2024-03-29,78.925,23.916666666666668,275.0416666666667,12.916666666666666,5.979166666666667,107.04166666666669,66.625
2024-03-30,107.81666666666666,30.191666666666663,225.25,9.008333333333333,4.5,96.20833333333331,80.04166666666667
2024-03-31,159.02083333333334,46.725,325.6666666666667,16.704166666666666,9.883333333333333,105.625,107.33333333333331
2024-04-01,96.08333333333331,31.683333333333334,334.9583333333333,18.245833333333334,8.916666666666666,93.33333333333331,116.70833333333331
2024-04-02,59.82083333333333,22.70833333333333,225.45833333333331,9.941666666666666,5.208333333333333,102.58333333333331,80.91666666666667
2024-04-03,108.53333333333336,33.295833333333334,297.4166666666667,11.7875,6.616666666666667,126.66666666666669,98.58333333333331
2024-04-04,56.4375,17.504166666666666,282.5,14.1375,5.875,111.125,83.58333333333333
2024-04-05,57.00833333333333,17.483333333333334,261.25,11.870833333333332,5.529166666666666,111.625,66.66666666666667
2024-04-06,49.0,15.304166666666667,263.4583333333333,12.020833333333334,5.7625,119.20833333333331,74.04166666666667
2024-04-07,51.15833333333333,19.1375,306.9583333333333,16.925,6.5625,100.125,67.41666666666667
2024-04-08,52.28333333333333,19.370833333333334,345.2083333333333,18.883333333333333,6.470833333333334,100.08333333333331,72.66666666666667
2024-04-09,33.4625,13.904166666666669,312.8333333333333,17.166666666666668,5.729166666666667,84.04166666666667,61.66666666666666
2024-04-10,40.62916666666667,17.083333333333332,265.75,14.920833333333334,6.129166666666666,61.208333333333336,57.583333333333336
2024-04-11,45.775,17.779166666666665,289.2083333333333,17.462500000000002,6.604166666666667,79.33333333333333,65.5
2024-04-12,35.5375,13.379166666666668,260.7916666666667,15.095833333333331,6.375,69.875,58.833333333333336
2024-04-13,45.93333333333334,14.408333333333331,225.41666666666663,13.416666666666666,5.425,61.04166666666666,50.75
2024-04-14,111.98333333333332,25.629166666666663,291.7083333333333,21.4125,14.4875,51.833333333333336,62.0
2024-04-15,73.21249999999999,22.35,314.2083333333333,19.058333333333334,8.466666666666667,57.708333333333336,86.58333333333333
2024-04-16,72.05833333333334,21.683333333333334,288.125,17.058333333333334,14.820833333333333,71.125,61.125
2024-04-17,62.84166666666667,24.59583333333333,349.0416666666667,20.366666666666667,14.204166666666667,83.125,81.125
2024-04-18,86.11666666666667,22.791666666666668,189.95833333333331,9.6625,5.3125,63.91666666666666,69.66666666666667
2024-04-19,57.3875,25.616666666666664,206.70833333333331,6.3125,3.920833333333333,113.20833333333331,80.75
2024-04-20,48.67916666666667,21.691666666666663,231.41666666666663,8.245833333333334,4.575,111.20833333333331,77.20833333333333
2024-04-21,54.31666666666666,23.3125,233.70833333333331,9.191666666666666,4.7875000000000005,98.91666666666669,73.04166666666667
2024-04-22,57.55,20.45833333333333,196.04166666666663,8.466666666666667,4.0875,70.5,70.29166666666667
2024-04-23,56.55416666666667,19.79583333333333,201.41666666666663,9.141666666666667,4.525,78.79166666666667,66.875
2024-04-24,51.10833333333333,19.320833333333333,216.95833333333331,10.2,5.120833333333333,72.79166666666667,65.04166666666667
2024-04-25,46.14166666666667,16.591666666666665,216.20833333333331,11.0875,4.695833333333334,67.75,64.5
2024-04-26,65.68333333333334,16.816666666666666,200.08333333333331,8.033333333333333,4.216666666666667,77.125,57.91666666666666
2024-04-27,60.03333333333333,15.9125,219.83333333333331,10.241666666666667,4.8125,75.91666666666667,60.16666666666666
2024-04-28,66.26666666666667,18.016666666666666,225.25,11.408333333333331,6.2125,77.79166666666667,58.5
2024-04-29,118.32916666666668,26.879166666666663,259.7916666666667,13.525,6.3,90.0,73.33333333333333
2024-04-30,127.33333333333331,30.20833333333333,255.66666666666663,12.129166666666668,6.566666666666666,102.29166666666669,89.83333333333333
2024-05-01,146.82500000000002,35.112500000000004,257.625,13.220833333333331,9.279166666666669,100.45833333333331,92.83333333333331
2024-05-02,114.87083333333334,38.175,325.375,17.258333333333333,11.5375,108.20833333333331,119.16666666666669
2024-05-03,52.975,17.508333333333333,231.08333333333331,11.579166666666666,5.720833333333334,62.0,76.91666666666667
2024-05-04,48.5625,21.46666666666667,207.875,8.291666666666666,4.379166666666666,79.75,71.41666666666667
2024-05-05,48.958333333333336,18.225,191.41666666666663,7.370833333333334,3.891666666666667,64.70833333333333,65.33333333333333
2024-05-06,60.6875,15.1125,208.5,10.5,4.579166666666667,69.5,57.458333333333336
2024-05-07,62.0875,17.716666666666665,237.25,12.704166666666666,5.65,76.33333333333333,62.79166666666666
2024-05-08,31.9375,9.320833333333333,205.25,11.779166666666669,5.670833333333333,61.16666666666666,50.625
2024-05-09,33.52916666666667,9.904166666666669,194.95833333333331,10.125,5.5375000000000005,55.75,39.04166666666666
2024-05-10,41.93333333333333,11.9375,210.66666666666663,10.066666666666666,6.279166666666666,58.375,45.79166666666666
2024-05-11,58.64166666666667,16.370833333333334,206.58333333333331,10.416666666666666,7.274999999999999,68.29166666666667,55.458333333333336
2024-05-12,68.15416666666667,15.379166666666668,222.0,11.475,7.545833333333333,85.58333333333333,61.91666666666666
2024-05-13,100.325,19.258333333333333,225.91666666666663,12.8,8.191666666666666,79.875,68.0
2024-05-14,66.63333333333334,19.129166666666663,241.125,15.133333333333333,8.654166666666667,82.5,72.54166666666667
2024-05-15,38.87916666666667,13.991666666666667,197.45833333333331,11.383333333333333,5.916666666666667,75.41666666666667,61.208333333333336
2024-05-16,39.37916666666667,15.570833333333333,231.375,12.441666666666668,5.604166666666667,67.29166666666667,55.708333333333336
2024-05-17,48.3875,16.529166666666665,231.375,11.8375,4.966666666666667,68.79166666666667,58.16666666666666
2024-05-18,27.875,11.0875,219.0,11.1875,4.754166666666666,66.625,55.083333333333336
2024-05-19,25.04583333333333,8.520833333333334,186.29166666666663,10.470833333333331,5.15,53.208333333333336,39.25
2024-05-20,37.35833333333333,10.320833333333333,186.08333333333331,8.950000000000001,4.375,60.25,38.79166666666666
2024-05-21,65.62083333333334,14.65,206.16666666666663,9.670833333333333,4.820833333333334,67.875,47.41666666666666
2024-05-22,56.175,14.9,211.29166666666663,10.229166666666666,5.133333333333334,70.83333333333333,56.66666666666666
2024-05-23,46.47916666666666,14.983333333333334,212.04166666666663,10.3625,5.075,71.625,56.875
2024-05-24,36.99583333333333,13.591666666666669,188.04166666666663,10.070833333333333,5.670833333333333,75.83333333333333,54.75
2024-05-25,58.13333333333333,17.554166666666667,188.25,10.633333333333333,5.8375,79.66666666666667,58.083333333333336
2024-05-26,56.12916666666666,18.65,178.79166666666666,8.725,4.745833333333334,71.875,62.333333333333336
2024-05-27,71.29166666666667,22.0875,163.83333333333334,7.295833333333333,4.05,69.41666666666667,69.20833333333333
2024-05-28,56.02916666666667,18.78333333333333,155.41666666666666,6.3125,3.466666666666667,65.41666666666667,68.79166666666667
2024-05-29,82.37916666666666,20.891666666666666,179.33333333333334,7.875,3.775,75.66666666666667,65.04166666666667
2024-05-30,64.30833333333334,18.33333333333333,189.95833333333331,9.604166666666666,5.158333333333333,76.41666666666667,66.41666666666667
2024-05-31,87.16666666666667,20.016666666666666,186.125,8.583333333333334,5.858333333333333,73.41666666666667,65.08333333333333
2024-06-01,204.33333333333331,42.78333333333333,214.25,10.254166666666666,5.408333333333334,86.45833333333333,90.125
2024-06-02,56.02916666666667,16.895833333333332,171.625,7.808333333333334,5.629166666666666,63.79166666666666,98.41666666666669
2024-06-03,78.12083333333334,15.933333333333332,156.54166666666666,7.0875,5.1125,61.5,59.5
2024-06-04,71.67083333333333,19.041666666666668,137.375,5.45,3.8041666666666663,63.5,63.25
2024-06-05,72.64583333333333,20.104166666666668,139.125,5.241666666666666,3.4791666666666665,60.41666666666666,66.66666666666667
2024-06-06,67.03750000000001,21.629166666666663,142.875,5.7125,3.758333333333333,59.958333333333336,68.5
2024-06-07,71.77083333333333,19.5875,164.04166666666666,6.883333333333333,4.729166666666667,61.208333333333336,69.58333333333333
2024-06-08,61.708333333333336,16.337500000000002,159.66666666666666,7.116666666666667,4.395833333333333,57.583333333333336,63.25
2024-06-09,50.6,14.05,152.625,7.479166666666667,4.55,58.625,55.625
2024-06-10,49.73333333333333,15.495833333333332,147.5,6.670833333333333,4.245833333333334,60.16666666666666,55.41666666666666
2024-06-11,46.87083333333334,18.1875,154.125,6.1125,3.908333333333333,62.66666666666666,60.5
2024-06-12,45.05833333333334,19.275,152.20833333333334,5.645833333333333,3.7416666666666663,63.083333333333336,63.833333333333336
2024-06-13,53.95416666666667,21.4375,155.04166666666666,5.533333333333334,3.725,64.95833333333333,66.875
2024-06-14,66.97500000000001,21.35,145.375,5.820833333333333,4.054166666666666,62.875,70.79166666666667
2024-06-15,70.71666666666667,19.59583333333333,158.75,7.35,5.104166666666667,62.29166666666666,68.70833333333333
2024-06-16,70.3875,20.64583333333333,181.54166666666663,7.720833333333334,5.2375,65.33333333333333,67.54166666666667
2024-06-17,97.54583333333332,19.933333333333334,175.95833333333334,7.454166666666667,5.1375,63.66666666666666,65.95833333333333
2024-06-18,57.5375,15.8625,150.70833333333334,5.966666666666666,4.2125,58.75,66.33333333333333
2024-06-19,85.36666666666667,18.241666666666667,156.33333333333334,6.754166666666666,4.529166666666667,64.20833333333333,60.79166666666666
2024-06-20,134.475,30.5625,176.91666666666666,9.195833333333333,5.3625,72.70833333333333,75.70833333333333
2024-06-21,129.775,28.641666666666666,169.91666666666666,8.454166666666667,5.733333333333333,68.875,90.5
2024-06-22,189.03333333333333,34.15416666666667,210.25,12.05,10.875,78.83333333333333,102.75
2024-06-23,139.20000000000002,26.554166666666664,199.04166666666663,11.204166666666666,6.65,61.958333333333336,106.20833333333331
2024-06-24,127.99166666666667,27.879166666666663,194.83333333333331,11.045833333333334,6.308333333333334,63.79166666666666,90.41666666666669
2024-06-25,111.32916666666668,26.675,190.75,11.429166666666667,7.225,72.70833333333333,82.04166666666667
2024-06-26,115.29583333333332,25.804166666666664,204.5,12.683333333333332,8.4375,77.0,82.0
2024-06-27,122.10416666666669,25.604166666666668,209.04166666666663,12.695833333333333,7.666666666666667,66.45833333333333,82.08333333333333
2024-06-28,71.53750000000001,23.58333333333333,220.75,11.645833333333334,13.104166666666666,74.66666666666667,79.70833333333333
2024-06-29,34.208333333333336,15.7875,221.66666666666663,11.8125,13.354166666666666,71.83333333333333,67.91666666666667
2024-06-30,29.9,15.8,207.95833333333331,11.158333333333331,10.820833333333333,68.91666666666667,57.66666666666666
2024-07-01,88.0125,24.33333333333333,170.33333333333334,7.3875,5.5125,69.04166666666667,63.75
2024-07-02,98.85416666666669,27.59166666666667,164.66666666666666,7.125,5.504166666666666,67.20833333333333,82.875
2024-07-03,93.86666666666667,22.175,154.20833333333334,6.783333333333334,5.329166666666667,58.75,76.5
2024-07-04,101.2625,22.991666666666664,153.45833333333334,6.991666666666667,5.966666666666666,58.375,71.75
2024-07-05,103.825,24.775,147.375,6.925,5.904166666666666,61.125,75.54166666666667
2024-07-06,113.21666666666664,30.6625,150.79166666666666,6.758333333333333,5.008333333333334,74.41666666666667,82.54166666666667
2024-07-07,125.91666666666669,34.362500000000004,174.375,8.445833333333333,5.775,77.66666666666667,96.08333333333331
2024-07-08,172.42499999999998,40.3875,230.20833333333331,12.4375,15.445833333333333,87.54166666666667,96.04166666666669
2024-07-09,121.10833333333332,34.90416666666667,273.0416666666667,16.625,14.158333333333331,89.58333333333333,116.91666666666669
2024-07-10,109.75833333333333,32.920833333333334,251.58333333333331,15.695833333333333,8.75,66.5,102.25
2024-07-11,76.35416666666667,25.5,180.875,9.045833333333333,4.429166666666666,53.458333333333336,86.375
2024-07-12,69.05833333333334,25.616666666666664,152.25,7.108333333333333,3.333333333333333,47.54166666666666,76.91666666666667
2024-07-13,77.86666666666666,26.9625,180.41666666666663,9.308333333333334,3.8708333333333336,48.66666666666666,81.5
2024-07-14,79.88333333333334,23.7875,184.41666666666663,9.995833333333334,4.808333333333334,46.16666666666666,78.375
2024-07-15,162.88750000000002,32.93333333333333,235.16666666666663,14.666666666666666,8.6875,64.41666666666667,85.91666666666667
2024-07-16,135.91666666666666,31.479166666666668,242.79166666666663,16.008333333333333,8.1,68.91666666666667,99.79166666666669
2024-07-17,110.65,29.6,239.41666666666663,14.679166666666667,9.5375,74.5,87.45833333333333
2024-07-18,98.75416666666666,29.0625,185.54166666666663,9.375,6.904166666666666,70.375,88.29166666666667
2024-07-19,95.19583333333333,33.47083333333333,216.0,10.466666666666669,6.229166666666667,77.20833333333333,92.16666666666669
2024-07-20,110.18333333333334,35.30833333333333,266.2916666666667,15.708333333333334,10.358333333333333,84.58333333333333,96.125
2024-07-21,80.56666666666666,36.62083333333333,347.75,18.320833333333333,17.775000000000002,108.83333333333331,119.0
2024-07-22,65.31666666666666,24.995833333333334,232.79166666666663,10.941666666666668,6.808333333333334,73.29166666666667,91.04166666666669
2024-07-23,85.7375,25.5,186.33333333333331,8.416666666666666,4.995833333333334,61.54166666666666,75.625
2024-07-24,134.30833333333334,31.04583333333333,174.75,7.708333333333333,4.875,57.16666666666666,88.08333333333333
2024-07-25,152.17083333333332,34.375,177.91666666666666,8.704166666666667,5.6375,54.958333333333336,92.75
2024-07-26,137.06666666666666,33.32083333333333,174.125,8.058333333333334,5.333333333333333,62.958333333333336,98.45833333333331
2024-07-27,150.65,33.5625,169.54166666666666,7.766666666666667,5.370833333333334,63.833333333333336,93.16666666666669
2024-07-28,174.8166666666667,38.96666666666667,218.25,12.704166666666666,9.408333333333331,63.833333333333336,107.58333333333331
2024-07-29,164.87083333333334,34.78333333333333,237.54166666666663,14.9,15.329166666666666,62.875,106.91666666666669
2024-07-30,95.8,30.1625,260.0833333333333,16.683333333333334,9.216666666666669,59.625,101.04166666666669
2024-07-31,35.979166666666664,17.349999999999998,263.75,16.4375,8.820833333333333,64.25,71.375
2024-08-01,55.625,21.92083333333333,192.04166666666663,9.595833333333331,4.175,56.5,64.41666666666667
2024-08-02,94.05416666666667,26.40833333333333,188.58333333333331,10.666666666666666,4.220833333333333,44.16666666666666,77.5
2024-08-03,116.32916666666668,32.11666666666667,231.95833333333331,15.495833333333332,5.520833333333333,42.66666666666666,86.83333333333333
2024-08-04,138.27083333333334,33.90833333333333,239.04166666666663,14.891666666666666,5.745833333333334,49.208333333333336,94.29166666666669
2024-08-05,113.37083333333334,28.191666666666663,220.70833333333331,13.379166666666668,6.945833333333334,49.708333333333336,93.5
2024-08-06,85.02916666666667,23.004166666666663,206.91666666666663,12.929166666666667,5.404166666666666,44.16666666666666,76.625
2024-08-07,73.25833333333334,20.316666666666663,167.45833333333334,7.462499999999999,3.829166666666666,49.75,71.25
2024-08-08,66.60833333333333,20.079166666666666,185.5,8.541666666666666,4.4125000000000005,51.708333333333336,68.45833333333333
2024-08-09,65.72500000000001,18.329166666666666,186.41666666666663,8.295833333333333,4.358333333333333,50.04166666666666,66.41666666666667
2024-08-10,55.333333333333336,16.116666666666667,154.95833333333334,6.658333333333334,3.6625,47.333333333333336,59.625
2024-08-11,52.1875,15.85,156.25,6.8625,3.470833333333333,44.41666666666666,58.208333333333336
2024-08-12,87.15833333333335,18.8375,179.45833333333334,9.1875,4.558333333333334,42.125,61.875
2024-08-13,87.79583333333333,17.1125,194.5,10.458333333333334,5.625,44.54166666666666,63.0
2024-08-14,117.72083333333336,18.441666666666663,173.0,8.066666666666666,4.9750000000000005,45.333333333333336,78.08333333333333
2024-08-15,82.10416666666667,19.0375,170.79166666666666,7.1625000000000005,4.629166666666666,45.375,72.04166666666667
2024-08-16,65.46666666666667,19.254166666666663,167.79166666666666,7.9125,4.641666666666667,40.583333333333336,65.875
2024-08-17,78.07083333333334,20.78333333333333,192.45833333333331,11.083333333333334,5.5,37.625,66.0
2024-08-18,72.47083333333333,20.179166666666667,202.33333333333331,12.2875,5.758333333333333,36.083333333333336,68.95833333333333
2024-08-19,54.020833333333336,17.929166666666667,213.08333333333331,11.458333333333334,5.5125,42.66666666666666,65.75
2024-08-20,43.075,16.395833333333332,193.0,8.920833333333333,4.55,43.583333333333336,61.0
2024-08-21,44.53333333333333,16.745833333333334,176.79166666666666,7.533333333333332,4.183333333333334,47.0,58.66666666666666
2024-08-22,63.59166666666667,18.883333333333333,178.04166666666666,7.791666666666667,4.4875,50.75,63.66666666666666
2024-08-23,63.225,18.004166666666666,173.79166666666666,7.066666666666666,4.2,52.41666666666666,63.29166666666666
2024-08-24,79.80833333333334,21.133333333333333,176.79166666666666,7.304166666666667,4.341666666666667,53.458333333333336,63.91666666666666
2024-08-25,81.96249999999999,23.6875,170.45833333333334,6.6000000000000005,4.041666666666667,55.708333333333336,74.08333333333333
2024-08-26,68.47083333333333,21.23333333333333,192.875,9.945833333333336,5.1875,60.29166666666666,71.875
2024-08-27,50.62083333333334,20.791666666666668,284.625,13.975,8.254166666666666,84.70833333333333,73.125
2024-08-28,17.604166666666668,11.629166666666668,364.9583333333333,17.325,8.85,81.125,59.833333333333336
2024-08-29,28.0625,15.520833333333334,354.3333333333333,20.04583333333333,9.158333333333331,74.95833333333333,50.54166666666666
2024-08-30,23.129166666666663,14.033333333333331,207.16666666666663,8.458333333333334,6.829166666666667,71.95833333333333,56.79166666666666
2024-08-31,34.770833333333336,11.9,182.16666666666663,9.775,7.212499999999999,42.333333333333336,53.25
2024-09-01,41.204166666666666,14.025,260.2083333333333,14.875,10.6,34.583333333333336,49.75
2024-09-02,48.1625,15.3625,302.875,21.27083333333333,10.033333333333331,42.5,57.125
2024-09-03,62.2625,16.191666666666666,284.9583333333333,20.64583333333333,8.720833333333333,46.04166666666666,57.04166666666666
2024-09-04,63.40416666666667,18.883333333333333,241.41666666666663,17.7375,6.133333333333333,34.958333333333336,62.79166666666666
2024-09-05,40.66666666666666,16.816666666666666,194.16666666666663,10.858333333333334,4.2625,46.125,62.208333333333336
2024-09-06,50.875,19.058333333333334,213.33333333333331,12.533333333333331,4.6625000000000005,45.04166666666666,62.54166666666666
2024-09-07,49.925,17.479166666666668,227.41666666666663,14.225,5.454166666666667,44.583333333333336,64.04166666666667
2024-09-08,48.04166666666666,14.8375,229.5,14.454166666666666,5.629166666666666,47.458333333333336,58.958333333333336
2024-09-09,66.27916666666667,17.366666666666667,200.91666666666663,12.045833333333334,4.816666666666666,51.708333333333336,56.833333333333336
2024-09-10,90.07916666666668,24.695833333333336,234.125,14.254166666666668,5.3625,53.208333333333336,67.83333333333333
2024-09-11,168.1875,37.17916666666667,247.45833333333331,14.575,6.758333333333333,64.95833333333333,92.33333333333331
2024-09-12,172.32916666666665,36.32083333333333,213.125,11.391666666666666,5.291666666666667,62.66666666666666,108.375
2024-09-13,83.99583333333334,22.804166666666664,168.33333333333334,7.795833333333333,3.7,57.083333333333336,90.20833333333331
2024-09-14,74.40416666666667,23.266666666666666,169.375,7.716666666666666,3.6875,59.25,74.20833333333333
2024-09-15,51.6125,21.2875,181.375,8.366666666666667,4.120833333333333,57.75,70.79166666666667
2024-09-16,50.7875,21.425,181.375,9.033333333333331,4.341666666666667,54.708333333333336,70.83333333333333
2024-09-17,51.875,17.895833333333332,187.83333333333331,9.620833333333334,4.6875,53.583333333333336,66.625
2024-09-18,47.61666666666667,16.008333333333333,205.70833333333331,11.0875,5.6125,59.125,60.66666666666666
2024-09-19,57.03333333333333,17.054166666666667,221.41666666666663,13.9875,7.295833333333333,62.083333333333336,58.66666666666666
2024-09-20,53.35416666666666,16.679166666666667,220.04166666666663,12.65,6.245833333333334,60.04166666666666,60.208333333333336
2024-09-21,62.1125,20.10833333333333,197.20833333333331,9.220833333333331,5.179166666666666,59.458333333333336,62.875
2024-09-22,70.82916666666667,22.25,195.79166666666663,8.854166666666666,4.925,60.958333333333336,70.66666666666667
2024-09-23,62.325,20.4375,197.25,8.637500000000001,4.858333333333333,61.125,69.83333333333333
2024-09-24,55.5375,19.5,192.75,8.983333333333333,5.154166666666667,60.208333333333336,67.08333333333333
2024-09-25,43.43333333333334,18.695833333333333,192.79166666666663,10.575,5.5125,56.333333333333336,65.41666666666667
2024-09-26,47.775,18.65,200.08333333333331,10.866666666666667,5.3,55.29166666666666,64.5
2024-09-27,50.3125,17.954166666666666,179.70833333333334,8.404166666666667,4.445833333333334,52.79166666666666,62.04166666666666
2024-09-28,51.57916666666667,17.8875,177.375,8.1875,4.2875000000000005,53.41666666666666,64.16666666666667
2024-09-29,64.3,17.154166666666665,182.29166666666663,9.841666666666669,5.058333333333334,53.208333333333336,61.25
2024-09-30,33.237500000000004,13.391666666666666,177.79166666666666,10.295833333333333,5.116666666666666,49.375,57.29166666666666
2024-10-01,24.541666666666668,11.529166666666669,204.0,10.458333333333334,4.691666666666666,47.375,50.458333333333336
2024-10-02,28.666666666666668,12.8625,197.41666666666663,9.520833333333334,4.504166666666666,49.583333333333336,49.16666666666666
2024-10-03,32.02916666666667,13.879166666666668,191.66666666666663,7.866666666666667,3.9583333333333335,52.833333333333336,53.833333333333336
2024-10-04,35.050000000000004,15.458333333333334,180.875,7.279166666666666,3.704166666666667,51.333333333333336,55.25
2024-10-05,39.520833333333336,15.479166666666666,175.95833333333334,8.862499999999999,4.375,49.875,57.79166666666666
2024-10-06,46.93333333333334,17.179166666666667,222.5,12.579166666666666,7.020833333333333,54.04166666666666,58.5
2024-10-07,47.84583333333333,19.54583333333333,275.8333333333333,17.154166666666665,12.266666666666666,72.25,65.875
2024-10-08,43.325,22.1125,337.4166666666667,20.075,11.9,85.83333333333333,73.45833333333333
2024-10-09,47.25416666666666,26.379166666666663,343.0416666666667,19.5875,7.829166666666667,79.75,77.79166666666667
2024-10-10,49.32916666666667,27.070833333333336,445.25,27.98333333333333,9.820833333333333,73.41666666666667,84.20833333333333
2024-10-11,55.77916666666667,27.5125,455.5416666666667,25.329166666666666,11.958333333333334,81.70833333333333,80.16666666666667
2024-10-12,79.75416666666666,41.22083333333333,481.8333333333333,23.308333333333334,17.712500000000002,116.75,112.70833333333331
2024-10-13,46.15,28.29583333333333,413.8333333333333,23.758333333333336,15.658333333333331,79.04166666666667,104.33333333333331
2024-10-14,38.075,24.704166666666666,370.375,19.14583333333333,16.133333333333333,86.04166666666667,76.79166666666667
2024-10-15,40.954166666666666,26.004166666666663,352.375,17.041666666666668,14.329166666666666,110.0,89.45833333333333
2024-10-16,35.083333333333336,21.666666666666668,315.9166666666667,14.695833333333333,8.733333333333333,100.08333333333331,81.25
2024-10-17,35.625,20.666666666666668,305.2083333333333,15.325,6.525,74.375,68.41666666666667
2024-10-18,35.78333333333333,22.3875,409.4583333333333,22.975,13.791666666666666,77.66666666666667,75.75
2024-10-19,41.6,25.6125,384.25,20.729166666666668,11.683333333333332,92.16666666666669,87.79166666666667
2024-10-20,39.275,23.508333333333336,390.9583333333333,21.125,8.929166666666667,87.58333333333333,84.75
2024-10-21,34.45,19.183333333333334,332.3333333333333,17.266666666666666,8.475,81.91666666666667,73.70833333333333
2024-10-22,47.825,26.3375,346.6666666666667,17.0625,8.720833333333333,90.125,74.29166666666667
2024-10-23,58.82083333333333,33.65833333333333,417.7916666666667,22.70833333333333,9.8,85.66666666666667,95.70833333333331
2024-10-24,46.0125,24.65,516.9583333333334,29.191666666666663,11.2375,80.875,94.58333333333331
2024-10-25,36.41666666666666,15.775,362.5,21.308333333333334,7.341666666666666,74.79166666666667,67.83333333333333
2024-10-26,47.9375,16.141666666666666,401.4166666666667,18.883333333333333,5.916666666666667,70.83333333333333,55.833333333333336
2024-10-27,77.10833333333333,26.979166666666668,794.5833333333334,27.0,9.454166666666667,70.70833333333333,66.54166666666667
2024-10-28,77.3,30.7875,572.0833333333334,20.554166666666667,6.65,68.125,89.25
2024-10-29,119.19166666666666,41.36666666666667,579.0833333333334,17.679166666666667,5.966666666666666,71.58333333333333,99.66666666666669
2024-10-30,141.03333333333333,38.775,494.5416666666667,21.2375,6.691666666666666,68.125,117.625
2024-10-31,101.10833333333332,37.8875,517.25,26.2,10.058333333333334,73.41666666666667,104.79166666666669
2024-11-01,68.59166666666667,29.7375,463.5833333333333,25.354166666666668,7.979166666666667,63.875,99.58333333333331
2024-11-02,51.8,24.25,541.3333333333334,21.275,6.25,63.5,78.95833333333333
2024-11-03,59.10833333333333,27.40833333333333,749.5833333333334,29.42083333333333,9.4125,59.54166666666666,81.95833333333333
2024-11-04,49.8125,25.79583333333333,729.5833333333334,31.041666666666668,11.041666666666666,68.54166666666667,82.91666666666667
2024-11-05,48.72916666666666,28.03333333333333,583.1666666666666,29.354166666666668,9.345833333333331,73.08333333333333,80.5
2024-11-06,42.55833333333333,25.70833333333333,626.625,28.77083333333333,8.924999999999999,73.83333333333333,83.91666666666667
2024-11-07,48.04166666666666,27.20833333333333,553.2916666666666,22.575,6.7875000000000005,72.70833333333333,82.29166666666667
2024-11-08,39.56666666666667,19.48333333333333,776.2916666666666,20.42083333333333,7.233333333333333,68.45833333333333,72.66666666666667
2024-11-09,43.24166666666667,21.4875,642.75,24.683333333333334,7.55,65.20833333333333,68.79166666666667
2024-11-10,40.71666666666667,20.77083333333333,570.8333333333334,25.054166666666664,6.65,57.333333333333336,68.875
2024-11-11,48.275,23.425,806.0,26.14583333333333,7.1125,55.29166666666666,72.54166666666667
2024-11-12,59.9625,29.34166666666667,938.4583333333334,34.708333333333336,12.383333333333333,49.04166666666666,77.54166666666667
2024-11-13,56.675,41.454166666666666,803.4166666666666,42.641666666666666,25.891666666666666,56.125,104.04166666666669
2024-11-14,45.60416666666666,37.97083333333333,754.0833333333334,38.22083333333333,22.666666666666668,65.70833333333333,107.45833333333331
2024-11-15,43.39166666666667,39.92916666666667,692.0,28.991666666666664,20.866666666666667,91.79166666666669,112.95833333333331
2024-11-16,38.575,33.59166666666667,807.125,28.98333333333333,20.375,83.95833333333333,107.25
2024-11-17,40.09166666666667,30.454166666666666,917.875,31.65416666666667,19.991666666666667,69.75,90.95833333333331
2024-11-18,51.0375,42.1125,972.2083333333334,42.925,22.354166666666668,62.54166666666666,99.33333333333331
2024-11-19,48.1375,41.9625,929.6666666666666,40.458333333333336,21.229166666666668,63.833333333333336,124.45833333333331
2024-11-20,32.90833333333333,28.504166666666663,851.5416666666666,28.0875,18.025,72.20833333333333,97.375
2024-11-21,36.016666666666666,32.6625,1046.75,35.833333333333336,21.120833333333334,59.583333333333336,93.5
2024-11-22,26.33333333333333,23.366666666666664,973.4583333333334,27.120833333333334,18.6375,75.45833333333333,81.54166666666667
2024-11-23,25.05,21.370833333333334,962.9583333333334,26.495833333333334,16.504166666666666,67.91666666666667,70.66666666666667
2024-11-24,33.80833333333333,28.870833333333334,1013.9583333333334,34.47083333333334,23.54583333333333,72.0,78.66666666666667
2024-11-25,46.525,40.72916666666666,959.2916666666666,53.52916666666667,28.445833333333336,65.875,97.95833333333331
2024-11-26,48.62083333333334,41.99583333333333,1009.1666666666666,48.99166666666667,28.454166666666666,60.25,127.125
2024-11-27,38.0375,28.46666666666667,1102.5,40.65416666666667,20.204166666666666,53.875,95.75
2024-11-28,43.24583333333334,36.225,1461.4583333333333,44.0,29.29583333333333,52.333333333333336,98.0
2024-11-29,32.2,25.77083333333333,869.875,33.40833333333333,23.40833333333333,63.25,85.625
2024-11-30,40.7375,37.375,829.125,37.74583333333333,18.629166666666663,65.29166666666667,88.04166666666667
2024-12-01,52.7,50.2375,1113.7916666666667,36.87083333333333,23.2125,78.75,122.875
2024-12-02,44.833333333333336,42.17916666666667,938.7916666666666,36.60833333333333,17.579166666666666,74.25,128.04166666666666
2024-12-03,47.625,43.74583333333334,613.4166666666666,15.908333333333331,15.995833333333332,94.95833333333331,120.54166666666669
2024-12-04,53.90416666666667,47.73333333333333,701.7083333333334,15.441666666666668,18.995833333333334,96.25,126.08333333333331
2024-12-05,58.88333333333333,50.04583333333333,1093.7083333333333,28.925,22.59166666666667,72.33333333333333,134.5
2024-12-06,57.38333333333333,36.65833333333333,1179.2916666666667,38.44166666666667,28.704166666666666,62.41666666666666,124.45833333333331
2024-12-07,35.27916666666667,32.1,828.8333333333334,47.34583333333333,29.9625,56.91666666666666,86.25
2024-12-08,38.975,29.204166666666666,460.8333333333333,37.92083333333333,18.566666666666663,54.333333333333336,97.5
2024-12-09,37.145833333333336,25.866666666666664,1039.25,35.6625,14.391666666666666,52.75,82.79166666666667
2024-12-10,32.46666666666667,29.6875,1030.7916666666667,28.3,16.570833333333333,65.75,76.125
2024-12-11,44.94166666666667,39.95,1033.5833333333333,43.225,26.229166666666668,60.79166666666666,100.5
2024-12-12,32.88333333333333,28.616666666666664,643.6666666666666,33.59583333333333,15.075,61.04166666666666,107.70833333333331
2024-12-13,20.6625,17.525000000000002,535.875,14.125,13.441666666666668,81.33333333333333,66.29166666666667
2024-12-14,28.916666666666668,27.73333333333333,695.0,15.8375,18.291666666666668,93.625,76.16666666666667
2024-12-15,26.129166666666663,25.416666666666668,883.75,29.008333333333336,20.875,79.70833333333333,80.83333333333333
2024-12-16,29.1625,28.804166666666664,1062.3333333333333,38.32083333333333,23.954166666666666,65.0,78.79166666666667
2024-12-17,57.075,38.09166666666666,904.0833333333334,28.6375,20.4125,69.54166666666667,100.54166666666669
2024-12-18,41.65,36.87916666666667,729.75,21.42083333333333,18.966666666666665,86.25,103.08333333333331
2024-12-19,43.93333333333334,39.72083333333333,928.5,27.116666666666664,22.804166666666664,86.875,108.70833333333331
2024-12-20,33.6,29.941666666666663,777.6666666666666,20.825,19.779166666666665,80.70833333333333,98.33333333333331
2024-12-21,41.825,40.208333333333336,790.5416666666666,18.454166666666666,23.570833333333336,104.875,98.58333333333331
2024-12-22,53.6875,47.19166666666666,1076.875,26.879166666666663,24.2875,86.33333333333333,124.33333333333331
2024-12-23,70.54583333333333,56.76666666666667,1171.0,40.7,26.8,66.91666666666667,134.875
2024-12-24,69.425,68.07916666666667,880.2916666666666,20.116666666666667,21.59583333333333,95.83333333333331,154.45833333333334
2024-12-25,67.75833333333334,66.79166666666667,878.3333333333334,14.9,23.2125,113.83333333333331,156.54166666666666
2024-12-26,60.97916666666666,59.3625,838.4583333333334,17.258333333333333,24.77916666666667,105.75,155.33333333333334
2024-12-27,43.775,42.3125,1341.8333333333333,28.004166666666663,22.27916666666667,84.83333333333333,135.0
2024-12-28,27.35,25.4125,976.8333333333334,34.4375,21.633333333333336,65.25,96.625
2024-12-29,31.45833333333333,28.266666666666666,931.5416666666666,31.945833333333336,17.283333333333335,69.125,79.41666666666667
2024-12-30,40.458333333333336,39.72083333333333,1220.125,28.9,19.3,86.08333333333333,92.95833333333331
2024-12-31,40.02916666666667,39.079166666666666,1384.0833333333333,30.84583333333333,18.65833333333333,73.08333333333333,117.54166666666669
2025-01-01,40.68333333333333,37.52916666666667,972.75,20.754166666666663,17.966666666666665,90.91666666666669,98.875
2025-01-02,55.4,51.3375,1431.6666666666667,32.391666666666666,23.758333333333336,89.875,123.375
2025-01-03,72.95833333333333,66.60833333333333,1241.0416666666667,35.795833333333334,30.425,98.16666666666669,150.83333333333334
2025-01-04,69.32916666666667,51.67916666666667,776.3333333333334,36.06666666666667,24.8125,65.79166666666667,156.33333333333334
2025-01-05,55.06666666666666,40.22083333333333,908.6666666666666,39.32083333333333,26.183333333333334,67.33333333333333,104.70833333333331
2025-01-06,35.25833333333333,31.079166666666666,1103.7083333333333,41.30833333333333,21.633333333333336,53.66666666666666,106.5
2025-01-07,22.954166666666666,21.925,958.9166666666666,31.35,15.595833333333331,73.95833333333333,75.04166666666667
2025-01-08,28.0875,27.829166666666666,1175.4166666666667,37.4375,30.141666666666666,75.5,80.75
2025-01-09,34.52916666666667,33.829166666666666,1418.375,44.02916666666667,24.17083333333333,70.0,88.95833333333333
2025-01-10,46.35833333333333,45.6875,1071.2083333333333,53.05833333333334,24.416666666666668,63.625,108.16666666666669
2025-01-11,45.47083333333333,45.12916666666666,1102.5,41.833333333333336,28.9,74.83333333333333,130.20833333333334
2025-01-12,41.75416666666667,41.62083333333333,1100.9583333333333,35.40833333333333,22.98333333333333,87.375,122.16666666666669
2025-01-13,53.9375,53.12083333333334,893.7083333333334,13.7,16.433333333333334,104.375,133.54166666666666
2025-01-14,57.770833333333336,55.85416666666666,951.75,30.5875,19.35833333333333,85.875,142.33333333333334
2025-01-15,61.24166666666667,55.60833333333333,1064.6666666666667,37.35833333333333,21.054166666666667,74.41666666666667,148.125
2025-01-16,78.47500000000001,69.3,1367.6666666666667,45.82916666666667,34.1375,80.95833333333333,153.5
2025-01-17,42.329166666666666,37.275,769.4583333333334,22.52916666666667,17.275000000000002,90.08333333333331,142.83333333333334
2025-01-18,45.75,43.68333333333334,782.7916666666666,19.83333333333333,17.95,102.0,110.75
2025-01-19,47.62916666666666,46.44583333333333,1000.9166666666666,25.979166666666668,19.4125,97.125,121.33333333333331
2025-01-20,57.62916666666666,56.425,1320.125,29.39583333333333,24.2375,98.125,140.25
2025-01-21,53.025,49.11666666666667,1226.2083333333333,27.354166666666668,24.329166666666666,101.83333333333331,142.79166666666666
2025-01-22,41.12916666666667,30.96666666666667,728.875,27.65833333333333,17.6375,79.33333333333333,115.875
2025-01-23,38.175,31.825,657.25,30.104166666666668,15.1,70.04166666666667,99.5
2025-01-24,19.64583333333333,16.204166666666666,640.8333333333334,17.0125,11.55,89.79166666666667,67.66666666666667
2025-01-25,26.008333333333336,22.575,1166.7083333333333,29.991666666666664,17.345833333333335,79.5,65.625
2025-01-26,39.075,34.09583333333333,967.8333333333334,46.458333333333336,27.60833333333333,61.0,89.0
2025-01-27,44.62083333333334,38.50833333333333,970.5833333333334,46.9625,28.03333333333333,53.833333333333336,105.875
2025-01-28,33.583333333333336,31.016666666666666,803.0,42.391666666666666,25.516666666666666,53.25,100.16666666666669
2025-01-29,40.12083333333333,22.116666666666664,543.3333333333334,24.34166666666667,12.879166666666668,68.875,77.375
2025-01-30,74.84166666666667,33.325,591.0833333333334,22.166666666666668,14.408333333333331,78.45833333333333,81.25
2025-01-31,91.175,34.170833333333334,429.1666666666667,18.3875,14.916666666666666,75.16666666666667,100.95833333333331
2025-02-01,102.58333333333331,43.708333333333336,666.75,35.99583333333333,17.708333333333332,65.5,105.25
2025-02-02,30.9625,24.616666666666664,678.0416666666666,25.1,13.041666666666666,80.45833333333333,97.375
2025-02-03,35.42916666666667,27.35,648.4166666666666,15.295833333333334,17.904166666666665,105.25,82.375
2025-02-04,34.520833333333336,18.3125,481.5833333333333,16.379166666666666,11.025,93.375,77.54166666666667
2025-02-05,37.583333333333336,22.370833333333334,731.8333333333334,29.34583333333333,16.95,73.125,65.125
2025-02-06,31.71666666666667,24.441666666666663,746.4583333333334,34.00416666666667,14.679166666666667,64.25,81.54166666666667
2025-02-07,25.275,18.008333333333333,563.375,21.116666666666667,12.0375,83.58333333333333,63.458333333333336
2025-02-08,37.5375,29.7125,801.9583333333334,27.27916666666667,18.379166666666663,86.41666666666667,74.45833333333333
2025-02-09,38.23333333333333,35.71666666666667,864.3333333333334,35.0,24.08333333333333,80.375,99.04166666666669
2025-02-10,28.829166666666666,26.229166666666668,551.5416666666666,23.85833333333333,16.095833333333335,87.08333333333333,92.875
2025-02-11,79.67916666666666,29.516666666666666,447.9166666666667,18.0375,12.541666666666666,79.125,76.70833333333333
2025-02-12,114.40416666666664,50.79583333333333,853.2083333333334,34.93333333333333,22.65833333333333,70.875,113.29166666666669
2025-02-13,85.99583333333334,49.95416666666667,989.7083333333334,42.07083333333333,29.35833333333333,68.66666666666667,146.29166666666666
2025-02-14,57.6,27.4625,428.8333333333333,22.55,12.7,72.875,105.0
2025-02-15,67.01666666666667,29.4125,359.7083333333333,16.983333333333334,11.008333333333333,81.625,81.58333333333333
2025-02-16,57.375,24.620833333333334,424.6666666666667,17.275000000000002,10.566666666666666,78.70833333333333,83.91666666666667
2025-02-17,50.85,27.39583333333333,774.4583333333334,28.320833333333336,17.370833333333334,83.375,79.33333333333333
2025-02-18,50.9375,22.308333333333334,603.6666666666666,24.245833333333334,12.5,67.125,86.91666666666667
2025-02-19,49.00416666666666,18.70833333333333,343.0,13.425,9.220833333333331,79.33333333333333,63.04166666666666
2025-02-20,120.5375,35.96666666666667,641.4166666666666,24.379166666666663,16.916666666666668,83.0,76.91666666666667
2025-02-21,128.275,48.15,1043.125,35.71666666666667,24.166666666666668,56.75,115.83333333333331
2025-02-22,55.10833333333333,36.55416666666667,883.4583333333334,35.125,26.195833333333336,84.58333333333333,128.66666666666666
2025-02-23,42.69166666666666,30.3,655.4583333333334,31.15833333333333,20.816666666666663,77.375,99.33333333333331
2025-02-24,47.97916666666666,22.808333333333334,627.9166666666666,34.075,24.27916666666667,58.125,73.66666666666667
2025-02-25,79.82916666666667,34.00833333333333,881.5833333333334,47.02916666666667,33.329166666666666,40.333333333333336,84.25
2025-02-26,51.52916666666667,21.83333333333333,555.75,37.77916666666667,21.525,41.29166666666666,86.79166666666667
2025-02-27,28.075,16.570833333333333,365.6666666666667,23.65833333333333,14.870833333333332,52.958333333333336,63.29166666666666
2025-02-28,59.40833333333333,28.02083333333333,299.5416666666667,12.95,10.55,89.79166666666667,71.75
2025-03-01,56.57916666666667,29.229166666666668,427.3333333333333,17.608333333333334,14.025,97.83333333333331,87.04166666666667
2025-03-02,43.05,27.391666666666666,608.1666666666666,22.079166666666666,16.720833333333335,92.25,92.95833333333331
2025-03-03,74.97500000000001,27.916666666666668,363.625,14.929166666666667,11.620833333333332,86.04166666666667,76.375
2025-03-04,102.9625,36.35833333333333,582.5416666666666,25.941666666666663,14.058333333333332,79.125,104.66666666666669
2025-03-05,36.375,21.120833333333334,600.0416666666666,23.4875,15.2375,90.5,87.08333333333333
2025-03-06,33.46666666666667,20.3625,547.4583333333334,25.054166666666664,17.1375,88.04166666666667,71.45833333333333
2025-03-07,46.30416666666667,22.666666666666668,753.875,25.475,16.229166666666668,88.70833333333333,73.375
2025-03-08,69.52083333333333,22.820833333333336,524.5,20.354166666666668,12.154166666666669,74.25,76.33333333333333
2025-03-09,59.275,27.7375,619.2916666666666,28.6625,18.370833333333334,84.79166666666667,84.54166666666667
2025-03-10,45.24583333333334,25.429166666666664,697.9583333333334,34.2,17.775000000000002,60.41666666666666,82.29166666666667
2025-03-11,32.1,22.558333333333334,680.5,36.829166666666666,17.516666666666666,60.625,77.66666666666667
2025-03-12,26.891666666666666,18.25,524.0416666666666,25.204166666666666,13.645833333333334,63.29166666666666,68.29166666666667
2025-03-13,30.5375,15.5875,412.25,16.537499999999998,10.516666666666667,81.95833333333333,58.458333333333336
2025-03-14,66.83749999999999,24.5625,344.6666666666667,12.870833333333332,10.2,89.33333333333333,64.08333333333333
2025-03-15,66.58749999999999,28.854166666666668,450.9583333333333,16.570833333333333,14.783333333333331,103.66666666666669,93.08333333333331
2025-03-16,64.0,26.39583333333333,509.25,20.941666666666663,14.9875,99.125,88.04166666666667
2025-03-17,58.99166666666667,29.10833333333333,574.875,35.00833333333333,19.070833333333333,70.95833333333333,89.75
2025-03-18,37.2,16.533333333333335,644.0833333333334,21.308333333333334,13.770833333333334,82.45833333333333,72.54166666666667
2025-03-19,26.8,14.370833333333332,442.25,17.658333333333335,11.604166666666666,81.66666666666667,56.5
2025-03-20,28.85,15.920833333333334,445.0,17.7,13.733333333333334,85.79166666666667,63.875
2025-03-21,34.7875,18.316666666666663,540.0,18.6125,13.954166666666666,91.33333333333331,68.16666666666667
2025-03-22,42.42916666666667,20.875,501.2916666666667,19.816666666666663,12.958333333333334,90.20833333333331,67.70833333333333
2025-03-23,18.6,13.85,468.5416666666667,22.54583333333333,13.870833333333332,84.79166666666667,66.75
2025-03-24,12.154166666666669,9.916666666666666,394.7083333333333,19.766666666666666,12.0625,84.45833333333333,54.25
2025-03-25,19.575,13.979166666666666,329.4583333333333,17.2625,12.970833333333331,82.375,49.29166666666666
2025-03-26,28.179166666666664,15.883333333333333,349.8333333333333,14.945833333333333,11.604166666666666,105.04166666666669,71.45833333333333
2025-03-27,82.35833333333333,27.17083333333333,414.9583333333333,14.679166666666667,11.095833333333331,110.91666666666669,73.29166666666667
2025-03-28,93.35833333333332,27.454166666666666,549.2916666666666,22.60833333333333,16.412499999999998,108.95833333333331,96.33333333333331
2025-03-29,55.91666666666666,28.5875,776.4166666666666,34.61666666666667,15.804166666666667,88.79166666666667,98.5
2025-03-30,38.6,21.579166666666666,530.7083333333334,23.03333333333333,18.866666666666667,117.54166666666669,96.79166666666669
2025-03-31,38.50833333333333,19.0,627.3333333333334,22.58333333333333,15.954166666666667,93.54166666666669,73.70833333333333
2025-04-01,62.5125,25.320833333333336,588.625,27.433333333333334,18.48333333333333,89.66666666666667,79.70833333333333
2025-04-02,44.02916666666667,25.825,689.0,34.99583333333333,21.745833333333334,80.70833333333333,91.04166666666669
2025-04-03,37.3,22.54583333333333,571.5,29.1375,16.508333333333333,83.125,81.70833333333333
2025-04-04,29.0875,18.879166666666663,646.0833333333334,26.40416666666667,16.266666666666666,99.375,85.875
2025-04-05,14.7125,11.245833333333332,402.2916666666667,18.0625,11.4,90.375,63.375
2025-04-06,28.695833333333336,12.245833333333332,348.625,13.516666666666666,8.983333333333333,96.0,50.0
2025-04-07,21.34583333333333,13.295833333333334,390.5,14.65,9.6125,96.0,55.25
2025-04-08,37.69166666666667,22.745833333333334,450.5833333333333,20.5625,13.458333333333334,82.83333333333333,65.20833333333333
2025-04-09,41.84166666666667,21.04583333333333,449.9583333333333,21.4125,13.758333333333333,74.95833333333333,72.875
2025-04-10,35.22083333333333,17.1625,308.375,15.816666666666668,12.120833333333332,80.375,63.91666666666666
2025-04-11,47.68333333333334,22.391666666666666,347.2083333333333,14.529166666666669,11.020833333333334,82.58333333333333,66.58333333333333
2025-04-12,48.38333333333333,21.641666666666666,379.5416666666667,15.1125,10.75,87.83333333333333,74.41666666666667
2025-04-13,32.270833333333336,15.7625,294.4166666666667,10.575,9.8125,78.58333333333333,61.16666666666666
2025-04-14,29.429166666666664,15.954166666666666,287.1666666666667,10.45,9.195833333333333,76.16666666666667,57.66666666666666
2025-04-15,37.0,17.745833333333334,279.7083333333333,10.483333333333333,9.954166666666667,76.95833333333333,61.125
2025-04-16,41.79166666666666,18.6625,281.8333333333333,9.9125,9.354166666666666,75.20833333333333,63.66666666666666
2025-04-17,31.425,14.716666666666669,276.5416666666667,9.816666666666666,8.570833333333333,73.20833333333333,59.875
2025-04-18,37.516666666666666,17.254166666666666,269.9166666666667,9.375,9.675,92.91666666666669,59.91666666666666
2025-04-19,209.775,52.29583333333333,314.2083333333333,9.866666666666664,10.983333333333334,105.5,82.0
2025-04-20,183.675,51.3875,454.0,14.8,11.745833333333332,99.625,152.95833333333334
2025-04-21,135.11249999999998,45.1,471.9166666666667,18.116666666666667,15.545833333333334,100.91666666666669,127.375
2025-04-22,89.41666666666667,34.65,532.8333333333334,19.945833333333333,16.170833333333334,97.08333333333331,117.66666666666669
2025-04-23,81.21249999999999,28.83333333333333,440.0416666666667,17.129166666666666,12.283333333333331,88.29166666666667,90.875
2025-04-24,44.59583333333333,20.9,383.5833333333333,14.533333333333331,11.075,96.0,81.33333333333333
2025-04-25,54.17083333333333,22.504166666666663,405.2083333333333,14.720833333333331,11.479166666666666,86.33333333333333,71.04166666666667
2025-04-26,69.31666666666666,25.85,369.7083333333333,18.104166666666668,12.7,96.16666666666669,80.58333333333333
2025-04-27,71.2625,28.2125,409.0416666666667,18.65833333333333,11.758333333333333,79.54166666666667,85.04166666666667
2025-04-28,47.9,22.23333333333333,367.8333333333333,15.3625,10.283333333333331,83.0,79.20833333333333
2025-04-29,20.39583333333333,13.508333333333333,322.3333333333333,12.870833333333332,8.758333333333333,90.45833333333331,62.958333333333336
2025-04-30,24.425,14.645833333333334,294.75,11.1125,8.870833333333334,82.08333333333333,55.125
2025-05-01,25.241666666666664,15.679166666666667,282.0833333333333,10.008333333333336,9.066666666666666,81.79166666666667,56.16666666666666
2025-05-02,27.354166666666668,16.495833333333334,271.1666666666667,10.395833333333334,9.570833333333333,77.54166666666667,58.708333333333336
2025-05-03,31.308333333333334,17.333333333333332,305.0833333333333,14.925,11.845833333333331,80.95833333333333,62.083333333333336
2025-05-04,30.883333333333336,18.741666666666667,351.4583333333333,14.0625,11.095833333333331,82.45833333333333,62.208333333333336
2025-05-05,69.09166666666667,25.96666666666667,525.5,17.5125,14.516666666666666,84.375,68.58333333333333
2025-05-06,93.61666666666667,36.06666666666667,492.625,25.5625,21.879166666666663,83.16666666666667,100.91666666666669
2025-05-07,53.84166666666667,21.8875,397.125,15.641666666666666,21.22083333333333,74.66666666666667,88.58333333333333
2025-05-08,47.04583333333333,21.325,313.5416666666667,18.995833333333334,17.208333333333332,53.79166666666666,71.125
2025-05-09,70.41250000000001,28.429166666666664,341.0,16.466666666666665,18.016666666666666,63.16666666666666,76.91666666666667
2025-05-10,69.45,29.58333333333333,275.8333333333333,13.6,16.879166666666666,70.54166666666667,85.75
2025-05-11,77.57083333333334,33.90833333333333,259.2916666666667,10.458333333333334,13.245833333333332,77.08333333333333,88.29166666666667
2025-05-12,75.21249999999999,30.666666666666668,240.25,9.25,12.079166666666666,86.66666666666667,102.625
2025-05-13,37.4375,19.64583333333333,244.75,9.6875,12.2,85.41666666666667,72.375
2025-05-14,45.25833333333333,22.504166666666663,294.3333333333333,12.629166666666668,13.304166666666667,83.0,69.16666666666667
2025-05-15,44.94166666666666,21.754166666666663,314.8333333333333,15.566666666666668,13.670833333333334,80.66666666666667,73.25
2025-05-16,37.31666666666667,19.516666666666666,289.0,14.470833333333331,12.35,72.83333333333333,69.0
2025-05-17,37.87083333333333,18.4125,250.20833333333331,12.541666666666666,13.095833333333331,66.04166666666667,64.66666666666667
2025-05-18,33.737500000000004,16.883333333333333,256.0833333333333,11.8125,14.391666666666666,62.083333333333336,63.125
2025-05-19,40.04583333333333,18.475,222.625,11.391666666666666,13.004166666666668,58.125,60.25
2025-05-20,69.88333333333334,23.04583333333333,208.41666666666663,8.483333333333333,12.091666666666669,62.625,68.875
2025-05-21,105.09583333333336,27.40833333333333,218.95833333333331,8.9125,13.270833333333334,70.20833333333333,76.95833333333333
2025-05-22,83.22500000000001,22.941666666666663,221.79166666666663,10.1125,12.8875,65.29166666666667,80.45833333333333
2025-05-23,54.175,18.754166666666663,211.66666666666663,10.4625,11.433333333333332,64.83333333333333,68.70833333333333
2025-05-24,57.24583333333334,21.72083333333333,209.125,8.737499999999999,11.541666666666666,67.70833333333333,65.33333333333333
2025-05-25,68.5625,27.67083333333333,213.08333333333331,8.670833333333333,11.591666666666669,67.08333333333333,77.20833333333333
2025-05-26,62.32083333333333,28.39583333333333,222.375,10.029166666666669,12.158333333333331,67.33333333333333,84.95833333333333
2025-05-27,47.43333333333334,22.8625,211.83333333333331,8.291666666666666,10.675,66.54166666666667,79.0
2025-05-28,67.37916666666666,26.77916666666667,275.0833333333333,11.329166666666666,12.9125,75.5,76.58333333333333
2025-05-29,126.7875,33.958333333333336,386.5,12.829166666666666,12.7625,94.66666666666669,88.58333333333333
2025-05-30,149.11666666666665,38.17916666666667,256.9166666666667,9.083333333333334,7.695833333333333,97.95833333333331,104.5
2025-05-31,136.88333333333333,35.00416666666667,234.41666666666663,7.0625,8.3375,87.79166666666667,101.58333333333331
2025-06-01,141.975,36.333333333333336,289.375,9.583333333333334,9.345833333333331,83.0,98.25
2025-06-02,188.15833333333333,43.34166666666667,253.58333333333331,8.979166666666666,10.191666666666666,82.91666666666667,110.66666666666669
2025-06-03,90.02083333333333,29.6125,245.875,8.170833333333333,9.275,82.83333333333333,106.45833333333331
2025-06-04,84.20416666666667,29.2,217.625,8.666666666666666,11.15,77.0,91.0
2025-06-05,72.89583333333333,24.416666666666668,211.5,8.991666666666667,11.854166666666666,67.16666666666667,79.29166666666667
2025-06-06,65.8125,25.3875,197.25,8.575000000000001,11.825,68.875,78.04166666666667
2025-06-07,67.27083333333333,24.308333333333334,187.375,7.904166666666666,10.4,70.29166666666667,78.125
2025-06-08,53.30416666666667,21.95,194.0,7.708333333333333,10.495833333333334,75.75,72.45833333333333
2025-06-09,50.145833333333336,22.554166666666664,191.08333333333331,8.104166666666666,10.4375,71.125,73.45833333333333
2025-06-10,48.1875,20.77083333333333,196.45833333333331,7.070833333333333,9.775,71.29166666666667,68.83333333333333
2025-06-11,48.083333333333336,21.5375,199.83333333333331,7.541666666666667,10.495833333333334,70.04166666666667,69.875
2025-06-12,35.604166666666664,17.558333333333334,197.125,8.095833333333333,10.933333333333332,67.625,67.70833333333333
2025-06-13,52.88333333333333,20.1625,242.125,10.7,12.420833333333334,71.625,61.79166666666666
2025-06-14,105.69583333333333,31.058333333333334,308.8333333333333,13.820833333333333,14.579166666666666,77.125,77.25
2025-06-15,126.3625,34.050000000000004,339.3333333333333,15.8125,14.825,70.83333333333333,95.29166666666669
2025-06-16,117.09583333333336,40.54583333333333,339.5,27.64583333333333,27.73333333333333,74.91666666666667,106.41666666666669
2025-06-17,100.62083333333334,33.025,289.4583333333333,16.291666666666668,14.9875,70.875,107.04166666666669
2025-06-18,47.85833333333333,22.0,214.45833333333331,7.274999999999999,10.433333333333334,73.20833333333333,81.58333333333333
2025-06-19,48.395833333333336,20.3625,197.91666666666663,6.083333333333333,8.154166666666667,65.625,69.625
2025-06-20,50.9625,21.15833333333333,224.66666666666663,7.508333333333333,8.612499999999999,63.333333333333336,67.25
2025-06-21,43.6,20.054166666666667,226.25,8.362499999999999,9.966666666666669,61.91666666666666,69.375
2025-06-22,57.23333333333333,23.133333333333336,245.125,10.458333333333334,11.758333333333333,64.91666666666667,69.83333333333333
2025-06-23,64.375,26.604166666666668,241.33333333333331,11.0125,13.1125,66.0,75.66666666666667
2025-06-24,85.29583333333333,30.3125,260.9166666666667,10.979166666666666,14.1125,68.25,86.79166666666667
2025-06-25,83.03333333333333,32.25,367.2083333333333,16.304166666666667,17.129166666666666,66.16666666666667,91.91666666666669
2025-06-26,96.225,30.058333333333334,409.625,17.104166666666668,18.091666666666665,56.25,91.91666666666669
2025-06-27,71.84166666666667,34.27916666666667,502.0416666666667,26.825,20.9375,69.58333333333333,88.25
2025-06-28,46.74583333333334,23.02083333333333,436.8333333333333,16.845833333333335,14.379166666666668,79.58333333333333,87.79166666666667
2025-06-29,26.429166666666664,15.125,332.5416666666667,16.441666666666666,14.920833333333334,67.66666666666667,67.70833333333333
2025-06-30,61.583333333333336,24.4125,257.3333333333333,12.254166666666668,11.0125,57.125,65.66666666666667
2025-07-01,56.770833333333336,23.42083333333333,246.5,10.929166666666667,10.816666666666668,53.875,73.70833333333333
2025-07-02,68.82083333333334,23.075,250.08333333333331,11.520833333333334,11.95,53.458333333333336,73.08333333333333
2025-07-03,84.2375,27.691666666666663,322.25,16.370833333333334,16.462500000000002,48.79166666666666,78.79166666666667
2025-07-04,84.57916666666667,29.058333333333334,286.5416666666667,16.554166666666667,15.9,50.625,84.04166666666667
2025-07-05,93.98333333333332,33.27916666666667,242.29166666666663,11.195833333333333,12.741666666666667,68.16666666666667,91.91666666666669
2025-07-06,77.71249999999999,27.9875,228.54166666666663,11.658333333333331,12.558333333333332,69.58333333333333,88.66666666666667
2025-07-07,92.66666666666669,33.829166666666666,313.7916666666667,19.4125,19.6,60.5,91.16666666666669
2025-07-08,100.04583333333332,34.800000000000004,312.8333333333333,16.554166666666667,17.958333333333332,70.5,95.45833333333331
2025-07-09,91.84583333333336,32.604166666666664,265.25,15.475,15.379166666666665,58.5,97.70833333333331
2025-07-10,99.40416666666664,32.37916666666667,270.4166666666667,16.195833333333333,14.8875,53.833333333333336,92.54166666666669
2025-07-11,76.96666666666667,27.9875,259.0416666666667,15.391666666666666,15.208333333333334,52.5,91.70833333333331
2025-07-12,73.87083333333334,25.47083333333333,233.08333333333331,12.7625,12.85,55.458333333333336,80.5
2025-07-13,79.7625,24.620833333333334,223.625,9.770833333333334,11.295833333333334,60.5,76.58333333333333
2025-07-14,85.36666666666667,25.2125,220.0,9.0375,11.220833333333331,64.66666666666667,77.45833333333333
2025-07-15,82.0625,29.2875,234.16666666666663,11.591666666666669,13.304166666666667,59.91666666666666,81.79166666666667
2025-07-16,74.47083333333333,27.85833333333333,242.875,11.620833333333332,12.483333333333334,56.375,86.45833333333333
2025-07-17,76.37916666666666,28.15833333333333,254.875,11.320833333333333,13.8375,54.91666666666666,85.75
2025-07-18,68.875,26.008333333333336,248.54166666666663,10.5625,14.491666666666667,56.125,80.79166666666667
2025-07-19,66.14583333333333,25.041666666666668,206.91666666666663,8.566666666666666,12.645833333333334,56.833333333333336,78.41666666666667
2025-07-20,65.22500000000001,25.316666666666663,250.625,10.904166666666669,13.908333333333331,50.91666666666666,77.91666666666667
2025-07-21,67.70833333333333,28.558333333333334,264.4166666666667,13.316666666666668,14.475,54.333333333333336,80.08333333333333
2025-07-22,66.30416666666666,27.454166666666666,232.04166666666663,10.641666666666667,11.883333333333333,56.5,86.0
2025-07-23,60.1625,23.741666666666664,221.70833333333331,8.137500000000001,8.920833333333333,57.708333333333336,79.0
2025-07-24,63.44583333333333,25.8875,246.29166666666663,9.0875,10.7125,60.66666666666666,75.625
2025-07-25,65.19166666666666,24.27083333333333,249.625,10.270833333333334,11.829166666666666,60.375,79.0
2025-07-26,72.40416666666667,26.391666666666666,233.20833333333331,9.4625,11.404166666666669,64.0,77.58333333333333
2025-07-27,67.94583333333334,26.1625,222.95833333333331,9.295833333333333,11.329166666666666,63.25,82.41666666666667
2025-07-28,68.54583333333333,22.391666666666666,218.33333333333331,7.966666666666666,9.741666666666667,61.0,75.41666666666667
2025-07-29,53.97083333333333,20.3375,202.20833333333331,7.175,8.362499999999999,59.375,69.91666666666667
2025-07-30,65.79166666666667,24.4875,222.75,8.391666666666667,9.8375,59.16666666666666,71.0
2025-07-31,74.75416666666666,26.92083333333333,252.25,11.120833333333332,12.0625,56.25,80.25
2025-08-01,59.18333333333334,23.2125,244.04166666666663,11.0125,11.120833333333332,52.958333333333336,77.29166666666667
2025-08-02,62.00416666666666,21.64583333333333,230.83333333333331,11.820833333333333,10.675,50.66666666666666,73.25
2025-08-03,60.43333333333334,20.679166666666667,233.45833333333331,9.7,10.933333333333332,57.5,69.375
2025-08-04,49.76666666666667,18.120833333333334,218.04166666666663,10.079166666666667,10.35,55.333333333333336,64.95833333333333
2025-08-05,47.26666666666667,19.229166666666668,223.375,9.683333333333334,9.233333333333333,53.04166666666666,63.708333333333336
2025-08-06,50.0625,20.9375,246.95833333333331,9.4,9.970833333333331,53.5,67.33333333333333
2025-08-07,50.68333333333334,21.566666666666663,251.0,10.825,11.083333333333334,52.708333333333336,70.33333333333333
2025-08-08,42.59166666666667,18.65,223.04166666666663,8.7125,9.754166666666666,53.66666666666666,68.20833333333333
2025-08-09,39.275,17.291666666666668,212.125,8.820833333333333,10.091666666666669,50.25,61.66666666666666
2025-08-10,43.3125,19.4125,214.25,8.879166666666666,10.341666666666669,50.208333333333336,63.083333333333336
2025-08-11,46.84166666666667,19.3875,223.33333333333331,8.9125,9.2375,45.708333333333336,66.33333333333333
2025-08-12,39.62083333333333,18.741666666666667,223.95833333333331,8.512500000000001,8.941666666666666,46.375,64.625
2025-08-13,46.5875,21.433333333333334,265.4166666666667,11.166666666666666,11.808333333333332,47.79166666666666,68.375
2025-08-14,50.8375,21.78333333333333,396.2083333333333,17.958333333333332,16.391666666666666,41.16666666666666,70.58333333333333
2025-08-15,69.17083333333333,27.40416666666667,471.875,20.954166666666666,20.9,53.25,75.95833333333333
2025-08-16,64.25833333333334,27.879166666666663,323.1666666666667,21.20833333333333,21.791666666666668,61.458333333333336,83.66666666666667
2025-08-17,46.9,23.041666666666668,329.4166666666667,17.591666666666665,18.48333333333333,62.25,78.45833333333333
2025-08-18,40.16666666666666,25.504166666666663,470.4583333333333,21.620833333333334,19.5375,72.0,80.79166666666667
2025-08-19,45.56666666666666,28.008333333333336,416.625,26.825,18.354166666666668,64.29166666666667,79.79166666666667
2025-08-20,35.725,29.1125,1137.5833333333333,23.25,13.683333333333332,86.91666666666667,89.91666666666667
2025-08-21,31.39583333333333,25.754166666666663,1403.3333333333333,33.170833333333334,19.0,54.125,87.20833333333333
2025-08-22,32.24583333333333,24.766666666666666,359.25,26.225,17.6125,67.45833333333333,80.41666666666667
2025-08-23,50.76666666666667,25.2625,254.25,10.4,9.5125,57.958333333333336,73.58333333333333
2025-08-24,55.6625,22.133333333333336,250.45833333333331,10.825,9.708333333333334,52.375,74.54166666666667
2025-08-25,65.05416666666666,22.370833333333334,297.4583333333333,13.983333333333334,12.879166666666668,47.708333333333336,71.08333333333333
2025-08-26,85.5,26.6,334.2916666666667,16.224999999999998,13.7,44.875,75.83333333333333
2025-08-27,73.57916666666667,27.65,306.4166666666667,15.629166666666668,13.429166666666667,48.875,83.58333333333333
2025-08-28,73.41250000000001,29.275,291.5833333333333,13.825,13.404166666666669,54.0,82.875
2025-08-29,90.24583333333334,33.40416666666667,324.375,14.9375,13.858333333333333,55.583333333333336,90.79166666666669
2025-08-30,100.82916666666668,39.37916666666667,324.875,18.2875,16.016666666666666,54.41666666666666,104.0
2025-08-31,78.93333333333334,28.8,252.04166666666663,13.920833333333334,13.066666666666668,53.04166666666666,100.375
2025-09-01,54.770833333333336,22.866666666666664,222.04166666666663,10.729166666666666,9.929166666666667,54.708333333333336,76.91666666666667
2025-09-02,54.75416666666666,25.9375,253.79166666666663,12.4125,11.5625,55.083333333333336,75.70833333333333
2025-09-03,65.41250000000001,31.433333333333334,271.25,17.037499999999998,14.158333333333331,51.708333333333336,86.25
2025-09-04,63.97083333333333,26.90416666666667,254.70833333333331,15.195833333333333,14.516666666666666,54.79166666666666,87.625
2025-09-05,54.3625,25.9875,254.16666666666663,12.858333333333334,13.116666666666667,61.208333333333336,78.66666666666667
2025-09-06,54.925,27.070833333333336,229.33333333333331,13.066666666666668,11.933333333333332,56.333333333333336,82.25
2025-09-07,44.3625,23.166666666666668,231.83333333333331,12.145833333333334,11.5,55.25,77.04166666666667
2025-09-08,50.0625,25.77916666666667,315.7916666666667,18.3375,13.170833333333334,46.458333333333336,77.41666666666667
2025-09-09,35.5125,21.20833333333333,313.8333333333333,25.48333333333333,13.004166666666668,38.458333333333336,78.125
2025-09-10,35.375,18.320833333333333,381.7916666666667,21.604166666666668,11.858333333333333,34.875,60.75
2025-09-11,32.97083333333333,17.204166666666666,398.5,19.620833333333334,13.129166666666668,35.583333333333336,67.16666666666667
2025-09-12,26.4125,14.370833333333332,330.4166666666667,16.412499999999998,12.270833333333334,36.16666666666666,55.583333333333336
2025-09-13,23.47083333333333,13.704166666666666,310.2083333333333,16.316666666666666,12.85,37.79166666666666,55.0
2025-09-14,21.5375,12.504166666666668,248.25,12.083333333333334,10.933333333333332,41.875,52.0
2025-09-15,25.15833333333333,13.608333333333334,236.66666666666663,9.775,9.0125,41.333333333333336,51.41666666666666
2025-09-16,36.78333333333333,16.933333333333334,264.5,11.979166666666666,9.679166666666667,39.583333333333336,55.458333333333336
2025-09-17,60.02916666666667,22.879166666666663,353.2083333333333,16.9375,13.991666666666667,40.79166666666666,66.75
2025-09-18,77.60000000000001,27.025,344.5833333333333,19.725,14.3875,44.41666666666666,77.0
2025-09-19,90.99583333333334,28.475,316.5,19.391666666666666,13.783333333333331,40.75,84.83333333333333
2025-09-20,77.69166666666666,26.504166666666663,301.7916666666667,20.0,13.170833333333334,36.5,83.5
2025-09-21,70.12083333333334,24.225,262.25,17.1375,12.5625,39.91666666666666,79.29166666666667
2025-09-22,48.9625,20.029166666666665,239.95833333333331,12.816666666666668,11.241666666666667,47.5,71.91666666666667
2025-09-23,38.5375,18.2,231.54166666666663,12.245833333333332,10.858333333333334,47.583333333333336,62.833333333333336
2025-09-24,50.91666666666666,21.9375,271.0833333333333,14.5125,11.3,42.625,67.83333333333333
2025-09-25,56.81666666666666,25.354166666666668,339.9166666666667,18.2375,14.258333333333333,42.66666666666666,73.70833333333333
2025-09-26,58.4875,29.854166666666668,404.625,23.866666666666664,17.533333333333335,48.16666666666666,85.58333333333333
2025-09-27,35.625,22.2875,323.8333333333333,22.166666666666668,17.2375,53.91666666666666,79.45833333333333
2025-09-28,43.00833333333333,24.854166666666668,271.3333333333333,17.691666666666666,14.641666666666666,59.958333333333336,71.25
2025-09-29,47.025,31.879166666666663,556.2916666666666,25.816666666666663,14.383333333333333,77.70833333333333,88.45833333333333
2025-09-30,42.391666666666666,30.1625,855.75,33.3875,14.595833333333331,66.0,97.20833333333331
2025-10-01,17.516666666666666,16.533333333333335,617.7083333333334,13.691666666666668,9.108333333333333,77.91666666666667,75.0
2025-10-02,15.154166666666669,11.966666666666669,573.4583333333334,11.675,8.1625,67.70833333333333,53.41666666666666
2025-10-03,12.7375,9.3,503.0416666666667,10.9125,7.891666666666667,58.958333333333336,41.66666666666666
2025-10-04,19.7875,13.583333333333334,505.6666666666667,16.216666666666665,10.875,45.25,46.583333333333336
2025-10-05,21.070833333333333,14.5125,322.5416666666667,12.879166666666668,11.0,57.833333333333336,55.16666666666666
2025-10-06,119.35,33.579166666666666,276.5,9.345833333333331,8.854166666666666,78.625,69.04166666666667
2025-10-07,148.92083333333332,36.73333333333333,528.4166666666666,17.283333333333335,14.004166666666668,67.41666666666667,98.625
2025-10-08,119.3625,41.6,613.4166666666666,33.19166666666667,22.320833333333336,56.625,115.91666666666669
2025-10-09,100.59583333333336,40.53333333333333,629.625,30.0125,21.09583333333333,61.458333333333336,115.5
2025-10-10,81.70416666666667,38.85833333333333,582.5,27.383333333333336,19.225,68.375,108.625
2025-10-11,74.15416666666667,41.454166666666666,727.3333333333334,27.45833333333333,19.73333333333333,74.16666666666667,112.20833333333331
2025-10-12,60.275,38.38333333333333,582.9166666666666,24.3,18.883333333333333,86.0,113.79166666666669
2025-10-13,52.0,38.28333333333333,603.5833333333334,22.254166666666663,16.25,88.95833333333333,109.08333333333331
2025-10-14,43.958333333333336,35.1625,526.7916666666666,22.579166666666666,16.2625,90.625,108.45833333333331
2025-10-15,33.61666666666667,29.354166666666668,524.125,21.59166666666667,16.016666666666666,99.33333333333331,99.04166666666669
2025-10-16,32.487500000000004,29.2,637.5,25.17083333333333,18.5375,101.625,97.54166666666669
2025-10-17,38.97916666666666,32.479166666666664,693.5416666666666,30.995833333333334,19.995833333333334,99.45833333333331,103.375
2025-10-18,38.5125,32.4125,739.125,31.21666666666667,21.3375,101.04166666666669,103.83333333333331
2025-10-19,35.05416666666667,27.48333333333333,621.5833333333334,26.75,19.0,92.875,96.66666666666669
2025-10-20,30.433333333333334,24.10833333333333,595.75,28.604166666666668,18.008333333333333,89.66666666666667,86.58333333333333
2025-10-21,40.35,33.78333333333333,886.6666666666666,37.333333333333336,19.933333333333334,77.95833333333333,85.54166666666667
2025-10-22,43.60833333333333,36.17083333333333,702.25,32.325,16.120833333333334,91.83333333333331,108.25
2025-10-23,49.90416666666667,38.770833333333336,902.75,43.895833333333336,18.191666666666663,82.25,106.375
2025-10-24,41.85,36.704166666666666,1223.25,52.9625,21.52083333333333,75.66666666666667,111.375
2025-10-25,31.0,27.225,1102.4166666666667,36.4,14.6875,84.54166666666667,100.66666666666669
2025-10-26,25.675,22.8125,571.2916666666666,19.075,11.345833333333331,100.79166666666669,81.95833333333333
2025-10-27,28.954166666666666,24.95833333333333,506.5416666666667,13.75,10.783333333333331,105.16666666666669,78.41666666666667
2025-10-28,41.329166666666666,34.65,500.4583333333333,11.3875,13.058333333333332,115.04166666666669,91.54166666666669
2025-10-29,39.09583333333333,35.025,469.7916666666667,12.0625,11.470833333333331,100.20833333333331,108.20833333333331
2025-10-30,36.16666666666666,31.92083333333333,464.75,15.208333333333334,11.091666666666669,91.91666666666669,89.625
2025-10-31,68.83333333333333,55.725,929.0416666666666,28.83333333333333,19.4625,89.0,107.125
2025-11-01,82.17916666666666,72.42083333333333,1176.8333333333333,50.03333333333333,24.84166666666667,68.66666666666667,157.91666666666666
2025-11-02,61.37916666666666,54.9,963.5,43.21666666666667,26.945833333333336,70.54166666666667,155.58333333333334
2025-11-03,56.49166666666667,33.170833333333334,710.7916666666666,23.4375,14.116666666666667,60.375,115.625
2025-11-04,45.04166666666666,28.0375,452.875,22.21666666666667,12.620833333333335,69.41666666666667,88.125
2025-11-05,44.78333333333333,31.83333333333333,984.6666666666666,35.858333333333334,13.616666666666667,65.5,82.16666666666667
2025-11-06,67.56666666666666,52.15,1097.2916666666667,48.85,26.75,73.125,124.79166666666669
2025-11-07,61.50833333333333,43.66666666666666,796.4583333333334,34.07083333333333,19.5375,74.08333333333333,132.79166666666666
2025-11-08,55.75,42.44583333333333,936.0833333333334,30.425,17.962500000000002,73.25,114.41666666666669
2025-11-09,70.74583333333334,43.54166666666666,1460.0416666666667,38.6875,22.979166666666668,51.333333333333336,124.54166666666669
2025-11-10,48.025,35.0125,1276.0,41.15416666666667,23.079166666666666,53.375,106.83333333333331
2025-11-11,48.5,41.225,1232.25,47.5125,30.45,55.958333333333336,110.375
2025-11-12,37.895833333333336,31.22083333333333,819.25,39.43333333333333,25.2375,65.45833333333333,101.66666666666669
2025-11-13,38.175,27.47083333333333,778.9166666666666,29.77916666666667,25.4,79.125,89.79166666666667
2025-11-14,34.7625,27.64583333333333,808.125,33.6,23.9625,68.91666666666667,87.20833333333333
2025-11-15,34.15833333333333,29.575,875.0833333333334,40.05416666666667,25.225,64.83333333333333,86.16666666666667
2025-11-16,31.495833333333334,30.929166666666664,1228.5833333333333,46.45416666666667,24.375,71.125,90.58333333333331
2025-11-17,34.69583333333333,34.166666666666664,1008.7083333333334,48.020833333333336,33.00833333333333,79.75,104.16666666666669
2025-11-18,44.12083333333334,41.9125,781.0,42.60416666666666,32.34583333333333,78.58333333333333,112.25
2025-11-19,44.0875,41.47083333333333,810.9583333333334,40.725,30.620833333333334,73.75,117.91666666666669
2025-11-20,36.725,35.56666666666667,801.4166666666666,31.7625,30.129166666666663,84.16666666666667,111.16666666666669
2025-11-21,40.9875,40.09166666666667,956.5416666666666,41.766666666666666,33.3125,72.08333333333333,105.75
2025-11-22,59.1625,55.25833333333333,1009.5416666666666,43.88333333333333,30.60833333333333,80.20833333333333,130.04166666666666
2025-11-23,72.97500000000001,65.78333333333333,1134.4583333333333,48.74583333333334,33.47083333333333,68.58333333333333,153.75
2025-11-24,51.7375,48.92083333333333,1151.0833333333333,48.59583333333333,25.5875,60.66666666666666,148.625
2025-11-25,40.37916666666667,38.79166666666666,720.4583333333334,25.945833333333336,19.0625,90.625,121.16666666666669
2025-11-26,39.6125,38.55,862.375,26.620833333333334,18.625,92.25,111.83333333333331
2025-11-27,34.63333333333333,33.675000000000004,617.7083333333334,16.075,16.183333333333334,103.5,98.58333333333331
2025-11-28,38.52916666666667,37.54166666666666,704.5,16.441666666666666,20.42083333333333,111.29166666666669,97.95833333333331
2025-11-29,41.7125,40.77916666666667,797.2916666666666,19.541666666666668,23.7125,112.625,113.16666666666669
2025-11-30,36.275,35.729166666666664,915.2916666666666,32.06666666666667,28.129166666666663,92.375,107.16666666666669
2025-12-01,34.975,30.058333333333334,1097.625,42.7125,23.47083333333333,54.91666666666666,96.83333333333331
2025-12-02,49.65,40.03333333333333,1257.2083333333333,49.76666666666667,35.854166666666664,62.79166666666666,91.375
2025-12-03,27.225,25.77083333333333,664.0,24.370833333333334,15.7875,85.66666666666667,102.45833333333331
2025-12-04,26.675,25.925,752.25,19.90833333333333,17.474999999999998,90.04166666666667,79.45833333333333
2025-12-05,22.229166666666668,22.04583333333333,1134.6666666666667,27.53333333333333,18.35833333333333,78.375,75.0
2025-12-06,25.195833333333336,25.0,720.2916666666666,21.17083333333333,14.9,80.75,71.29166666666667
2025-12-07,45.925,45.60833333333333,928.0833333333334,33.69583333333333,22.0125,70.75,104.66666666666669
2025-12-08,30.2375,29.925,931.7083333333334,31.891666666666666,16.7625,71.25,110.625
2025-12-09,29.225,27.791666666666668,1244.1666666666667,34.025,23.85833333333333,74.75,81.33333333333333
2025-12-10,30.1125,29.77083333333333,1229.4166666666667,49.17916666666667,32.229166666666664,56.333333333333336,89.20833333333333
2025-12-11,28.98333333333333,25.579166666666666,1121.5,42.10416666666666,26.47083333333333,62.375,82.54166666666667
2025-12-12,29.633333333333336,26.54583333333333,842.625,39.91666666666666,21.71666666666667,54.66666666666666,82.29166666666667
2025-12-13,25.375,23.23333333333333,936.625,34.67916666666667,21.3625,60.958333333333336,75.91666666666667
2025-12-14,40.60416666666666,37.125,1077.875,47.24166666666667,31.766666666666666,56.29166666666666,80.54166666666667
2025-12-15,61.24583333333334,57.43333333333334,924.2916666666666,28.725,20.383333333333333,85.95833333333333,138.83333333333334
2025-12-16,52.82083333333333,50.30416666666667,957.1666666666666,13.916666666666666,20.054166666666667,107.375,140.66666666666666
2025-12-17,52.26666666666667,50.1125,1051.6666666666667,23.375,25.28333333333333,99.04166666666669,141.70833333333334
2025-12-18,45.95416666666667,43.39166666666667,1180.125,40.0875,32.2875,82.91666666666667,114.25
2025-12-19,51.73333333333333,49.458333333333336,1752.4166666666667,47.075,30.17083333333333,81.29166666666667,131.16666666666666
2025-12-20,61.26666666666667,59.3,1492.625,54.958333333333336,34.94583333333333,72.75,149.91666666666666
2025-12-21,44.0375,33.987500000000004,952.7083333333334,32.95,19.479166666666668,58.708333333333336,132.83333333333334
2025-12-22,46.13333333333333,35.30416666666667,787.5,35.916666666666664,20.666666666666668,64.79166666666667,79.25
2025-12-23,57.9875,53.18333333333334,800.9583333333334,22.46666666666667,22.9625,91.375,141.83333333333334
2025-12-24,44.75833333333333,38.00833333333333,861.875,34.44166666666667,21.7,72.08333333333333,108.66666666666669
2025-12-25,47.15833333333333,44.01666666666667,972.8333333333334,46.87916666666666,36.7375,61.91666666666666,121.04166666666669
2025-12-26,42.454166666666666,39.86666666666667,964.4583333333334,38.3375,32.71666666666667,63.708333333333336,113.125
2025-12-27,51.54166666666666,49.38333333333333,954.75,55.15833333333333,32.5,69.41666666666667,122.375
2025-12-28,41.775,41.16666666666666,974.7916666666666,49.1375,33.55833333333333,70.45833333333333,121.66666666666669
2025-12-29,47.6,46.64166666666667,1040.875,37.49583333333333,33.362500000000004,83.45833333333333,128.45833333333334
2025-12-30,48.90416666666667,46.458333333333336,1119.875,27.979166666666668,20.529166666666665,75.75,127.0
2025-12-31,31.6375,20.204166666666666,627.9166666666666,26.504166666666663,15.195833333333333,65.16666666666667,95.45833333333331
2026-01-01,64.73333333333333,50.875,951.375,41.083333333333336,23.554166666666664,62.208333333333336,89.91666666666667
2026-01-02,78.375,56.69583333333333,1000.8333333333334,45.85416666666666,27.075,62.458333333333336,149.25
2026-01-03,67.83333333333333,53.375,1212.7916666666667,48.01666666666667,30.704166666666666,67.125,149.125
2026-01-04,97.14583333333331,60.01666666666667,1132.5833333333333,41.80833333333333,30.441666666666663,64.29166666666667,151.625
2026-01-05,87.31666666666666,57.57916666666667,1032.9583333333333,48.15416666666667,29.891666666666666,71.625,147.66666666666666
2026-01-06,46.18333333333334,38.0875,743.8333333333334,20.4,14.166666666666666,91.33333333333331,137.875
2026-01-07,46.30416666666667,41.40833333333333,648.1666666666666,15.154166666666669,14.575,99.58333333333331,115.33333333333331
2026-01-08,31.166666666666668,30.03333333333333,687.25,16.170833333333334,13.675,97.04166666666669,100.95833333333331
2026-01-09,25.34583333333333,23.975,917.0,24.6875,16.358333333333334,89.29166666666667,81.29166666666667
2026-01-10,30.325,28.8125,940.875,27.641666666666666,20.875,89.58333333333333,76.04166666666667
2026-01-11,37.68333333333333,35.56666666666667,784.5,20.1,15.2875,90.04166666666667,99.875
2026-01-12,52.32916666666667,50.06666666666666,1271.4166666666667,40.40833333333334,25.5625,87.5,110.58333333333331
2026-01-13,44.46666666666667,42.84583333333333,1513.9166666666667,46.77916666666667,26.570833333333336,70.66666666666667,130.66666666666666
2026-01-14,49.1125,42.520833333333336,1540.3333333333333,41.22083333333333,21.8875,54.91666666666666,131.5
2026-01-15,40.770833333333336,33.80416666666667,1272.9166666666667,37.29166666666666,19.0625,57.04166666666666,97.58333333333331
2026-01-16,49.57083333333333,40.30416666666667,1285.7083333333333,45.645833333333336,22.120833333333334,48.583333333333336,112.70833333333331
2026-01-17,55.8875,29.3875,600.5833333333334,25.870833333333334,14.275,70.29166666666667,91.875
2026-01-18,55.2625,33.37916666666667,1092.5416666666667,29.675,22.97083333333333,68.04166666666667,90.95833333333331
2026-01-19,86.97500000000001,41.36666666666667,1207.0,32.67916666666667,20.54583333333333,60.875,105.75
2026-01-20,61.51666666666667,33.0375,1233.625,28.820833333333336,18.516666666666666,61.875,102.45833333333331
2026-01-21,45.04583333333333,29.64583333333333,895.0,31.891666666666666,21.14583333333333,62.66666666666666,90.70833333333331
2026-01-22,59.34583333333333,30.3,758.7083333333334,31.516666666666666,15.954166666666666,55.125,92.04166666666669
2026-01-23,114.62916666666666,34.104166666666664,397.2916666666667,19.870833333333334,16.787499999999998,69.16666666666667,87.0
2026-01-24,53.32916666666667,25.991666666666664,522.4166666666666,23.47083333333333,11.766666666666666,65.91666666666667,97.83333333333331
2026-01-25,23.504166666666663,20.320833333333333,581.4166666666666,12.154166666666669,10.9875,88.79166666666667,67.45833333333333
2026-01-26,27.08333333333333,25.525,577.0416666666666,22.71666666666667,20.17083333333333,93.29166666666669,75.41666666666667
2026-01-27,23.95833333333333,19.1375,745.0416666666666,23.429166666666664,25.48333333333333,83.58333333333333,72.83333333333333
2026-01-28,38.35833333333333,34.766666666666666,1053.4583333333333,44.55833333333334,25.0625,62.91666666666666,83.16666666666667
2026-01-29,32.800000000000004,25.441666666666663,752.9583333333334,32.391666666666666,15.866666666666667,69.625,94.20833333333331
2026-01-30,31.516666666666666,23.8,701.2916666666666,29.683333333333334,18.008333333333333,83.875,71.95833333333333
2026-01-31,41.516666666666666,34.82083333333333,850.375,34.4125,24.05,83.875,97.75
2026-02-01,50.67083333333333,31.225,862.625,28.804166666666664,18.575,71.83333333333333,95.20833333333331
2026-02-02,53.725,37.47083333333333,807.2916666666666,37.17083333333333,16.879166666666666,61.958333333333336,93.04166666666669
2026-02-03,66.03333333333333,44.27916666666667,871.2916666666666,38.62916666666667,16.5125,64.29166666666667,110.58333333333331
2026-02-04,40.29583333333333,29.316666666666663,655.4583333333334,26.329166666666666,12.595833333333331,76.29166666666667,115.91666666666669
2026-02-05,45.97083333333333,39.65,831.1666666666666,30.14583333333333,19.02083333333333,85.33333333333333,86.83333333333333
2026-02-06,36.19166666666667,32.43333333333333,818.5416666666666,37.11666666666667,23.35,83.79166666666667,112.0
2026-02-07,48.88333333333333,36.3625,904.5416666666666,30.370833333333334,20.204166666666666,81.16666666666667,96.20833333333331
2026-02-08,61.91666666666666,48.85416666666666,965.8333333333334,40.02916666666667,25.620833333333334,69.91666666666667,125.0
2026-02-09,59.99166666666667,32.270833333333336,441.3333333333333,19.3875,12.129166666666668,63.833333333333336,108.58333333333331
2026-02-10,68.8125,33.65833333333333,545.5,21.7375,14.141666666666666,74.5,88.70833333333333
2026-02-11,60.77916666666667,46.875,689.5,29.9125,17.474999999999998,79.08333333333333,124.125
2026-02-12,48.23333333333333,39.1125,655.4583333333334,28.604166666666668,18.5375,89.20833333333333,107.625
2026-02-13,56.47083333333333,44.21666666666667,905.9583333333334,40.29166666666666,26.05,69.95833333333333,126.33333333333331
2026-02-14,32.59166666666667,25.7875,739.2916666666666,28.245833333333334,18.820833333333333,67.45833333333333,93.95833333333331
2026-02-15,54.07083333333333,33.25833333333333,527.1666666666666,26.354166666666668,17.329166666666666,61.458333333333336,87.375
2026-02-16,52.175,31.879166666666663,458.2083333333333,22.866666666666664,14.079166666666666,65.45833333333333,98.16666666666669
2026-02-17,51.78333333333333,30.2875,865.5416666666666,27.516666666666666,20.27083333333333,71.54166666666667,85.0
2026-02-18,51.07083333333333,31.0625,601.5416666666666,22.65833333333333,17.4875,96.45833333333331,91.45833333333331
